Symbol,Date,Signal,Confidence,Type,Condition,ATRpct,Pattern detected,Breakout
ABT,2025-12-19,Stage: Accumulation,100.0,WATCH,STAGE,,Double Bottom,Yes
ABT,2025-12-19,SELL_TGT_6w:128.9877,2.82,TARGET,SELL_TGT_6w,1.96,Double Bottom,Yes
ABT,2025-12-19,SELL_TGT_8w:128.9877,2.82,TARGET,SELL_TGT_8w,1.96,Double Bottom,Yes
ABT,2025-12-19,SELL_TGT_12w:128.4129,2.36,TARGET,SELL_TGT_12w,1.96,Double Bottom,Yes
ABT,2025-12-19,SELL_TGT_18w:128.4129,2.36,TARGET,SELL_TGT_18w,1.96,Double Bottom,Yes
ABT,2025-12-19,SELL_TGT_30w:128.4129,2.36,TARGET,SELL_TGT_30w,1.96,Double Bottom,Yes
AAL,2025-12-19,Stage: Mark-Up,85.0,WATCH,STAGE,,Double Bottom,No
AAL,2025-12-19,SELL_TGT_6w:15.9378,1.0,TARGET,SELL_TGT_6w,3.2,Double Bottom,No
AAL,2025-12-19,SELL_TGT_8w:15.9378,1.0,TARGET,SELL_TGT_8w,3.2,Double Bottom,No
AAL,2025-12-19,SELL_TGT_12w:15.9378,1.0,TARGET,SELL_TGT_12w,3.2,Double Bottom,No
AAL,2025-12-19,SELL_TGT_18w:15.9378,1.0,TARGET,SELL_TGT_18w,3.2,Double Bottom,No
AAL,2025-12-19,SELL_TGT_30w:15.9378,1.0,TARGET,SELL_TGT_30w,3.2,Double Bottom,No
SizePct
AAL,2025-12-20,Watch: Near 50-DEMA with MACD/ADX/Vol OK,45.0,WATCH,Near50,3.2,Double Bottom,No,0.0
ACEL,2025-12-19,Stage: Accumulation,85.0,WATCH,STAGE,,Double Bottom,No
ACEL,2025-12-19,SELL_TGT_6w:11.2103,0.45,TARGET,SELL_TGT_6w,2.39,Double Bottom,No
ACEL,2025-12-19,SELL_TGT_8w:11.2716,1.0,TARGET,SELL_TGT_8w,2.39,Double Bottom,No
ACEL,2025-12-19,SELL_TGT_12w:11.2716,1.0,TARGET,SELL_TGT_12w,2.39,Double Bottom,No
ACEL,2025-12-19,SELL_TGT_18w:11.2716,1.0,TARGET,SELL_TGT_18w,2.39,Double Bottom,No
ACEL,2025-12-19,SELL_TGT_30w:11.2716,1.0,TARGET,SELL_TGT_30w,2.39,Double Bottom,No
SizePct
ACEL,2025-12-20,Watch: Near 50-DEMA with MACD/ADX/Vol OK,45.0,WATCH,Near50,2.39,Double Bottom,No,0.0
ACAD,2025-12-19,Stage: Mark-Up,65.0,WATCH,STAGE,,Triple Bottom,No
ACAD,2025-12-19,SELL_TGT_6w:27.4259,0.98,TARGET,SELL_TGT_6w,3.16,Triple Bottom,No
ACAD,2025-12-19,SELL_TGT_8w:27.4259,0.98,TARGET,SELL_TGT_8w,3.16,Triple Bottom,No
ACAD,2025-12-19,SELL_TGT_12w:27.2232,0.23,TARGET,SELL_TGT_12w,3.16,Triple Bottom,No
ACAD,2025-12-19,SELL_TGT_18w:27.2232,0.23,TARGET,SELL_TGT_18w,3.16,Triple Bottom,No
ACAD,2025-12-19,SELL_TGT_30w:27.2232,0.23,TARGET,SELL_TGT_30w,3.16,Triple Bottom,No
ACIW,2025-12-19,Stage: Accumulation,85.0,WATCH,STAGE,,Double Bottom,No
ACIW,2025-12-19,SELL_TGT_6w:48.6214,1.0,TARGET,SELL_TGT_6w,2.29,Double Bottom,No
ACIW,2025-12-19,SELL_TGT_8w:48.6214,1.0,TARGET,SELL_TGT_8w,2.29,Double Bottom,No
ACIW,2025-12-19,SELL_TGT_12w:48.6214,1.0,TARGET,SELL_TGT_12w,2.29,Double Bottom,No
ACIW,2025-12-19,SELL_TGT_18w:48.6214,1.0,TARGET,SELL_TGT_18w,2.29,Double Bottom,No
ACIW,2025-12-19,SELL_TGT_30w:48.6214,1.0,TARGET,SELL_TGT_30w,2.29,Double Bottom,No
AAPL,2025-12-19,Stage: Mark-Up,85.0,WATCH,STAGE,,Double Bottom,No
AAPL,2025-12-19,SELL_TGT_6w:287.0231,4.88,TARGET,SELL_TGT_6w,1.68,Double Bottom,No
AAPL,2025-12-19,SELL_TGT_8w:287.0231,4.88,TARGET,SELL_TGT_8w,1.68,Double Bottom,No
AAPL,2025-12-19,SELL_TGT_12w:285.9586,4.49,TARGET,SELL_TGT_12w,1.68,Double Bottom,No
AAPL,2025-12-19,SELL_TGT_18w:285.9586,4.49,TARGET,SELL_TGT_18w,1.68,Double Bottom,No
AAPL,2025-12-19,SELL_TGT_30w:285.9586,4.49,TARGET,SELL_TGT_30w,1.68,Double Bottom,No
SizePct
AAPL,2025-12-20,Primary,50.0,BUY,Continuation,1.68,Double Bottom,No,2.5
AAPL,2025-12-19,Stage: Mark-Up,85.0,WATCH,STAGE,,Double Bottom,No
AAPL,2025-12-19,SELL_TGT_6w:287.0231,4.88,TARGET,SELL_TGT_6w,1.68,Double Bottom,No
AAPL,2025-12-19,SELL_TGT_8w:287.0231,4.88,TARGET,SELL_TGT_8w,1.68,Double Bottom,No
AAPL,2025-12-19,SELL_TGT_12w:285.9586,4.49,TARGET,SELL_TGT_12w,1.68,Double Bottom,No
AAPL,2025-12-19,SELL_TGT_18w:285.9586,4.49,TARGET,SELL_TGT_18w,1.68,Double Bottom,No
AAPL,2025-12-19,SELL_TGT_30w:285.9586,4.49,TARGET,SELL_TGT_30w,1.68,Double Bottom,No
SizePct
AAPL,2025-12-20,Primary,50.0,BUY,Continuation,1.68,Double Bottom,No,2.5
AAL,2025-12-19,Stage: Mark-Up,85.0,WATCH,STAGE,,Double Bottom,No
AAL,2025-12-19,SELL_TGT_6w:15.9378,1.0,TARGET,SELL_TGT_6w,3.2,Double Bottom,No
AAL,2025-12-19,SELL_TGT_8w:15.9378,1.0,TARGET,SELL_TGT_8w,3.2,Double Bottom,No
AAL,2025-12-19,SELL_TGT_12w:15.9378,1.0,TARGET,SELL_TGT_12w,3.2,Double Bottom,No
AAL,2025-12-19,SELL_TGT_18w:15.9378,1.0,TARGET,SELL_TGT_18w,3.2,Double Bottom,No
AAL,2025-12-19,SELL_TGT_30w:15.9378,1.0,TARGET,SELL_TGT_30w,3.2,Double Bottom,No
SizePct
AAL,2025-12-20,Watch: Near 50-DEMA with MACD/ADX/Vol OK,45.0,WATCH,Near50,3.2,Double Bottom,No,0.0
ACAD,2025-12-19,Stage: Mark-Up,65.0,WATCH,STAGE,,Triple Bottom,No
ACAD,2025-12-19,SELL_TGT_6w:27.4259,0.98,TARGET,SELL_TGT_6w,3.16,Triple Bottom,No
ACAD,2025-12-19,SELL_TGT_8w:27.4259,0.98,TARGET,SELL_TGT_8w,3.16,Triple Bottom,No
ACAD,2025-12-19,SELL_TGT_12w:27.2232,0.23,TARGET,SELL_TGT_12w,3.16,Triple Bottom,No
ACAD,2025-12-19,SELL_TGT_18w:27.2232,0.23,TARGET,SELL_TGT_18w,3.16,Triple Bottom,No
ACAD,2025-12-19,SELL_TGT_30w:27.2232,0.23,TARGET,SELL_TGT_30w,3.16,Triple Bottom,No
ABT,2025-12-19,Stage: Accumulation,100.0,WATCH,STAGE,,Double Bottom,Yes
ABT,2025-12-19,SELL_TGT_6w:128.9877,2.82,TARGET,SELL_TGT_6w,1.96,Double Bottom,Yes
ABT,2025-12-19,SELL_TGT_8w:128.9877,2.82,TARGET,SELL_TGT_8w,1.96,Double Bottom,Yes
ABT,2025-12-19,SELL_TGT_12w:128.4129,2.36,TARGET,SELL_TGT_12w,1.96,Double Bottom,Yes
ABT,2025-12-19,SELL_TGT_18w:128.4129,2.36,TARGET,SELL_TGT_18w,1.96,Double Bottom,Yes
ABT,2025-12-19,SELL_TGT_30w:128.4129,2.36,TARGET,SELL_TGT_30w,1.96,Double Bottom,Yes
ACIW,2025-12-19,Stage: Accumulation,85.0,WATCH,STAGE,,Double Bottom,Yes
ACIW,2025-12-19,SELL_TGT_6w:48.6214,1.0,TARGET,SELL_TGT_6w,2.29,Double Bottom,Yes
ACIW,2025-12-19,SELL_TGT_8w:48.6214,1.0,TARGET,SELL_TGT_8w,2.29,Double Bottom,Yes
ACIW,2025-12-19,SELL_TGT_12w:48.6214,1.0,TARGET,SELL_TGT_12w,2.29,Double Bottom,Yes
ACIW,2025-12-19,SELL_TGT_18w:48.6214,1.0,TARGET,SELL_TGT_18w,2.29,Double Bottom,Yes
ACIW,2025-12-19,SELL_TGT_30w:48.6214,1.0,TARGET,SELL_TGT_30w,2.29,Double Bottom,Yes
ACEL,2025-12-19,Stage: Accumulation,85.0,WATCH,STAGE,,Double Bottom,No
ACEL,2025-12-19,SELL_TGT_6w:11.2103,0.45,TARGET,SELL_TGT_6w,2.39,Double Bottom,No
ACEL,2025-12-19,SELL_TGT_8w:11.2716,1.0,TARGET,SELL_TGT_8w,2.39,Double Bottom,No
ACEL,2025-12-19,SELL_TGT_12w:11.2716,1.0,TARGET,SELL_TGT_12w,2.39,Double Bottom,No
ACEL,2025-12-19,SELL_TGT_18w:11.2716,1.0,TARGET,SELL_TGT_18w,2.39,Double Bottom,No
ACEL,2025-12-19,SELL_TGT_30w:11.2716,1.0,TARGET,SELL_TGT_30w,2.39,Double Bottom,No
SizePct
ACEL,2025-12-20,Watch: Near 50-DEMA with MACD/ADX/Vol OK,45.0,WATCH,Near50,2.39,Double Bottom,No,0.0
TALO,2025-12-19,Stage: Accumulation,65.0,WATCH,STAGE,,,No
TALO,2025-12-19,SELL_TGT_6w:12.0609,10.35,TARGET,SELL_TGT_6w,3.95,,No
TALO,2025-12-19,SELL_TGT_8w:12.0609,10.35,TARGET,SELL_TGT_8w,3.95,,No
TALO,2025-12-19,SELL_TGT_12w:11.9682,9.5,TARGET,SELL_TGT_12w,3.95,,No
TALO,2025-12-19,SELL_TGT_18w:11.9682,9.5,TARGET,SELL_TGT_18w,3.95,,No
TALO,2025-12-19,SELL_TGT_30w:11.9682,9.5,TARGET,SELL_TGT_30w,3.95,,No
THNQ,2025-12-19,Stage: Mark-Up,70.0,WATCH,STAGE,,Double Bottom,No
THNQ,2025-12-19,SELL_TGT_6w:66.3977,3.13,TARGET,SELL_TGT_6w,1.9,Double Bottom,No
THNQ,2025-12-19,SELL_TGT_8w:66.3977,3.13,TARGET,SELL_TGT_8w,1.9,Double Bottom,No
THNQ,2025-12-19,SELL_TGT_12w:66.0295,2.56,TARGET,SELL_TGT_12w,1.9,Double Bottom,No
THNQ,2025-12-19,SELL_TGT_18w:66.0295,2.56,TARGET,SELL_TGT_18w,1.9,Double Bottom,No
THNQ,2025-12-19,SELL_TGT_30w:66.0295,2.56,TARGET,SELL_TGT_30w,1.9,Double Bottom,No
SizePct
THNQ,2025-12-20,MACD Bearish below zero,50.0,SELL,MACD Bearish below zero,1.9,Double Bottom,No,2.5
SizePct
THNQ,2025-12-20,Watch: Near 50-DEMA with MACD/ADX/Vol OK,45.0,WATCH,Near50,1.9,Double Bottom,No,0.0
ACHR,2025-12-19,Stage: Accumulation,85.0,WATCH,STAGE,,,No
ACHR,2025-12-19,SELL_TGT_6w:8.7916,7.74,TARGET,SELL_TGT_6w,6.16,,No
ACHR,2025-12-19,SELL_TGT_8w:8.7916,7.74,TARGET,SELL_TGT_8w,6.16,,No
ACHR,2025-12-19,SELL_TGT_12w:8.6126,5.55,TARGET,SELL_TGT_12w,6.16,,No
ACHR,2025-12-19,SELL_TGT_18w:8.6126,5.55,TARGET,SELL_TGT_18w,6.16,,No
ACHR,2025-12-19,SELL_TGT_30w:8.6126,5.55,TARGET,SELL_TGT_30w,6.16,,No
CCJ,2025-12-19,Stage: Mark-Up,70.0,WATCH,STAGE,,Double Bottom,No
CCJ,2025-12-19,SELL_TGT_6w:94.8679,5.42,TARGET,SELL_TGT_6w,4.56,Double Bottom,No
CCJ,2025-12-19,SELL_TGT_8w:94.8679,5.42,TARGET,SELL_TGT_8w,4.56,Double Bottom,No
CCJ,2025-12-19,SELL_TGT_12w:93.7332,4.16,TARGET,SELL_TGT_12w,4.56,Double Bottom,No
CCJ,2025-12-19,SELL_TGT_18w:93.7332,4.16,TARGET,SELL_TGT_18w,4.56,Double Bottom,No
CCJ,2025-12-19,SELL_TGT_30w:93.7332,4.16,TARGET,SELL_TGT_30w,4.56,Double Bottom,No
SizePct
CCJ,2025-12-20,MACD Bearish below zero,43.8,SELL,MACD Bearish below zero,4.56,Double Bottom,No,2.19
SizePct
CCJ,2025-12-20,Watch: Near 50-DEMA with MACD/ADX/Vol OK,45.0,WATCH,Near50,4.56,Double Bottom,No,0.0
MAMA,2025-12-19,Stage: Mark-Up,85.0,WATCH,STAGE,,,No
MAMA,2025-12-19,SELL_TGT_6w:14.2006,1.0,TARGET,SELL_TGT_6w,6.11,,No
MAMA,2025-12-19,SELL_TGT_8w:14.2006,1.0,TARGET,SELL_TGT_8w,6.11,,No
MAMA,2025-12-19,SELL_TGT_12w:14.2006,1.0,TARGET,SELL_TGT_12w,6.11,,No
MAMA,2025-12-19,SELL_TGT_18w:14.2006,1.0,TARGET,SELL_TGT_18w,6.11,,No
MAMA,2025-12-19,SELL_TGT_30w:14.2006,1.0,TARGET,SELL_TGT_30w,6.11,,No
SizePct
MAMA,2025-12-20,Overbought (>27% above 200 DEMA),43.3,SELL,Overbought (>27% above 200 DEMA),6.11,-,No,2.17
SizePct
MAMA,2025-12-20,Watch: Near 50-DEMA with MACD/ADX/Vol OK,45.0,WATCH,Near50,6.11,-,No,0.0
SMLR,2025-12-19,Stage: Mark-Down,85.0,WATCH,STAGE,,,Yes
SMLR,2025-12-19,SELL_TGT_6w:20.2289,12.82,TARGET,SELL_TGT_6w,8.24,,Yes
SMLR,2025-12-19,SELL_TGT_8w:20.2289,12.82,TARGET,SELL_TGT_8w,8.24,,Yes
SMLR,2025-12-19,SELL_TGT_12w:19.7348,10.07,TARGET,SELL_TGT_12w,8.24,,Yes
SMLR,2025-12-19,SELL_TGT_18w:19.7348,10.07,TARGET,SELL_TGT_18w,8.24,,Yes
SMLR,2025-12-19,SELL_TGT_30w:19.7348,10.07,TARGET,SELL_TGT_30w,8.24,,Yes
SizePct
SMLR,2025-12-20,MACD Bearish below zero,45.1,SELL,MACD Bearish below zero,8.24,-,No,2.26
CPER,2025-12-19,Stage: Mark-Up,85.0,WATCH,STAGE,,Triple Bottom,No
CPER,2025-12-19,SELL_TGT_6w:33.936,1.0,TARGET,SELL_TGT_6w,1.93,Triple Bottom,No
CPER,2025-12-19,SELL_TGT_8w:33.936,1.0,TARGET,SELL_TGT_8w,1.93,Triple Bottom,No
CPER,2025-12-19,SELL_TGT_12w:33.936,1.0,TARGET,SELL_TGT_12w,1.93,Triple Bottom,No
CPER,2025-12-19,SELL_TGT_18w:33.936,1.0,TARGET,SELL_TGT_18w,1.93,Triple Bottom,No
CPER,2025-12-19,SELL_TGT_30w:33.936,1.0,TARGET,SELL_TGT_30w,1.93,Triple Bottom,No
SizePct
CPER,2025-12-20,Watch: Near 50-DEMA with MACD/ADX/Vol OK,45.0,WATCH,Near50,1.93,Triple Bottom,No,0.0
ALAB,2025-12-19,Stage: Mark-Up,70.0,WATCH,STAGE,,,No
ALAB,2025-12-19,SELL_TGT_6w:177.1227,7.74,TARGET,SELL_TGT_6w,8.98,,No
ALAB,2025-12-19,SELL_TGT_8w:177.1227,7.74,TARGET,SELL_TGT_8w,8.98,,No
ALAB,2025-12-19,SELL_TGT_12w:173.5179,5.55,TARGET,SELL_TGT_12w,8.98,,No
ALAB,2025-12-19,SELL_TGT_18w:173.5179,5.55,TARGET,SELL_TGT_18w,8.98,,No
ALAB,2025-12-19,SELL_TGT_30w:173.5179,5.55,TARGET,SELL_TGT_30w,8.98,,No
SizePct
ALAB,2025-12-20,Watch: Near 50-DEMA with MACD/ADX/Vol OK,45.0,WATCH,Near50,8.98,-,No,0.0
APP,2025-12-19,Stage: Mark-Up,85.0,WATCH,STAGE,,,No
APP,2025-12-19,SELL_TGT_6w:728.5837,1.0,TARGET,SELL_TGT_6w,4.77,,No
APP,2025-12-19,SELL_TGT_8w:728.5837,1.0,TARGET,SELL_TGT_8w,4.77,,No
APP,2025-12-19,SELL_TGT_12w:728.5837,1.0,TARGET,SELL_TGT_12w,4.77,,No
APP,2025-12-19,SELL_TGT_18w:728.5837,1.0,TARGET,SELL_TGT_18w,4.77,,No
APP,2025-12-19,SELL_TGT_30w:728.5837,1.0,TARGET,SELL_TGT_30w,4.77,,No
SizePct
APP,2025-12-20,Overbought (>27% above 200 DEMA),45.0,SELL,Overbought (>27% above 200 DEMA),4.77,-,No,2.25
SizePct
APP,2025-12-20,Watch: Near 50-DEMA with MACD/ADX/Vol OK,45.0,WATCH,Near50,4.77,-,No,0.0
CPAY,2025-12-19,Stage: Accumulation,85.0,WATCH,STAGE,,,Yes
CPAY,2025-12-19,SELL_TGT_6w:316.7995,2.26,TARGET,SELL_TGT_6w,2.52,,Yes
CPAY,2025-12-19,SELL_TGT_8w:316.7995,2.26,TARGET,SELL_TGT_8w,2.52,,Yes
CPAY,2025-12-19,SELL_TGT_12w:314.9591,1.66,TARGET,SELL_TGT_12w,2.52,,Yes
CPAY,2025-12-19,SELL_TGT_18w:314.9591,1.66,TARGET,SELL_TGT_18w,2.52,,Yes
CPAY,2025-12-19,SELL_TGT_30w:314.9591,1.66,TARGET,SELL_TGT_30w,2.52,,Yes
SizePct
CPAY,2025-12-20,Watch: Near 50-DEMA with MACD/ADX/Vol OK,45.0,WATCH,Near50,2.52,-,No,0.0
MAT,2025-12-19,Stage: Mark-Up,65.0,WATCH,STAGE,,Triple Bottom,No
MAT,2025-12-19,SELL_TGT_6w:21.2357,5.81,TARGET,SELL_TGT_6w,3.19,Triple Bottom,No
MAT,2025-12-19,SELL_TGT_8w:21.2357,5.81,TARGET,SELL_TGT_8w,3.19,Triple Bottom,No
MAT,2025-12-19,SELL_TGT_12w:21.0929,5.1,TARGET,SELL_TGT_12w,3.19,Triple Bottom,No
MAT,2025-12-19,SELL_TGT_18w:21.0929,5.1,TARGET,SELL_TGT_18w,3.19,Triple Bottom,No
MAT,2025-12-19,SELL_TGT_30w:21.0929,5.1,TARGET,SELL_TGT_30w,3.19,Triple Bottom,No
ABT,2025-12-19,Stage: Accumulation,100.0,WATCH,STAGE,,Double Bottom,Yes
ABT,2025-12-19,SELL_TGT_6w:128.9877,2.82,TARGET,SELL_TGT_6w,1.96,Double Bottom,Yes
ABT,2025-12-19,SELL_TGT_8w:128.9877,2.82,TARGET,SELL_TGT_8w,1.96,Double Bottom,Yes
ABT,2025-12-19,SELL_TGT_12w:128.4129,2.36,TARGET,SELL_TGT_12w,1.96,Double Bottom,Yes
ABT,2025-12-19,SELL_TGT_18w:128.4129,2.36,TARGET,SELL_TGT_18w,1.96,Double Bottom,Yes
ABT,2025-12-19,SELL_TGT_30w:128.4129,2.36,TARGET,SELL_TGT_30w,1.96,Double Bottom,Yes
BILI,2025-12-19,Stage: Accumulation,85.0,WATCH,STAGE,,Double Bottom,No
BILI,2025-12-19,SELL_TGT_6w:27.1975,9.76,TARGET,SELL_TGT_6w,2.59,Double Bottom,No
BILI,2025-12-19,SELL_TGT_8w:27.1975,9.76,TARGET,SELL_TGT_8w,2.59,Double Bottom,No
BILI,2025-12-19,SELL_TGT_12w:26.9292,8.67,TARGET,SELL_TGT_12w,2.59,Double Bottom,No
BILI,2025-12-19,SELL_TGT_18w:26.9292,8.67,TARGET,SELL_TGT_18w,2.59,Double Bottom,No
BILI,2025-12-19,SELL_TGT_30w:26.9292,8.67,TARGET,SELL_TGT_30w,2.59,Double Bottom,No
SizePct
BILI,2025-12-20,MACD Bearish below zero,50.0,SELL,MACD Bearish below zero,2.59,Double Bottom,No,2.5
HUT,2025-12-19,Stage: Mark-Up,70.0,WATCH,STAGE,,,No
HUT,2025-12-19,SELL_TGT_6w:45.5983,3.35,TARGET,SELL_TGT_6w,10.97,,No
HUT,2025-12-19,SELL_TGT_8w:45.5983,3.35,TARGET,SELL_TGT_8w,10.97,,No
HUT,2025-12-19,SELL_TGT_12w:44.5305,0.93,TARGET,SELL_TGT_12w,10.97,,No
HUT,2025-12-19,SELL_TGT_18w:44.5305,0.93,TARGET,SELL_TGT_18w,10.97,,No
HUT,2025-12-19,SELL_TGT_30w:44.5305,0.93,TARGET,SELL_TGT_30w,10.97,,No
SizePct
HUT,2025-12-20,Overbought (>27% above 200 DEMA),21.0,SELL,Overbought (>27% above 200 DEMA),10.97,-,No,1.05
SizePct
HUT,2025-12-20,MACD Bearish below zero,21.0,SELL,MACD Bearish below zero,10.97,-,No,1.05
SizePct
HUT,2025-12-20,Watch: Near 50-DEMA with MACD/ADX/Vol OK,45.0,WATCH,Near50,10.97,-,No,0.0
SCHH,2025-12-19,Stage: Accumulation,85.0,WATCH,STAGE,,Triple Bottom,No
SCHH,2025-12-19,SELL_TGT_6w:21.5685,4.2,TARGET,SELL_TGT_6w,0.99,Triple Bottom,No
SCHH,2025-12-19,SELL_TGT_8w:21.5685,4.2,TARGET,SELL_TGT_8w,0.99,Triple Bottom,No
SCHH,2025-12-19,SELL_TGT_12w:21.5141,3.93,TARGET,SELL_TGT_12w,0.99,Triple Bottom,No
SCHH,2025-12-19,SELL_TGT_18w:21.5141,3.93,TARGET,SELL_TGT_18w,0.99,Triple Bottom,No
SCHH,2025-12-19,SELL_TGT_30w:21.5141,3.93,TARGET,SELL_TGT_30w,0.99,Triple Bottom,No
SizePct
SCHH,2025-12-20,MACD Bearish below zero,50.0,SELL,MACD Bearish below zero,0.99,Triple Bottom,No,2.5
ECL,2025-12-19,Stage: Accumulation,70.0,WATCH,STAGE,,Double Bottom,Yes
ECL,2025-12-19,SELL_TGT_6w:274.8441,4.27,TARGET,SELL_TGT_6w,1.82,Double Bottom,Yes
ECL,2025-12-19,SELL_TGT_8w:274.8441,4.27,TARGET,SELL_TGT_8w,1.82,Double Bottom,Yes
ECL,2025-12-19,SELL_TGT_12w:273.6602,3.82,TARGET,SELL_TGT_12w,1.82,Double Bottom,Yes
ECL,2025-12-19,SELL_TGT_18w:273.6602,3.82,TARGET,SELL_TGT_18w,1.82,Double Bottom,Yes
ECL,2025-12-19,SELL_TGT_30w:273.6602,3.82,TARGET,SELL_TGT_30w,1.82,Double Bottom,Yes
SizePct
ECL,2025-12-20,Watch: Near 50-DEMA with MACD/ADX/Vol OK,45.0,WATCH,Near50,1.82,Double Bottom,No,0.0
DGII,2025-12-19,Stage: Mark-Up,65.0,WATCH,STAGE,,,No
DGII,2025-12-19,SELL_TGT_6w:47.4722,8.24,TARGET,SELL_TGT_6w,3.12,,No
DGII,2025-12-19,SELL_TGT_8w:47.4722,8.24,TARGET,SELL_TGT_8w,3.12,,No
DGII,2025-12-19,SELL_TGT_12w:47.1204,7.43,TARGET,SELL_TGT_12w,3.12,,No
DGII,2025-12-19,SELL_TGT_18w:47.1204,7.43,TARGET,SELL_TGT_18w,3.12,,No
DGII,2025-12-19,SELL_TGT_30w:47.1204,7.43,TARGET,SELL_TGT_30w,3.12,,No
SizePct
DGII,2025-12-20,Watch: Near 50-DEMA with MACD/ADX/Vol OK,45.0,WATCH,Near50,3.12,-,No,0.0
NEE,2025-12-19,Stage: Accumulation,85.0,WATCH,STAGE,,,Yes
NEE,2025-12-19,SELL_TGT_6w:86.0741,8.21,TARGET,SELL_TGT_6w,2.04,,Yes
NEE,2025-12-19,SELL_TGT_8w:86.0741,8.21,TARGET,SELL_TGT_8w,2.04,,Yes
NEE,2025-12-19,SELL_TGT_12w:85.6636,7.7,TARGET,SELL_TGT_12w,2.04,,Yes
NEE,2025-12-19,SELL_TGT_18w:85.6636,7.7,TARGET,SELL_TGT_18w,2.04,,Yes
NEE,2025-12-19,SELL_TGT_30w:85.6636,7.7,TARGET,SELL_TGT_30w,2.04,,Yes
SizePct
NEE,2025-12-20,MACD Bearish below zero,50.0,SELL,MACD Bearish below zero,2.04,-,No,2.5
SMR,2025-12-19,Stage: Accumulation,65.0,WATCH,STAGE,,Double Bottom,No
SMR,2025-12-19,SELL_TGT_6w:22.0023,36.92,TARGET,SELL_TGT_6w,11.24,Double Bottom,No
SMR,2025-12-19,SELL_TGT_8w:22.0023,36.92,TARGET,SELL_TGT_8w,11.24,Double Bottom,No
SMR,2025-12-19,SELL_TGT_12w:21.1038,31.32,TARGET,SELL_TGT_12w,11.24,Double Bottom,No
SMR,2025-12-19,SELL_TGT_18w:21.1038,31.32,TARGET,SELL_TGT_18w,11.24,Double Bottom,No
SMR,2025-12-19,SELL_TGT_30w:21.1038,31.32,TARGET,SELL_TGT_30w,11.24,Double Bottom,No
NVDA,2025-12-19,Stage: Accumulation,65.0,WATCH,STAGE,,,No
NVDA,2025-12-19,SELL_TGT_6w:185.6016,2.55,TARGET,SELL_TGT_6w,2.82,,No
NVDA,2025-12-19,SELL_TGT_8w:185.6016,2.55,TARGET,SELL_TGT_8w,2.82,,No
NVDA,2025-12-19,SELL_TGT_12w:184.0093,1.67,TARGET,SELL_TGT_12w,2.82,,No
NVDA,2025-12-19,SELL_TGT_18w:184.0093,1.67,TARGET,SELL_TGT_18w,2.82,,No
NVDA,2025-12-19,SELL_TGT_30w:184.0093,1.67,TARGET,SELL_TGT_30w,2.82,,No
SizePct
NVDA,2025-12-20,MACD Bearish below zero,50.0,SELL,MACD Bearish below zero,2.82,-,No,2.5
SizePct
NVDA,2025-12-20,Watch: Near 50-DEMA with MACD/ADX/Vol OK,45.0,WATCH,Near50,2.82,-,No,0.0
RXT,2025-12-19,Stage: Mark-Down,65.0,WATCH,STAGE,,,Yes
RXT,2025-12-19,SELL_TGT_6w:1.1771,14.28,TARGET,SELL_TGT_6w,6.46,,Yes
RXT,2025-12-19,SELL_TGT_8w:1.1771,14.28,TARGET,SELL_TGT_8w,6.46,,Yes
RXT,2025-12-19,SELL_TGT_12w:1.1551,12.15,TARGET,SELL_TGT_12w,6.46,,Yes
RXT,2025-12-19,SELL_TGT_18w:1.1551,12.15,TARGET,SELL_TGT_18w,6.46,,Yes
RXT,2025-12-19,SELL_TGT_30w:1.1551,12.15,TARGET,SELL_TGT_30w,6.46,,Yes
ATAT,2025-12-19,Stage: Mark-Up,85.0,WATCH,STAGE,,Triple Bottom,No
ATAT,2025-12-19,SELL_TGT_6w:42.7058,2.17,TARGET,SELL_TGT_6w,3.51,Triple Bottom,No
ATAT,2025-12-19,SELL_TGT_8w:42.7058,2.17,TARGET,SELL_TGT_8w,3.51,Triple Bottom,No
ATAT,2025-12-19,SELL_TGT_12w:42.3896,1.41,TARGET,SELL_TGT_12w,3.51,Triple Bottom,No
ATAT,2025-12-19,SELL_TGT_18w:42.3896,1.41,TARGET,SELL_TGT_18w,3.51,Triple Bottom,No
ATAT,2025-12-19,SELL_TGT_30w:42.3896,1.41,TARGET,SELL_TGT_30w,3.51,Triple Bottom,No
SizePct
ATAT,2025-12-20,Watch: Near 50-DEMA with MACD/ADX/Vol OK,45.0,WATCH,Near50,3.51,Triple Bottom,No,0.0
BR,2025-12-19,Stage: Accumulation,85.0,WATCH,STAGE,,Triple Bottom,No
BR,2025-12-19,SELL_TGT_6w:231.7561,2.57,TARGET,SELL_TGT_6w,1.78,Triple Bottom,No
BR,2025-12-19,SELL_TGT_8w:231.7561,2.57,TARGET,SELL_TGT_8w,1.78,Triple Bottom,No
BR,2025-12-19,SELL_TGT_12w:230.8602,2.17,TARGET,SELL_TGT_12w,1.78,Triple Bottom,No
BR,2025-12-19,SELL_TGT_18w:230.8602,2.17,TARGET,SELL_TGT_18w,1.78,Triple Bottom,No
BR,2025-12-19,SELL_TGT_30w:230.8602,2.17,TARGET,SELL_TGT_30w,1.78,Triple Bottom,No
CTLP,2025-12-19,Stage: Accumulation,65.0,WATCH,STAGE,,Triple Bottom,No
CTLP,2025-12-19,SELL_TGT_6w:10.7292,1.31,TARGET,SELL_TGT_6w,0.69,Triple Bottom,No
CTLP,2025-12-19,SELL_TGT_8w:10.7292,1.31,TARGET,SELL_TGT_8w,0.69,Triple Bottom,No
CTLP,2025-12-19,SELL_TGT_12w:10.7154,1.18,TARGET,SELL_TGT_12w,0.69,Triple Bottom,No
CTLP,2025-12-19,SELL_TGT_18w:10.7154,1.18,TARGET,SELL_TGT_18w,0.69,Triple Bottom,No
CTLP,2025-12-19,SELL_TGT_30w:10.7154,1.18,TARGET,SELL_TGT_30w,0.69,Triple Bottom,No
SizePct
CTLP,2025-12-20,MACD Bearish below zero,50.0,SELL,MACD Bearish below zero,0.69,Triple Bottom,No,2.5
DJT,2025-12-19,Stage: Accumulation,70.0,WATCH,STAGE,,Double Bottom,Yes
DJT,2025-12-19,SELL_TGT_6w:16.2509,1.0,TARGET,SELL_TGT_6w,5.44,Double Bottom,Yes
DJT,2025-12-19,SELL_TGT_8w:16.2509,1.0,TARGET,SELL_TGT_8w,5.44,Double Bottom,Yes
DJT,2025-12-19,SELL_TGT_12w:16.2509,1.0,TARGET,SELL_TGT_12w,5.44,Double Bottom,Yes
DJT,2025-12-19,SELL_TGT_18w:16.2509,1.0,TARGET,SELL_TGT_18w,5.44,Double Bottom,Yes
DJT,2025-12-19,SELL_TGT_30w:16.2509,1.0,TARGET,SELL_TGT_30w,5.44,Double Bottom,Yes
CTEV,2025-12-19,Stage: Accumulation,85.0,WATCH,STAGE,,,No
CTEV,2025-12-19,SELL_TGT_6w:53.6992,30.91,TARGET,SELL_TGT_6w,8.11,,No
CTEV,2025-12-19,SELL_TGT_8w:53.6992,30.91,TARGET,SELL_TGT_8w,8.11,,No
CTEV,2025-12-19,SELL_TGT_12w:52.4988,27.98,TARGET,SELL_TGT_12w,8.11,,No
CTEV,2025-12-19,SELL_TGT_18w:52.4988,27.98,TARGET,SELL_TGT_18w,8.11,,No
CTEV,2025-12-19,SELL_TGT_30w:52.4988,27.98,TARGET,SELL_TGT_30w,8.11,,No
GOOGL,2025-12-19,Stage: Mark-Up,85.0,WATCH,STAGE,,Double Bottom,No
GOOGL,2025-12-19,SELL_TGT_6w:326.0242,6.14,TARGET,SELL_TGT_6w,2.56,Double Bottom,No
GOOGL,2025-12-19,SELL_TGT_8w:326.0242,6.14,TARGET,SELL_TGT_8w,2.56,Double Bottom,No
GOOGL,2025-12-19,SELL_TGT_12w:324.1538,5.53,TARGET,SELL_TGT_12w,2.56,Double Bottom,No
GOOGL,2025-12-19,SELL_TGT_18w:324.1538,5.53,TARGET,SELL_TGT_18w,2.56,Double Bottom,No
GOOGL,2025-12-19,SELL_TGT_30w:324.1538,5.53,TARGET,SELL_TGT_30w,2.56,Double Bottom,No
SizePct
GOOGL,2025-12-20,Overbought (>27% above 200 DEMA),30.0,SELL,Overbought (>27% above 200 DEMA),2.56,Double Bottom,No,1.5
SizePct
GOOGL,2025-12-20,Watch: Near 50-DEMA with MACD/ADX/Vol OK,45.0,WATCH,Near50,2.56,Double Bottom,No,0.0
ENTA,2025-12-19,Stage: Mark-Up,85.0,WATCH,STAGE,,Triple Bottom,No
ENTA,2025-12-19,SELL_TGT_6w:15.5439,1.0,TARGET,SELL_TGT_6w,5.31,Triple Bottom,No
ENTA,2025-12-19,SELL_TGT_8w:15.5439,1.0,TARGET,SELL_TGT_8w,5.31,Triple Bottom,No
ENTA,2025-12-19,SELL_TGT_12w:15.5439,1.0,TARGET,SELL_TGT_12w,5.31,Triple Bottom,No
ENTA,2025-12-19,SELL_TGT_18w:15.5439,1.0,TARGET,SELL_TGT_18w,5.31,Triple Bottom,No
ENTA,2025-12-19,SELL_TGT_30w:15.5439,1.0,TARGET,SELL_TGT_30w,5.31,Triple Bottom,No
SizePct
ENTA,2025-12-20,Overbought (>27% above 200 DEMA),29.5,SELL,Overbought (>27% above 200 DEMA),5.31,Triple Bottom,No,1.48
SizePct
ENTA,2025-12-20,Watch: Near 50-DEMA with MACD/ADX/Vol OK,45.0,WATCH,Near50,5.31,Triple Bottom,No,0.0
SPFI,2025-12-19,Stage: Mark-Up,85.0,WATCH,STAGE,,,No
SPFI,2025-12-19,SELL_TGT_6w:40.8385,1.39,TARGET,SELL_TGT_6w,2.26,,No
SPFI,2025-12-19,SELL_TGT_8w:40.6828,1.0,TARGET,SELL_TGT_8w,2.26,,No
SPFI,2025-12-19,SELL_TGT_12w:40.6828,1.0,TARGET,SELL_TGT_12w,2.26,,No
SPFI,2025-12-19,SELL_TGT_18w:40.6828,1.0,TARGET,SELL_TGT_18w,2.26,,No
SPFI,2025-12-19,SELL_TGT_30w:40.6828,1.0,TARGET,SELL_TGT_30w,2.26,,No
SizePct
SPFI,2025-12-20,Watch: Near 50-DEMA with MACD/ADX/Vol OK,45.0,WATCH,Near50,2.26,-,No,0.0
LSPD,2025-12-19,Stage: Accumulation,85.0,WATCH,STAGE,,Double Bottom,No
LSPD,2025-12-19,SELL_TGT_6w:12.5176,4.14,TARGET,SELL_TGT_6w,3.76,Double Bottom,No
LSPD,2025-12-19,SELL_TGT_8w:12.5176,4.14,TARGET,SELL_TGT_8w,3.76,Double Bottom,No
LSPD,2025-12-19,SELL_TGT_12w:12.4027,3.18,TARGET,SELL_TGT_12w,3.76,Double Bottom,No
LSPD,2025-12-19,SELL_TGT_18w:12.4027,3.18,TARGET,SELL_TGT_18w,3.76,Double Bottom,No
LSPD,2025-12-19,SELL_TGT_30w:12.4027,3.18,TARGET,SELL_TGT_30w,3.76,Double Bottom,No
CASS,2025-12-19,Stage: Accumulation,100.0,WATCH,STAGE,,Double Bottom,No
CASS,2025-12-19,SELL_TGT_6w:44.3694,2.42,TARGET,SELL_TGT_6w,2.34,Double Bottom,No
CASS,2025-12-19,SELL_TGT_8w:43.7532,1.0,TARGET,SELL_TGT_8w,2.34,Double Bottom,No
CASS,2025-12-19,SELL_TGT_12w:43.7532,1.0,TARGET,SELL_TGT_12w,2.34,Double Bottom,No
CASS,2025-12-19,SELL_TGT_18w:43.7532,1.0,TARGET,SELL_TGT_18w,2.34,Double Bottom,No
CASS,2025-12-19,SELL_TGT_30w:43.7532,1.0,TARGET,SELL_TGT_30w,2.34,Double Bottom,No
UNTY,2025-12-19,Stage: Mark-Up,85.0,WATCH,STAGE,,Ascending Triangle,No
UNTY,2025-12-19,SELL_TGT_6w:54.8812,0.29,TARGET,SELL_TGT_6w,3.42,Ascending Triangle,No
UNTY,2025-12-19,SELL_TGT_8w:54.8812,0.29,TARGET,SELL_TGT_8w,3.42,Ascending Triangle,No
UNTY,2025-12-19,SELL_TGT_12w:55.2672,1.0,TARGET,SELL_TGT_12w,3.42,Ascending Triangle,No
UNTY,2025-12-19,SELL_TGT_18w:55.2672,1.0,TARGET,SELL_TGT_18w,3.42,Ascending Triangle,No
UNTY,2025-12-19,SELL_TGT_30w:55.2672,1.0,TARGET,SELL_TGT_30w,3.42,Ascending Triangle,No
SizePct
UNTY,2025-12-20,Watch: Near 50-DEMA with MACD/ADX/Vol OK,45.0,WATCH,Near50,3.42,Ascending Triangle,No,0.0
VKTX,2025-12-19,Stage: Accumulation,100.0,WATCH,STAGE,,,No
VKTX,2025-12-19,SELL_TGT_6w:39.2793,11.62,TARGET,SELL_TGT_6w,5.45,,No
VKTX,2025-12-19,SELL_TGT_8w:39.2793,11.62,TARGET,SELL_TGT_8w,5.45,,No
VKTX,2025-12-19,SELL_TGT_12w:38.8056,10.27,TARGET,SELL_TGT_12w,5.45,,No
VKTX,2025-12-19,SELL_TGT_18w:38.8056,10.27,TARGET,SELL_TGT_18w,5.45,,No
VKTX,2025-12-19,SELL_TGT_30w:38.8056,10.27,TARGET,SELL_TGT_30w,5.45,,No
SizePct
VKTX,2025-12-20,MACD Bearish below zero,49.3,SELL,MACD Bearish below zero,5.45,-,No,2.47
SizePct
VKTX,2025-12-20,Watch: Near 50-DEMA with MACD/ADX/Vol OK,45.0,WATCH,Near50,5.45,-,No,0.0
MFIN,2025-12-19,Stage: Mark-Up,85.0,WATCH,STAGE,,Ascending Triangle,No
MFIN,2025-12-19,SELL_TGT_6w:10.9282,1.0,TARGET,SELL_TGT_6w,2.85,Ascending Triangle,No
MFIN,2025-12-19,SELL_TGT_8w:10.9282,1.0,TARGET,SELL_TGT_8w,2.85,Ascending Triangle,No
MFIN,2025-12-19,SELL_TGT_12w:10.9282,1.0,TARGET,SELL_TGT_12w,2.85,Ascending Triangle,No
MFIN,2025-12-19,SELL_TGT_18w:10.9282,1.0,TARGET,SELL_TGT_18w,2.85,Ascending Triangle,No
MFIN,2025-12-19,SELL_TGT_30w:10.9282,1.0,TARGET,SELL_TGT_30w,2.85,Ascending Triangle,No
SizePct
MFIN,2025-12-20,Watch: Near 50-DEMA with MACD/ADX/Vol OK,45.0,WATCH,Near50,2.85,Ascending Triangle,No,0.0
RUM,2025-12-19,Stage: Accumulation,85.0,WATCH,STAGE,,Double Bottom,No
RUM,2025-12-19,SELL_TGT_6w:7.7317,12.05,TARGET,SELL_TGT_6w,6.26,Double Bottom,No
RUM,2025-12-19,SELL_TGT_8w:7.7317,12.05,TARGET,SELL_TGT_8w,6.26,Double Bottom,No
RUM,2025-12-19,SELL_TGT_12w:7.6262,10.52,TARGET,SELL_TGT_12w,6.26,Double Bottom,No
RUM,2025-12-19,SELL_TGT_18w:7.6262,10.52,TARGET,SELL_TGT_18w,6.26,Double Bottom,No
RUM,2025-12-19,SELL_TGT_30w:7.6262,10.52,TARGET,SELL_TGT_30w,6.26,Double Bottom,No
CCSI,2025-12-19,Stage: Accumulation,85.0,WATCH,STAGE,,Double Bottom,No
CCSI,2025-12-19,SELL_TGT_6w:23.5882,2.11,TARGET,SELL_TGT_6w,3.13,Double Bottom,No
CCSI,2025-12-19,SELL_TGT_8w:29.6282,28.26,TARGET,SELL_TGT_8w,3.13,Double Bottom,No
CCSI,2025-12-19,SELL_TGT_12w:29.3804,27.19,TARGET,SELL_TGT_12w,3.13,Double Bottom,No
CCSI,2025-12-19,SELL_TGT_18w:29.3804,27.19,TARGET,SELL_TGT_18w,3.13,Double Bottom,No
CCSI,2025-12-19,SELL_TGT_30w:29.3804,27.19,TARGET,SELL_TGT_30w,3.13,Double Bottom,No
GSAT,2025-12-19,Stage: Mark-Up,85.0,WATCH,STAGE,,,No
GSAT,2025-12-19,SELL_TGT_6w:73.5145,18.1,TARGET,SELL_TGT_6w,7.27,,No
GSAT,2025-12-19,SELL_TGT_8w:73.5145,18.1,TARGET,SELL_TGT_8w,7.27,,No
GSAT,2025-12-19,SELL_TGT_12w:72.6041,16.63,TARGET,SELL_TGT_12w,7.27,,No
GSAT,2025-12-19,SELL_TGT_18w:72.6041,16.63,TARGET,SELL_TGT_18w,7.27,,No
GSAT,2025-12-19,SELL_TGT_30w:72.6041,16.63,TARGET,SELL_TGT_30w,7.27,,No
SizePct
GSAT,2025-12-20,Overbought (>27% above 200 DEMA),26.6,SELL,Overbought (>27% above 200 DEMA),7.27,-,No,1.33
SizePct
GSAT,2025-12-20,Watch: Near 50-DEMA with MACD/ADX/Vol OK,45.0,WATCH,Near50,7.27,-,No,0.0
U,2025-12-19,Stage: Mark-Up,85.0,WATCH,STAGE,,Ascending Triangle,No
U,2025-12-19,SELL_TGT_6w:51.336,10.59,TARGET,SELL_TGT_6w,5.11,Ascending Triangle,No
U,2025-12-19,SELL_TGT_8w:51.336,10.59,TARGET,SELL_TGT_8w,5.11,Ascending Triangle,No
U,2025-12-19,SELL_TGT_12w:50.7934,9.42,TARGET,SELL_TGT_12w,5.11,Ascending Triangle,No
U,2025-12-19,SELL_TGT_18w:50.7934,9.42,TARGET,SELL_TGT_18w,5.11,Ascending Triangle,No
U,2025-12-19,SELL_TGT_30w:50.7934,9.42,TARGET,SELL_TGT_30w,5.11,Ascending Triangle,No
SizePct
U,2025-12-20,Overbought (>27% above 200 DEMA),29.8,SELL,Overbought (>27% above 200 DEMA),5.11,Ascending Triangle,No,1.49
SizePct
U,2025-12-20,Watch: Near 50-DEMA with MACD/ADX/Vol OK,45.0,WATCH,Near50,5.11,Ascending Triangle,No,0.0
AAPL,2025-12-19,Stage: Mark-Up,85.0,WATCH,STAGE,,Double Bottom,No
AAPL,2025-12-19,SELL_TGT_6w:287.0231,4.88,TARGET,SELL_TGT_6w,1.68,Double Bottom,No
AAPL,2025-12-19,SELL_TGT_8w:287.0231,4.88,TARGET,SELL_TGT_8w,1.68,Double Bottom,No
AAPL,2025-12-19,SELL_TGT_12w:285.9586,4.49,TARGET,SELL_TGT_12w,1.68,Double Bottom,No
AAPL,2025-12-19,SELL_TGT_18w:285.9586,4.49,TARGET,SELL_TGT_18w,1.68,Double Bottom,No
AAPL,2025-12-19,SELL_TGT_30w:285.9586,4.49,TARGET,SELL_TGT_30w,1.68,Double Bottom,No
SizePct
AAPL,2025-12-20,Primary,50.0,BUY,Continuation,1.68,Double Bottom,No,2.5
HWBK,2025-12-19,Stage: Mark-Up,85.0,WATCH,STAGE,,Triple Bottom,No
HWBK,2025-12-19,SELL_TGT_6w:36.8246,1.0,TARGET,SELL_TGT_6w,2.55,Triple Bottom,No
HWBK,2025-12-19,SELL_TGT_8w:36.8246,1.0,TARGET,SELL_TGT_8w,2.55,Triple Bottom,No
HWBK,2025-12-19,SELL_TGT_12w:36.8246,1.0,TARGET,SELL_TGT_12w,2.55,Triple Bottom,No
HWBK,2025-12-19,SELL_TGT_18w:36.8246,1.0,TARGET,SELL_TGT_18w,2.55,Triple Bottom,No
HWBK,2025-12-19,SELL_TGT_30w:36.8246,1.0,TARGET,SELL_TGT_30w,2.55,Triple Bottom,No
SizePct
HWBK,2025-12-20,Watch: Near 50-DEMA with MACD/ADX/Vol OK,45.0,WATCH,Near50,2.55,Triple Bottom,No,0.0
QCOM,2025-12-19,Stage: Mark-Up,65.0,WATCH,STAGE,,Cup and Handle,Yes
QCOM,2025-12-19,SELL_TGT_6w:181.5024,3.57,TARGET,SELL_TGT_6w,2.36,Cup and Handle,Yes
QCOM,2025-12-19,SELL_TGT_8w:181.5024,3.57,TARGET,SELL_TGT_8w,2.36,Cup and Handle,Yes
QCOM,2025-12-19,SELL_TGT_12w:180.2107,2.83,TARGET,SELL_TGT_12w,2.36,Cup and Handle,Yes
QCOM,2025-12-19,SELL_TGT_18w:180.2107,2.83,TARGET,SELL_TGT_18w,2.36,Cup and Handle,Yes
QCOM,2025-12-19,SELL_TGT_30w:180.2107,2.83,TARGET,SELL_TGT_30w,2.36,Cup and Handle,Yes
SizePct
QCOM,2025-12-20,Watch: Near 50-DEMA with MACD/ADX/Vol OK,45.0,WATCH,Near50,2.36,Cup and Handle,No,0.0
GFF,2025-12-19,Stage: Accumulation,85.0,WATCH,STAGE,,Double Bottom,No
GFF,2025-12-19,SELL_TGT_6w:77.4872,1.0,TARGET,SELL_TGT_6w,2.23,Double Bottom,No
GFF,2025-12-19,SELL_TGT_8w:77.4872,1.0,TARGET,SELL_TGT_8w,2.23,Double Bottom,No
GFF,2025-12-19,SELL_TGT_12w:77.4872,1.0,TARGET,SELL_TGT_12w,2.23,Double Bottom,No
GFF,2025-12-19,SELL_TGT_18w:77.4872,1.0,TARGET,SELL_TGT_18w,2.23,Double Bottom,No
GFF,2025-12-19,SELL_TGT_30w:77.4872,1.0,TARGET,SELL_TGT_30w,2.23,Double Bottom,No
SizePct
GFF,2025-12-20,Watch: Near 50-DEMA with MACD/ADX/Vol OK,45.0,WATCH,Near50,2.23,Double Bottom,No,0.0
TNK,2025-12-19,Stage: Accumulation,65.0,WATCH,STAGE,,Triple Bottom,No
TNK,2025-12-19,SELL_TGT_6w:63.1252,16.51,TARGET,SELL_TGT_6w,2.55,Triple Bottom,No
TNK,2025-12-19,SELL_TGT_8w:63.1252,16.51,TARGET,SELL_TGT_8w,2.55,Triple Bottom,No
TNK,2025-12-19,SELL_TGT_12w:62.7354,15.79,TARGET,SELL_TGT_12w,2.55,Triple Bottom,No
TNK,2025-12-19,SELL_TGT_18w:62.7354,15.79,TARGET,SELL_TGT_18w,2.55,Triple Bottom,No
TNK,2025-12-19,SELL_TGT_30w:62.7354,15.79,TARGET,SELL_TGT_30w,2.55,Triple Bottom,No
SizePct
TNK,2025-12-20,MACD Bearish below zero,50.0,SELL,MACD Bearish below zero,2.55,Triple Bottom,No,2.5
PTCT,2025-12-19,Stage: Mark-Up,85.0,WATCH,STAGE,,Triple Bottom,No
PTCT,2025-12-19,SELL_TGT_6w:86.5571,10.17,TARGET,SELL_TGT_6w,3.57,Triple Bottom,No
PTCT,2025-12-19,SELL_TGT_8w:86.5571,10.17,TARGET,SELL_TGT_8w,3.57,Triple Bottom,No
PTCT,2025-12-19,SELL_TGT_12w:85.9286,9.37,TARGET,SELL_TGT_12w,3.57,Triple Bottom,No
PTCT,2025-12-19,SELL_TGT_18w:85.9286,9.37,TARGET,SELL_TGT_18w,3.57,Triple Bottom,No
PTCT,2025-12-19,SELL_TGT_30w:85.9286,9.37,TARGET,SELL_TGT_30w,3.57,Triple Bottom,No
SizePct
PTCT,2025-12-20,Overbought (>27% above 200 DEMA),30.0,SELL,Overbought (>27% above 200 DEMA),3.57,Triple Bottom,No,1.5
SizePct
PTCT,2025-12-20,Watch: Near 50-DEMA with MACD/ADX/Vol OK,45.0,WATCH,Near50,3.57,Triple Bottom,No,0.0
LGIH,2025-12-19,Stage: Mark-Down,85.0,WATCH,STAGE,,,Yes
LGIH,2025-12-19,SELL_TGT_6w:54.4555,22.45,TARGET,SELL_TGT_6w,4.84,,Yes
LGIH,2025-12-19,SELL_TGT_8w:54.4555,22.45,TARGET,SELL_TGT_8w,4.84,,Yes
LGIH,2025-12-19,SELL_TGT_12w:53.8859,21.17,TARGET,SELL_TGT_12w,4.84,,Yes
LGIH,2025-12-19,SELL_TGT_18w:53.8859,21.17,TARGET,SELL_TGT_18w,4.84,,Yes
LGIH,2025-12-19,SELL_TGT_30w:53.8859,21.17,TARGET,SELL_TGT_30w,4.84,,Yes
SizePct
LGIH,2025-12-20,MACD Bearish below zero,50.0,SELL,MACD Bearish below zero,4.84,-,No,2.5
ARGT,2025-12-19,Stage: Mark-Up,85.0,WATCH,STAGE,,,No
ARGT,2025-12-19,SELL_TGT_6w:94.5747,3.58,TARGET,SELL_TGT_6w,2.43,,No
ARGT,2025-12-19,SELL_TGT_8w:94.5747,3.58,TARGET,SELL_TGT_8w,2.43,,No
ARGT,2025-12-19,SELL_TGT_12w:93.8445,2.78,TARGET,SELL_TGT_12w,2.43,,No
ARGT,2025-12-19,SELL_TGT_18w:93.8445,2.78,TARGET,SELL_TGT_18w,2.43,,No
ARGT,2025-12-19,SELL_TGT_30w:93.8445,2.78,TARGET,SELL_TGT_30w,2.43,,No
SizePct
ARGT,2025-12-20,Watch: Near 50-DEMA with MACD/ADX/Vol OK,45.0,WATCH,Near50,2.43,-,No,0.0
PXH,2025-12-19,Stage: Mark-Up,70.0,WATCH,STAGE,,Triple Bottom,No
PXH,2025-12-19,SELL_TGT_6w:26.235,1.49,TARGET,SELL_TGT_6w,0.95,Triple Bottom,No
PXH,2025-12-19,SELL_TGT_8w:26.235,1.49,TARGET,SELL_TGT_8w,0.95,Triple Bottom,No
PXH,2025-12-19,SELL_TGT_12w:26.165,1.22,TARGET,SELL_TGT_12w,0.95,Triple Bottom,No
PXH,2025-12-19,SELL_TGT_18w:26.165,1.22,TARGET,SELL_TGT_18w,0.95,Triple Bottom,No
PXH,2025-12-19,SELL_TGT_30w:26.165,1.22,TARGET,SELL_TGT_30w,0.95,Triple Bottom,No
SizePct
PXH,2025-12-20,MACD Bearish below zero,50.0,SELL,MACD Bearish below zero,0.95,Triple Bottom,No,2.5
SizePct
PXH,2025-12-20,Watch: Near 50-DEMA with MACD/ADX/Vol OK,45.0,WATCH,Near50,0.95,Triple Bottom,No,0.0
INTU,2025-12-19,Stage: Accumulation,85.0,WATCH,STAGE,,Cup and Handle,No
INTU,2025-12-19,SELL_TGT_6w:675.6339,0.65,TARGET,SELL_TGT_6w,2.41,Cup and Handle,No
INTU,2025-12-19,SELL_TGT_8w:675.6339,0.65,TARGET,SELL_TGT_8w,2.41,Cup and Handle,No
INTU,2025-12-19,SELL_TGT_12w:671.9232,0.09,TARGET,SELL_TGT_12w,2.41,Cup and Handle,No
INTU,2025-12-19,SELL_TGT_18w:671.9232,0.09,TARGET,SELL_TGT_18w,2.41,Cup and Handle,No
INTU,2025-12-19,SELL_TGT_30w:671.9232,0.09,TARGET,SELL_TGT_30w,2.41,Cup and Handle,No
SizePct
INTU,2025-12-20,Watch: Near 50-DEMA with MACD/ADX/Vol OK,45.0,WATCH,Near50,2.41,Cup and Handle,No,0.0
MGEE,2025-12-19,Stage: Accumulation,85.0,WATCH,STAGE,,,Yes
MGEE,2025-12-19,SELL_TGT_6w:83.1705,5.57,TARGET,SELL_TGT_6w,2.04,,Yes
MGEE,2025-12-19,SELL_TGT_8w:84.2505,6.94,TARGET,SELL_TGT_8w,2.04,,Yes
MGEE,2025-12-19,SELL_TGT_12w:83.9175,6.52,TARGET,SELL_TGT_12w,2.04,,Yes
MGEE,2025-12-19,SELL_TGT_18w:83.9175,6.52,TARGET,SELL_TGT_18w,2.04,,Yes
MGEE,2025-12-19,SELL_TGT_30w:83.9175,6.52,TARGET,SELL_TGT_30w,2.04,,Yes
INSE,2025-12-19,Stage: Mark-Up,85.0,WATCH,STAGE,,Triple Bottom,Yes
INSE,2025-12-19,SELL_TGT_6w:9.3412,2.99,TARGET,SELL_TGT_6w,5.02,Triple Bottom,Yes
INSE,2025-12-19,SELL_TGT_8w:9.3412,2.99,TARGET,SELL_TGT_8w,5.02,Triple Bottom,Yes
INSE,2025-12-19,SELL_TGT_12w:9.2354,1.82,TARGET,SELL_TGT_12w,5.02,Triple Bottom,Yes
INSE,2025-12-19,SELL_TGT_18w:9.2354,1.82,TARGET,SELL_TGT_18w,5.02,Triple Bottom,Yes
INSE,2025-12-19,SELL_TGT_30w:9.2354,1.82,TARGET,SELL_TGT_30w,5.02,Triple Bottom,Yes
SizePct
INSE,2025-12-20,Watch: Near 50-DEMA with MACD/ADX/Vol OK,45.0,WATCH,Near50,5.02,Triple Bottom,No,0.0
CRVL,2025-12-19,Stage: Mark-Down,65.0,WATCH,STAGE,,,Yes
CRVL,2025-12-19,SELL_TGT_6w:75.7069,10.07,TARGET,SELL_TGT_6w,2.71,,Yes
CRVL,2025-12-19,SELL_TGT_8w:75.7069,10.07,TARGET,SELL_TGT_8w,2.71,,Yes
CRVL,2025-12-19,SELL_TGT_12w:75.2248,9.37,TARGET,SELL_TGT_12w,2.71,,Yes
CRVL,2025-12-19,SELL_TGT_18w:75.2248,9.37,TARGET,SELL_TGT_18w,2.71,,Yes
CRVL,2025-12-19,SELL_TGT_30w:75.2248,9.37,TARGET,SELL_TGT_30w,2.71,,Yes
MPAA,2025-12-19,Stage: Accumulation,100.0,WATCH,STAGE,,Double Bottom,No
MPAA,2025-12-19,SELL_TGT_6w:13.9625,8.57,TARGET,SELL_TGT_6w,5.15,Double Bottom,No
MPAA,2025-12-19,SELL_TGT_8w:13.9625,8.57,TARGET,SELL_TGT_8w,5.15,Double Bottom,No
MPAA,2025-12-19,SELL_TGT_12w:13.7909,7.24,TARGET,SELL_TGT_12w,5.15,Double Bottom,No
MPAA,2025-12-19,SELL_TGT_18w:13.7909,7.24,TARGET,SELL_TGT_18w,5.15,Double Bottom,No
MPAA,2025-12-19,SELL_TGT_30w:13.7909,7.24,TARGET,SELL_TGT_30w,5.15,Double Bottom,No
DFH,2025-12-19,Stage: Mark-Down,65.0,WATCH,STAGE,,,Yes
DFH,2025-12-19,SELL_TGT_6w:19.9246,11.31,TARGET,SELL_TGT_6w,4.47,,Yes
DFH,2025-12-19,SELL_TGT_8w:19.9246,11.31,TARGET,SELL_TGT_8w,4.47,,Yes
DFH,2025-12-19,SELL_TGT_12w:19.7011,10.06,TARGET,SELL_TGT_12w,4.47,,Yes
DFH,2025-12-19,SELL_TGT_18w:19.7011,10.06,TARGET,SELL_TGT_18w,4.47,,Yes
DFH,2025-12-19,SELL_TGT_30w:19.7011,10.06,TARGET,SELL_TGT_30w,4.47,,Yes
ALNT,2025-12-19,Stage: Mark-Up,85.0,WATCH,STAGE,,,No
ALNT,2025-12-19,SELL_TGT_6w:56.8773,3.28,TARGET,SELL_TGT_6w,4.8,,No
ALNT,2025-12-19,SELL_TGT_8w:56.8773,3.28,TARGET,SELL_TGT_8w,4.8,,No
ALNT,2025-12-19,SELL_TGT_12w:56.3155,2.26,TARGET,SELL_TGT_12w,4.8,,No
ALNT,2025-12-19,SELL_TGT_18w:56.3155,2.26,TARGET,SELL_TGT_18w,4.8,,No
ALNT,2025-12-19,SELL_TGT_30w:56.3155,2.26,TARGET,SELL_TGT_30w,4.8,,No
SizePct
ALNT,2025-12-20,Overbought (>27% above 200 DEMA),30.0,SELL,Overbought (>27% above 200 DEMA),4.8,-,No,1.5
SizePct
ALNT,2025-12-20,Watch: Near 50-DEMA with MACD/ADX/Vol OK,45.0,WATCH,Near50,4.8,-,No,0.0
IQ,2025-12-19,Stage: Mark-Down,85.0,WATCH,STAGE,,Double Bottom,No
IQ,2025-12-19,SELL_TGT_6w:2.2659,22.48,TARGET,SELL_TGT_6w,4.03,Double Bottom,No
IQ,2025-12-19,SELL_TGT_8w:2.2659,22.48,TARGET,SELL_TGT_8w,4.03,Double Bottom,No
IQ,2025-12-19,SELL_TGT_12w:2.2432,21.25,TARGET,SELL_TGT_12w,4.03,Double Bottom,No
IQ,2025-12-19,SELL_TGT_18w:2.2432,21.25,TARGET,SELL_TGT_18w,4.03,Double Bottom,No
IQ,2025-12-19,SELL_TGT_30w:2.2432,21.25,TARGET,SELL_TGT_30w,4.03,Double Bottom,No
SizePct
IQ,2025-12-20,MACD Bearish below zero,50.0,SELL,MACD Bearish below zero,4.03,Double Bottom,No,2.5
MLI,2025-12-19,Stage: Mark-Up,85.0,WATCH,STAGE,,Ascending Triangle,No
MLI,2025-12-19,SELL_TGT_6w:116.756,1.0,TARGET,SELL_TGT_6w,2.05,Ascending Triangle,No
MLI,2025-12-19,SELL_TGT_8w:116.756,1.0,TARGET,SELL_TGT_8w,2.05,Ascending Triangle,No
MLI,2025-12-19,SELL_TGT_12w:116.756,1.0,TARGET,SELL_TGT_12w,2.05,Ascending Triangle,No
MLI,2025-12-19,SELL_TGT_18w:116.756,1.0,TARGET,SELL_TGT_18w,2.05,Ascending Triangle,No
MLI,2025-12-19,SELL_TGT_30w:116.756,1.0,TARGET,SELL_TGT_30w,2.05,Ascending Triangle,No
SizePct
MLI,2025-12-20,Watch: Near 50-DEMA with MACD/ADX/Vol OK,45.0,WATCH,Near50,2.05,Ascending Triangle,No,0.0
GDDY,2025-12-19,Stage: Accumulation,65.0,WATCH,STAGE,,Triple Bottom,No
GDDY,2025-12-19,SELL_TGT_6w:130.7384,2.77,TARGET,SELL_TGT_6w,1.97,Triple Bottom,No
GDDY,2025-12-19,SELL_TGT_8w:130.7384,2.77,TARGET,SELL_TGT_8w,1.97,Triple Bottom,No
GDDY,2025-12-19,SELL_TGT_12w:130.0707,2.24,TARGET,SELL_TGT_12w,1.97,Triple Bottom,No
GDDY,2025-12-19,SELL_TGT_18w:130.0707,2.24,TARGET,SELL_TGT_18w,1.97,Triple Bottom,No
GDDY,2025-12-19,SELL_TGT_30w:130.0707,2.24,TARGET,SELL_TGT_30w,1.97,Triple Bottom,No
ORGO,2025-12-19,Stage: Mark-Up,85.0,WATCH,STAGE,,,No
ORGO,2025-12-19,SELL_TGT_6w:5.9867,6.91,TARGET,SELL_TGT_6w,4.29,,No
ORGO,2025-12-19,SELL_TGT_8w:6.9638,24.35,TARGET,SELL_TGT_8w,4.29,,No
ORGO,2025-12-19,SELL_TGT_12w:6.8882,23.0,TARGET,SELL_TGT_12w,4.29,,No
ORGO,2025-12-19,SELL_TGT_18w:6.8882,23.0,TARGET,SELL_TGT_18w,4.29,,No
ORGO,2025-12-19,SELL_TGT_30w:6.8882,23.0,TARGET,SELL_TGT_30w,4.29,,No
SizePct
ORGO,2025-12-20,Watch: Near 50-DEMA with MACD/ADX/Vol OK,45.0,WATCH,Near50,4.29,-,No,0.0
SLYG,2025-12-19,Stage: Mark-Up,65.0,WATCH,STAGE,,Triple Bottom,No
SLYG,2025-12-19,SELL_TGT_6w:98.0161,1.6,TARGET,SELL_TGT_6w,1.28,Triple Bottom,No
SLYG,2025-12-19,SELL_TGT_8w:98.0161,1.6,TARGET,SELL_TGT_8w,1.28,Triple Bottom,No
SLYG,2025-12-19,SELL_TGT_12w:97.6736,1.25,TARGET,SELL_TGT_12w,1.28,Triple Bottom,No
SLYG,2025-12-19,SELL_TGT_18w:97.6736,1.25,TARGET,SELL_TGT_18w,1.28,Triple Bottom,No
SLYG,2025-12-19,SELL_TGT_30w:97.6736,1.25,TARGET,SELL_TGT_30w,1.28,Triple Bottom,No
ATLC,2025-12-19,Stage: Mark-Up,85.0,WATCH,STAGE,,,No
ATLC,2025-12-19,SELL_TGT_6w:69.9324,1.0,TARGET,SELL_TGT_6w,3.87,,No
ATLC,2025-12-19,SELL_TGT_8w:69.9324,1.0,TARGET,SELL_TGT_8w,3.87,,No
ATLC,2025-12-19,SELL_TGT_12w:69.9324,1.0,TARGET,SELL_TGT_12w,3.87,,No
ATLC,2025-12-19,SELL_TGT_18w:69.9324,1.0,TARGET,SELL_TGT_18w,3.87,,No
ATLC,2025-12-19,SELL_TGT_30w:69.9324,1.0,TARGET,SELL_TGT_30w,3.87,,No
SizePct
ATLC,2025-12-20,Watch: Near 50-DEMA with MACD/ADX/Vol OK,45.0,WATCH,Near50,3.87,-,No,0.0
TENB,2025-12-19,Stage: Mark-Down,85.0,WATCH,STAGE,,Double Bottom,Yes
TENB,2025-12-19,SELL_TGT_6w:27.0073,8.94,TARGET,SELL_TGT_6w,2.67,Double Bottom,Yes
TENB,2025-12-19,SELL_TGT_8w:27.0073,8.94,TARGET,SELL_TGT_8w,2.67,Double Bottom,Yes
TENB,2025-12-19,SELL_TGT_12w:26.8521,8.32,TARGET,SELL_TGT_12w,2.67,Double Bottom,Yes
TENB,2025-12-19,SELL_TGT_18w:26.8521,8.32,TARGET,SELL_TGT_18w,2.67,Double Bottom,Yes
TENB,2025-12-19,SELL_TGT_30w:26.8521,8.32,TARGET,SELL_TGT_30w,2.67,Double Bottom,Yes
SizePct
TENB,2025-12-20,MACD Bearish below zero,50.0,SELL,MACD Bearish below zero,2.67,Double Bottom,No,2.5
LMT,2025-12-19,Stage: Mark-Up,85.0,WATCH,STAGE,,Cup and Handle,Yes
LMT,2025-12-19,SELL_TGT_6w:481.8713,1.63,TARGET,SELL_TGT_6w,2.07,Cup and Handle,Yes
LMT,2025-12-19,SELL_TGT_8w:481.8713,1.63,TARGET,SELL_TGT_8w,2.07,Cup and Handle,Yes
LMT,2025-12-19,SELL_TGT_12w:479.7855,1.19,TARGET,SELL_TGT_12w,2.07,Cup and Handle,Yes
LMT,2025-12-19,SELL_TGT_18w:479.7855,1.19,TARGET,SELL_TGT_18w,2.07,Cup and Handle,Yes
LMT,2025-12-19,SELL_TGT_30w:479.7855,1.19,TARGET,SELL_TGT_30w,2.07,Cup and Handle,Yes
SizePct
LMT,2025-12-20,Watch: Near 50-DEMA with MACD/ADX/Vol OK,45.0,WATCH,Near50,2.07,Cup and Handle,No,0.0
WTS,2025-12-19,Stage: Mark-Up,85.0,WATCH,STAGE,,Cup and Handle,No
WTS,2025-12-19,SELL_TGT_6w:282.6485,1.0,TARGET,SELL_TGT_6w,2.12,Cup and Handle,No
WTS,2025-12-19,SELL_TGT_8w:282.6485,1.0,TARGET,SELL_TGT_8w,2.12,Cup and Handle,No
WTS,2025-12-19,SELL_TGT_12w:282.6485,1.0,TARGET,SELL_TGT_12w,2.12,Cup and Handle,No
WTS,2025-12-19,SELL_TGT_18w:282.6485,1.0,TARGET,SELL_TGT_18w,2.12,Cup and Handle,No
WTS,2025-12-19,SELL_TGT_30w:282.6485,1.0,TARGET,SELL_TGT_30w,2.12,Cup and Handle,No
SizePct
WTS,2025-12-20,Watch: Near 50-DEMA with MACD/ADX/Vol OK,45.0,WATCH,Near50,2.12,Cup and Handle,No,0.0
AMAT,2025-12-19,Stage: Accumulation,65.0,WATCH,STAGE,,Ascending Triangle,No
AMAT,2025-12-19,SELL_TGT_6w:272.8586,6.41,TARGET,SELL_TGT_6w,3.52,Ascending Triangle,No
AMAT,2025-12-19,SELL_TGT_8w:272.8586,6.41,TARGET,SELL_TGT_8w,3.52,Ascending Triangle,No
AMAT,2025-12-19,SELL_TGT_12w:270.6977,5.57,TARGET,SELL_TGT_12w,3.52,Ascending Triangle,No
AMAT,2025-12-19,SELL_TGT_18w:270.6977,5.57,TARGET,SELL_TGT_18w,3.52,Ascending Triangle,No
AMAT,2025-12-19,SELL_TGT_30w:270.6977,5.57,TARGET,SELL_TGT_30w,3.52,Ascending Triangle,No
HON,2025-12-19,Stage: Accumulation,85.0,WATCH,STAGE,,Double Bottom,Yes
HON,2025-12-19,SELL_TGT_6w:201.1011,1.0,TARGET,SELL_TGT_6w,1.5,Double Bottom,Yes
HON,2025-12-19,SELL_TGT_8w:201.1011,1.0,TARGET,SELL_TGT_8w,1.5,Double Bottom,Yes
HON,2025-12-19,SELL_TGT_12w:201.1011,1.0,TARGET,SELL_TGT_12w,1.5,Double Bottom,Yes
HON,2025-12-19,SELL_TGT_18w:201.1011,1.0,TARGET,SELL_TGT_18w,1.5,Double Bottom,Yes
HON,2025-12-19,SELL_TGT_30w:201.1011,1.0,TARGET,SELL_TGT_30w,1.5,Double Bottom,Yes
ADT,2025-12-19,Stage: Accumulation,100.0,WATCH,STAGE,,Triple Bottom,No
ADT,2025-12-19,SELL_TGT_6w:8.2015,0.88,TARGET,SELL_TGT_6w,1.7,Triple Bottom,No
ADT,2025-12-19,SELL_TGT_8w:8.8215,8.51,TARGET,SELL_TGT_8w,1.7,Triple Bottom,No
ADT,2025-12-19,SELL_TGT_12w:8.7825,8.03,TARGET,SELL_TGT_12w,1.7,Triple Bottom,No
ADT,2025-12-19,SELL_TGT_18w:8.7825,8.03,TARGET,SELL_TGT_18w,1.7,Triple Bottom,No
ADT,2025-12-19,SELL_TGT_30w:8.7825,8.03,TARGET,SELL_TGT_30w,1.7,Triple Bottom,No
TMUS,2025-12-19,Stage: Mark-Down,85.0,WATCH,STAGE,,Double Bottom,Yes
TMUS,2025-12-19,SELL_TGT_6w:210.2511,6.87,TARGET,SELL_TGT_6w,2.31,Double Bottom,Yes
TMUS,2025-12-19,SELL_TGT_8w:210.2511,6.87,TARGET,SELL_TGT_8w,2.31,Double Bottom,Yes
TMUS,2025-12-19,SELL_TGT_12w:209.2118,6.34,TARGET,SELL_TGT_12w,2.31,Double Bottom,Yes
TMUS,2025-12-19,SELL_TGT_18w:209.2118,6.34,TARGET,SELL_TGT_18w,2.31,Double Bottom,Yes
TMUS,2025-12-19,SELL_TGT_30w:209.2118,6.34,TARGET,SELL_TGT_30w,2.31,Double Bottom,Yes
SizePct
TMUS,2025-12-20,MACD Bearish below zero,50.0,SELL,MACD Bearish below zero,2.31,Double Bottom,No,2.5
QBTS,2025-12-19,Stage: Mark-Up,70.0,WATCH,STAGE,,,No
QBTS,2025-12-19,SELL_TGT_6w:27.946,4.2,TARGET,SELL_TGT_6w,9.52,,No
QBTS,2025-12-19,SELL_TGT_8w:27.946,4.2,TARGET,SELL_TGT_8w,9.52,,No
QBTS,2025-12-19,SELL_TGT_12w:27.1437,1.21,TARGET,SELL_TGT_12w,9.52,,No
QBTS,2025-12-19,SELL_TGT_18w:27.1437,1.21,TARGET,SELL_TGT_18w,9.52,,No
QBTS,2025-12-19,SELL_TGT_30w:27.1437,1.21,TARGET,SELL_TGT_30w,9.52,,No
SizePct
QBTS,2025-12-20,Overbought (>27% above 200 DEMA),38.2,SELL,Overbought (>27% above 200 DEMA),9.52,-,No,1.91
SizePct
QBTS,2025-12-20,Watch: Near 50-DEMA with MACD/ADX/Vol OK,45.0,WATCH,Near50,9.52,-,No,0.0
MAX,2025-12-19,Stage: Accumulation,65.0,WATCH,STAGE,,Cup and Handle,No
MAX,2025-12-19,SELL_TGT_6w:13.7371,7.32,TARGET,SELL_TGT_6w,4.14,Cup and Handle,No
MAX,2025-12-19,SELL_TGT_8w:13.7371,7.32,TARGET,SELL_TGT_8w,4.14,Cup and Handle,No
MAX,2025-12-19,SELL_TGT_12w:13.6152,6.37,TARGET,SELL_TGT_12w,4.14,Cup and Handle,No
MAX,2025-12-19,SELL_TGT_18w:13.6152,6.37,TARGET,SELL_TGT_18w,4.14,Cup and Handle,No
MAX,2025-12-19,SELL_TGT_30w:13.6152,6.37,TARGET,SELL_TGT_30w,4.14,Cup and Handle,No
EA,2025-12-19,Stage: Distribution,80.0,WATCH,STAGE,,Triple Bottom,No
EA,2025-12-19,SELL_TGT_6w:203.9767,0.03,TARGET,SELL_TGT_6w,0.36,Triple Bottom,No
EA,2025-12-19,SELL_TGT_8w:203.9767,0.03,TARGET,SELL_TGT_8w,0.36,Triple Bottom,No
EA,2025-12-19,SELL_TGT_12w:205.9592,1.0,TARGET,SELL_TGT_12w,0.36,Triple Bottom,No
EA,2025-12-19,SELL_TGT_18w:205.9592,1.0,TARGET,SELL_TGT_18w,0.36,Triple Bottom,No
EA,2025-12-19,SELL_TGT_30w:205.9592,1.0,TARGET,SELL_TGT_30w,0.36,Triple Bottom,No
MS,2025-12-19,Stage: Mark-Up,65.0,WATCH,STAGE,,Double Bottom,No
MS,2025-12-19,SELL_TGT_6w:180.6476,2.07,TARGET,SELL_TGT_6w,2.0,Double Bottom,No
MS,2025-12-19,SELL_TGT_8w:180.6476,2.07,TARGET,SELL_TGT_8w,2.0,Double Bottom,No
MS,2025-12-19,SELL_TGT_12w:179.7593,1.57,TARGET,SELL_TGT_12w,2.0,Double Bottom,No
MS,2025-12-19,SELL_TGT_18w:179.7593,1.57,TARGET,SELL_TGT_18w,2.0,Double Bottom,No
MS,2025-12-19,SELL_TGT_30w:179.7593,1.57,TARGET,SELL_TGT_30w,2.0,Double Bottom,No
TBCH,2025-12-19,Stage: Accumulation,100.0,WATCH,STAGE,,Triple Bottom,Yes
TBCH,2025-12-19,SELL_TGT_6w:14.7316,7.53,TARGET,SELL_TGT_6w,3.85,Triple Bottom,Yes
TBCH,2025-12-19,SELL_TGT_8w:16.6816,21.76,TARGET,SELL_TGT_8w,3.85,Triple Bottom,Yes
TBCH,2025-12-19,SELL_TGT_12w:17.0261,24.28,TARGET,SELL_TGT_12w,3.85,Triple Bottom,Yes
TBCH,2025-12-19,SELL_TGT_18w:17.0261,24.28,TARGET,SELL_TGT_18w,3.85,Triple Bottom,Yes
TBCH,2025-12-19,SELL_TGT_30w:17.0261,24.28,TARGET,SELL_TGT_30w,3.85,Triple Bottom,Yes
TRU,2025-12-19,Stage: Accumulation,85.0,WATCH,STAGE,,Double Bottom,Yes
TRU,2025-12-19,SELL_TGT_6w:87.9609,1.0,TARGET,SELL_TGT_6w,2.56,Double Bottom,Yes
TRU,2025-12-19,SELL_TGT_8w:87.9609,1.0,TARGET,SELL_TGT_8w,2.56,Double Bottom,Yes
TRU,2025-12-19,SELL_TGT_12w:87.9609,1.0,TARGET,SELL_TGT_12w,2.56,Double Bottom,Yes
TRU,2025-12-19,SELL_TGT_18w:87.9609,1.0,TARGET,SELL_TGT_18w,2.56,Double Bottom,Yes
TRU,2025-12-19,SELL_TGT_30w:87.9609,1.0,TARGET,SELL_TGT_30w,2.56,Double Bottom,Yes
SizePct
TRU,2025-12-20,Watch: Near 50-DEMA with MACD/ADX/Vol OK,45.0,WATCH,Near50,2.56,Double Bottom,No,0.0
CIBR,2025-12-19,Stage: Accumulation,85.0,WATCH,STAGE,,Triple Bottom,No
CIBR,2025-12-19,SELL_TGT_6w:75.9494,3.87,TARGET,SELL_TGT_6w,1.86,Triple Bottom,No
CIBR,2025-12-19,SELL_TGT_8w:75.9494,3.87,TARGET,SELL_TGT_8w,1.86,Triple Bottom,No
CIBR,2025-12-19,SELL_TGT_12w:75.6357,3.44,TARGET,SELL_TGT_12w,1.86,Triple Bottom,No
CIBR,2025-12-19,SELL_TGT_18w:75.6357,3.44,TARGET,SELL_TGT_18w,1.86,Triple Bottom,No
CIBR,2025-12-19,SELL_TGT_30w:75.6357,3.44,TARGET,SELL_TGT_30w,1.86,Triple Bottom,No
SizePct
CIBR,2025-12-20,MACD Bearish below zero,50.0,SELL,MACD Bearish below zero,1.86,Triple Bottom,No,2.5
DIS,2025-12-19,Stage: Accumulation,85.0,WATCH,STAGE,,Cup and Handle,No
DIS,2025-12-19,SELL_TGT_6w:112.3524,1.0,TARGET,SELL_TGT_6w,1.98,Cup and Handle,No
DIS,2025-12-19,SELL_TGT_8w:116.3551,4.6,TARGET,SELL_TGT_8w,1.98,Cup and Handle,No
DIS,2025-12-19,SELL_TGT_12w:115.8652,4.16,TARGET,SELL_TGT_12w,1.98,Cup and Handle,No
DIS,2025-12-19,SELL_TGT_18w:115.8652,4.16,TARGET,SELL_TGT_18w,1.98,Cup and Handle,No
DIS,2025-12-19,SELL_TGT_30w:115.8652,4.16,TARGET,SELL_TGT_30w,1.98,Cup and Handle,No
SizePct
DIS,2025-12-20,Watch: Near 50-DEMA with MACD/ADX/Vol OK,45.0,WATCH,Near50,1.98,Cup and Handle,No,0.0
XPER,2025-12-19,Stage: Accumulation,65.0,WATCH,STAGE,,,Yes
XPER,2025-12-19,SELL_TGT_6w:6.2195,6.5,TARGET,SELL_TGT_6w,3.16,,Yes
XPER,2025-12-19,SELL_TGT_8w:6.2195,6.5,TARGET,SELL_TGT_8w,3.16,,Yes
XPER,2025-12-19,SELL_TGT_12w:6.1659,5.58,TARGET,SELL_TGT_12w,3.16,,Yes
XPER,2025-12-19,SELL_TGT_18w:6.1659,5.58,TARGET,SELL_TGT_18w,3.16,,Yes
XPER,2025-12-19,SELL_TGT_30w:6.1659,5.58,TARGET,SELL_TGT_30w,3.16,,Yes
BOTZ,2025-12-19,Stage: Mark-Up,70.0,WATCH,STAGE,,,No
BOTZ,2025-12-19,SELL_TGT_6w:36.8702,2.53,TARGET,SELL_TGT_6w,1.74,,No
BOTZ,2025-12-19,SELL_TGT_8w:36.8702,2.53,TARGET,SELL_TGT_8w,1.74,,No
BOTZ,2025-12-19,SELL_TGT_12w:36.6904,2.03,TARGET,SELL_TGT_12w,1.74,,No
BOTZ,2025-12-19,SELL_TGT_18w:36.6904,2.03,TARGET,SELL_TGT_18w,1.74,,No
BOTZ,2025-12-19,SELL_TGT_30w:36.6904,2.03,TARGET,SELL_TGT_30w,1.74,,No
SizePct
BOTZ,2025-12-20,Watch: Near 50-DEMA with MACD/ADX/Vol OK,45.0,WATCH,Near50,1.74,-,No,0.0
HRB,2025-12-19,Stage: Mark-Down,65.0,WATCH,STAGE,,Double Bottom,No
HRB,2025-12-19,SELL_TGT_6w:43.8817,0.39,TARGET,SELL_TGT_6w,2.28,Double Bottom,No
HRB,2025-12-19,SELL_TGT_8w:49.3517,12.91,TARGET,SELL_TGT_8w,2.28,Double Bottom,No
HRB,2025-12-19,SELL_TGT_12w:52.2529,19.54,TARGET,SELL_TGT_12w,2.28,Double Bottom,No
HRB,2025-12-19,SELL_TGT_18w:52.2529,19.54,TARGET,SELL_TGT_18w,2.28,Double Bottom,No
HRB,2025-12-19,SELL_TGT_30w:52.2529,19.54,TARGET,SELL_TGT_30w,2.28,Double Bottom,No
QTWO,2025-12-19,Stage: Accumulation,85.0,WATCH,STAGE,,Triple Bottom,Yes
QTWO,2025-12-19,SELL_TGT_6w:75.4379,1.75,TARGET,SELL_TGT_6w,2.49,Triple Bottom,Yes
QTWO,2025-12-19,SELL_TGT_8w:75.4379,1.75,TARGET,SELL_TGT_8w,2.49,Triple Bottom,Yes
QTWO,2025-12-19,SELL_TGT_12w:74.9032,1.03,TARGET,SELL_TGT_12w,2.49,Triple Bottom,Yes
QTWO,2025-12-19,SELL_TGT_18w:74.9032,1.03,TARGET,SELL_TGT_18w,2.49,Triple Bottom,Yes
QTWO,2025-12-19,SELL_TGT_30w:74.9032,1.03,TARGET,SELL_TGT_30w,2.49,Triple Bottom,Yes
DD,2025-12-19,Stage: Mark-Up,85.0,WATCH,STAGE,,,No
DD,2025-12-19,SELL_TGT_6w:41.4869,0.55,TARGET,SELL_TGT_6w,1.97,,No
DD,2025-12-19,SELL_TGT_8w:41.4869,0.55,TARGET,SELL_TGT_8w,1.97,,No
DD,2025-12-19,SELL_TGT_12w:41.6726,1.0,TARGET,SELL_TGT_12w,1.97,,No
DD,2025-12-19,SELL_TGT_18w:41.6726,1.0,TARGET,SELL_TGT_18w,1.97,,No
DD,2025-12-19,SELL_TGT_30w:41.6726,1.0,TARGET,SELL_TGT_30w,1.97,,No
SizePct
DD,2025-12-20,Watch: Near 50-DEMA with MACD/ADX/Vol OK,45.0,WATCH,Near50,1.97,-,No,0.0
BITQ,2025-12-19,Stage: Accumulation,100.0,WATCH,STAGE,,,No
BITQ,2025-12-19,SELL_TGT_6w:23.9802,12.0,TARGET,SELL_TGT_6w,5.72,,No
BITQ,2025-12-19,SELL_TGT_8w:23.9802,12.0,TARGET,SELL_TGT_8w,5.72,,No
BITQ,2025-12-19,SELL_TGT_12w:23.6004,10.23,TARGET,SELL_TGT_12w,5.72,,No
BITQ,2025-12-19,SELL_TGT_18w:23.6004,10.23,TARGET,SELL_TGT_18w,5.72,,No
BITQ,2025-12-19,SELL_TGT_30w:23.6004,10.23,TARGET,SELL_TGT_30w,5.72,,No
SizePct
BITQ,2025-12-20,MACD Bearish below zero,51.4,SELL,MACD Bearish below zero,5.72,-,No,2.57
PCG,2025-12-19,Stage: Accumulation,100.0,WATCH,STAGE,,,Yes
PCG,2025-12-19,SELL_TGT_6w:16.3549,3.97,TARGET,SELL_TGT_6w,2.22,,Yes
PCG,2025-12-19,SELL_TGT_8w:16.7149,6.26,TARGET,SELL_TGT_8w,2.22,,Yes
PCG,2025-12-19,SELL_TGT_12w:16.6248,5.69,TARGET,SELL_TGT_12w,2.22,,Yes
PCG,2025-12-19,SELL_TGT_18w:16.6248,5.69,TARGET,SELL_TGT_18w,2.22,,Yes
PCG,2025-12-19,SELL_TGT_30w:16.6248,5.69,TARGET,SELL_TGT_30w,2.22,,Yes
LVS,2025-12-19,Stage: Mark-Up,85.0,WATCH,STAGE,,,No
LVS,2025-12-19,SELL_TGT_6w:69.8182,4.28,TARGET,SELL_TGT_6w,2.21,,No
LVS,2025-12-19,SELL_TGT_8w:69.8182,4.28,TARGET,SELL_TGT_8w,2.21,,No
LVS,2025-12-19,SELL_TGT_12w:69.3904,3.65,TARGET,SELL_TGT_12w,2.21,,No
LVS,2025-12-19,SELL_TGT_18w:69.3904,3.65,TARGET,SELL_TGT_18w,2.21,,No
LVS,2025-12-19,SELL_TGT_30w:69.3904,3.65,TARGET,SELL_TGT_30w,2.21,,No
SizePct
LVS,2025-12-20,Watch: Near 50-DEMA with MACD/ADX/Vol OK,45.0,WATCH,Near50,2.21,-,No,0.0
MDB,2025-12-19,Stage: Mark-Up,85.0,WATCH,STAGE,,Ascending Triangle,No
MDB,2025-12-19,SELL_TGT_6w:434.9464,1.0,TARGET,SELL_TGT_6w,4.47,Ascending Triangle,No
MDB,2025-12-19,SELL_TGT_8w:434.9464,1.0,TARGET,SELL_TGT_8w,4.47,Ascending Triangle,No
MDB,2025-12-19,SELL_TGT_12w:434.9464,1.0,TARGET,SELL_TGT_12w,4.47,Ascending Triangle,No
MDB,2025-12-19,SELL_TGT_18w:434.9464,1.0,TARGET,SELL_TGT_18w,4.47,Ascending Triangle,No
MDB,2025-12-19,SELL_TGT_30w:434.9464,1.0,TARGET,SELL_TGT_30w,4.47,Ascending Triangle,No
SizePct
MDB,2025-12-20,Overbought (>27% above 200 DEMA),45.0,SELL,Overbought (>27% above 200 DEMA),4.47,Ascending Triangle,No,2.25
SizePct
MDB,2025-12-20,Watch: Near 50-DEMA with MACD/ADX/Vol OK,45.0,WATCH,Near50,4.47,Ascending Triangle,No,0.0
GILD,2025-12-19,Stage: Mark-Up,70.0,WATCH,STAGE,,Triple Bottom,No
GILD,2025-12-19,SELL_TGT_6w:127.7315,2.77,TARGET,SELL_TGT_6w,2.3,Triple Bottom,No
GILD,2025-12-19,SELL_TGT_8w:127.7315,2.77,TARGET,SELL_TGT_8w,2.3,Triple Bottom,No
GILD,2025-12-19,SELL_TGT_12w:127.0859,2.25,TARGET,SELL_TGT_12w,2.3,Triple Bottom,No
GILD,2025-12-19,SELL_TGT_18w:127.0859,2.25,TARGET,SELL_TGT_18w,2.3,Triple Bottom,No
GILD,2025-12-19,SELL_TGT_30w:127.0859,2.25,TARGET,SELL_TGT_30w,2.3,Triple Bottom,No
SizePct
GILD,2025-12-20,MACD Bearish below zero,50.0,SELL,MACD Bearish below zero,2.3,Triple Bottom,No,2.5
SizePct
GILD,2025-12-20,Watch: Near 50-DEMA with MACD/ADX/Vol OK,45.0,WATCH,Near50,2.3,Triple Bottom,No,0.0
HGV,2025-12-19,Stage: Mark-Up,85.0,WATCH,STAGE,,,No
HGV,2025-12-19,SELL_TGT_6w:45.7934,1.0,TARGET,SELL_TGT_6w,2.96,,No
HGV,2025-12-19,SELL_TGT_8w:45.7934,1.0,TARGET,SELL_TGT_8w,2.96,,No
HGV,2025-12-19,SELL_TGT_12w:45.5043,0.36,TARGET,SELL_TGT_12w,2.96,,No
HGV,2025-12-19,SELL_TGT_18w:45.5043,0.36,TARGET,SELL_TGT_18w,2.96,,No
HGV,2025-12-19,SELL_TGT_30w:45.5043,0.36,TARGET,SELL_TGT_30w,2.96,,No
SizePct
HGV,2025-12-20,Watch: Near 50-DEMA with MACD/ADX/Vol OK,45.0,WATCH,Near50,2.96,-,No,0.0
NKE,2025-12-19,Stage: Mark-Down,85.0,WATCH,STAGE,,Double Bottom,Yes
NKE,2025-12-19,SELL_TGT_6w:68.3714,16.46,TARGET,SELL_TGT_6w,3.56,Double Bottom,Yes
NKE,2025-12-19,SELL_TGT_8w:68.3714,16.46,TARGET,SELL_TGT_8w,3.56,Double Bottom,Yes
NKE,2025-12-19,SELL_TGT_12w:67.8589,15.58,TARGET,SELL_TGT_12w,3.56,Double Bottom,Yes
NKE,2025-12-19,SELL_TGT_18w:67.8589,15.58,TARGET,SELL_TGT_18w,3.56,Double Bottom,Yes
NKE,2025-12-19,SELL_TGT_30w:67.8589,15.58,TARGET,SELL_TGT_30w,3.56,Double Bottom,Yes
SizePct
NKE,2025-12-20,MACD Bearish below zero,50.0,SELL,MACD Bearish below zero,3.56,Double Bottom,No,2.5
EEM,2025-12-19,Stage: Accumulation,50.0,WATCH,STAGE,,Double Bottom,No
EEM,2025-12-19,SELL_TGT_6w:54.9871,2.36,TARGET,SELL_TGT_6w,1.16,Double Bottom,No
EEM,2025-12-19,SELL_TGT_8w:54.9871,2.36,TARGET,SELL_TGT_8w,1.16,Double Bottom,No
EEM,2025-12-19,SELL_TGT_12w:54.8186,2.05,TARGET,SELL_TGT_12w,1.16,Double Bottom,No
EEM,2025-12-19,SELL_TGT_18w:54.8186,2.05,TARGET,SELL_TGT_18w,1.16,Double Bottom,No
EEM,2025-12-19,SELL_TGT_30w:54.8186,2.05,TARGET,SELL_TGT_30w,1.16,Double Bottom,No
SizePct
EEM,2025-12-20,MACD Bearish below zero,50.0,SELL,MACD Bearish below zero,1.16,Double Bottom,No,2.5
SizePct
EEM,2025-12-20,Watch: Near 50-DEMA with MACD/ADX/Vol OK,45.0,WATCH,Near50,1.16,Double Bottom,No,0.0
VRSK,2025-12-19,Stage: Mark-Down,65.0,WATCH,STAGE,,,Yes
VRSK,2025-12-19,SELL_TGT_6w:225.3117,3.34,TARGET,SELL_TGT_6w,1.78,,Yes
VRSK,2025-12-19,SELL_TGT_8w:225.3117,3.34,TARGET,SELL_TGT_8w,1.78,,Yes
VRSK,2025-12-19,SELL_TGT_12w:224.0795,2.77,TARGET,SELL_TGT_12w,1.78,,Yes
VRSK,2025-12-19,SELL_TGT_18w:224.0795,2.77,TARGET,SELL_TGT_18w,1.78,,Yes
VRSK,2025-12-19,SELL_TGT_30w:224.0795,2.77,TARGET,SELL_TGT_30w,1.78,,Yes
COLL,2025-12-19,Stage: Distribution,70.0,WATCH,STAGE,,Ascending Triangle,No
COLL,2025-12-19,SELL_TGT_6w:49.3688,1.0,TARGET,SELL_TGT_6w,2.84,Ascending Triangle,No
COLL,2025-12-19,SELL_TGT_8w:49.3688,1.0,TARGET,SELL_TGT_8w,2.84,Ascending Triangle,No
COLL,2025-12-19,SELL_TGT_12w:49.3688,1.0,TARGET,SELL_TGT_12w,2.84,Ascending Triangle,No
COLL,2025-12-19,SELL_TGT_18w:49.3688,1.0,TARGET,SELL_TGT_18w,2.84,Ascending Triangle,No
COLL,2025-12-19,SELL_TGT_30w:49.3688,1.0,TARGET,SELL_TGT_30w,2.84,Ascending Triangle,No
SizePct
COLL,2025-12-20,Overbought (>27% above 200 DEMA),30.0,SELL,Overbought (>27% above 200 DEMA),2.84,Ascending Triangle,No,1.5
SizePct
COLL,2025-12-20,Watch: Near 50-DEMA with MACD/ADX/Vol OK,45.0,WATCH,Near50,2.84,Ascending Triangle,No,0.0
KMT,2025-12-19,Stage: Mark-Up,65.0,WATCH,STAGE,,Double Bottom,No
KMT,2025-12-19,SELL_TGT_6w:29.6187,3.06,TARGET,SELL_TGT_6w,2.07,Double Bottom,No
KMT,2025-12-19,SELL_TGT_8w:29.6187,3.06,TARGET,SELL_TGT_8w,2.07,Double Bottom,No
KMT,2025-12-19,SELL_TGT_12w:29.4379,2.43,TARGET,SELL_TGT_12w,2.07,Double Bottom,No
KMT,2025-12-19,SELL_TGT_18w:29.4379,2.43,TARGET,SELL_TGT_18w,2.07,Double Bottom,No
KMT,2025-12-19,SELL_TGT_30w:29.4379,2.43,TARGET,SELL_TGT_30w,2.07,Double Bottom,No
PL,2025-12-19,Stage: Mark-Up,85.0,WATCH,STAGE,,Cup and Handle,No
PL,2025-12-19,SELL_TGT_6w:19.3718,1.0,TARGET,SELL_TGT_6w,7.66,Cup and Handle,No
PL,2025-12-19,SELL_TGT_8w:19.3718,1.0,TARGET,SELL_TGT_8w,7.66,Cup and Handle,No
PL,2025-12-19,SELL_TGT_12w:19.3718,1.0,TARGET,SELL_TGT_12w,7.66,Cup and Handle,No
PL,2025-12-19,SELL_TGT_18w:19.3718,1.0,TARGET,SELL_TGT_18w,7.66,Cup and Handle,No
PL,2025-12-19,SELL_TGT_30w:19.3718,1.0,TARGET,SELL_TGT_30w,7.66,Cup and Handle,No
SizePct
PL,2025-12-20,Overbought (>27% above 200 DEMA),41.0,SELL,Overbought (>27% above 200 DEMA),7.66,Cup and Handle,No,2.05
SizePct
PL,2025-12-20,Watch: Near 50-DEMA with MACD/ADX/Vol OK,45.0,WATCH,Near50,7.66,Cup and Handle,No,0.0
SHLD,2025-12-19,Stage: Mark-Up,70.0,WATCH,STAGE,,Triple Bottom,Yes
SHLD,2025-12-19,SELL_TGT_6w:65.7308,1.0,TARGET,SELL_TGT_6w,1.73,Triple Bottom,Yes
SHLD,2025-12-19,SELL_TGT_8w:65.7308,1.0,TARGET,SELL_TGT_8w,1.73,Triple Bottom,Yes
SHLD,2025-12-19,SELL_TGT_12w:65.7308,1.0,TARGET,SELL_TGT_12w,1.73,Triple Bottom,Yes
SHLD,2025-12-19,SELL_TGT_18w:65.7308,1.0,TARGET,SELL_TGT_18w,1.73,Triple Bottom,Yes
SHLD,2025-12-19,SELL_TGT_30w:65.7308,1.0,TARGET,SELL_TGT_30w,1.73,Triple Bottom,Yes
SizePct
SHLD,2025-12-20,Watch: Near 50-DEMA with MACD/ADX/Vol OK,45.0,WATCH,Near50,1.73,Triple Bottom,No,0.0
OTEX,2025-12-19,Stage: Accumulation,100.0,WATCH,STAGE,,Triple Bottom,Yes
OTEX,2025-12-19,SELL_TGT_6w:33.8256,1.37,TARGET,SELL_TGT_6w,1.62,Triple Bottom,Yes
OTEX,2025-12-19,SELL_TGT_8w:33.8256,1.37,TARGET,SELL_TGT_8w,1.62,Triple Bottom,Yes
OTEX,2025-12-19,SELL_TGT_12w:33.6427,0.82,TARGET,SELL_TGT_12w,1.62,Triple Bottom,Yes
OTEX,2025-12-19,SELL_TGT_18w:33.6427,0.82,TARGET,SELL_TGT_18w,1.62,Triple Bottom,Yes
OTEX,2025-12-19,SELL_TGT_30w:33.6427,0.82,TARGET,SELL_TGT_30w,1.62,Triple Bottom,Yes
GHC,2025-12-19,Stage: Accumulation,65.0,WATCH,STAGE,,Triple Bottom,No
GHC,2025-12-19,SELL_TGT_6w:1120.9161,1.75,TARGET,SELL_TGT_6w,2.83,Triple Bottom,No
GHC,2025-12-19,SELL_TGT_8w:1120.9161,1.75,TARGET,SELL_TGT_8w,2.83,Triple Bottom,No
GHC,2025-12-19,SELL_TGT_12w:1113.5536,1.08,TARGET,SELL_TGT_12w,2.83,Triple Bottom,No
GHC,2025-12-19,SELL_TGT_18w:1113.5536,1.08,TARGET,SELL_TGT_18w,2.83,Triple Bottom,No
GHC,2025-12-19,SELL_TGT_30w:1113.5536,1.08,TARGET,SELL_TGT_30w,2.83,Triple Bottom,No
BTBT,2025-12-19,Stage: Accumulation,65.0,WATCH,STAGE,,,Yes
BTBT,2025-12-19,SELL_TGT_6w:2.3862,7.0,TARGET,SELL_TGT_6w,8.4,,Yes
BTBT,2025-12-19,SELL_TGT_8w:2.3862,7.0,TARGET,SELL_TGT_8w,8.4,,Yes
BTBT,2025-12-19,SELL_TGT_12w:2.3237,4.2,TARGET,SELL_TGT_12w,8.4,,Yes
BTBT,2025-12-19,SELL_TGT_18w:2.3237,4.2,TARGET,SELL_TGT_18w,8.4,,Yes
BTBT,2025-12-19,SELL_TGT_30w:2.3237,4.2,TARGET,SELL_TGT_30w,8.4,,Yes
RPD,2025-12-19,Stage: Accumulation,65.0,WATCH,STAGE,,,Yes
RPD,2025-12-19,SELL_TGT_6w:16.6288,7.35,TARGET,SELL_TGT_6w,3.42,,Yes
RPD,2025-12-19,SELL_TGT_8w:16.6288,7.35,TARGET,SELL_TGT_8w,3.42,,Yes
RPD,2025-12-19,SELL_TGT_12w:16.4612,6.27,TARGET,SELL_TGT_12w,3.42,,Yes
RPD,2025-12-19,SELL_TGT_18w:16.4612,6.27,TARGET,SELL_TGT_18w,3.42,,Yes
RPD,2025-12-19,SELL_TGT_30w:16.4612,6.27,TARGET,SELL_TGT_30w,3.42,,Yes
SOFI,2025-12-19,Stage: Accumulation,65.0,WATCH,STAGE,,Double Bottom,No
SOFI,2025-12-19,SELL_TGT_6w:29.8328,9.52,TARGET,SELL_TGT_6w,4.77,Double Bottom,No
SOFI,2025-12-19,SELL_TGT_8w:29.8328,9.52,TARGET,SELL_TGT_8w,4.77,Double Bottom,No
SOFI,2025-12-19,SELL_TGT_12w:29.4413,8.08,TARGET,SELL_TGT_12w,4.77,Double Bottom,No
SOFI,2025-12-19,SELL_TGT_18w:29.4413,8.08,TARGET,SELL_TGT_18w,4.77,Double Bottom,No
SOFI,2025-12-19,SELL_TGT_30w:29.4413,8.08,TARGET,SELL_TGT_30w,4.77,Double Bottom,No
SizePct
SOFI,2025-12-20,MACD Bearish below zero,41.3,SELL,MACD Bearish below zero,4.77,Double Bottom,No,2.06
SizePct
SOFI,2025-12-20,Watch: Near 50-DEMA with MACD/ADX/Vol OK,45.0,WATCH,Near50,4.77,Double Bottom,No,0.0
EH,2025-12-19,Stage: Accumulation,65.0,WATCH,STAGE,,Double Bottom,Yes
EH,2025-12-19,SELL_TGT_6w:14.3236,4.78,TARGET,SELL_TGT_6w,3.57,Double Bottom,Yes
EH,2025-12-19,SELL_TGT_8w:14.3236,4.78,TARGET,SELL_TGT_8w,3.57,Double Bottom,Yes
EH,2025-12-19,SELL_TGT_12w:14.1461,3.48,TARGET,SELL_TGT_12w,3.57,Double Bottom,Yes
EH,2025-12-19,SELL_TGT_18w:14.1461,3.48,TARGET,SELL_TGT_18w,3.57,Double Bottom,Yes
EH,2025-12-19,SELL_TGT_30w:14.1461,3.48,TARGET,SELL_TGT_30w,3.57,Double Bottom,Yes
GPN,2025-12-19,Stage: Accumulation,85.0,WATCH,STAGE,,,Yes
GPN,2025-12-19,SELL_TGT_6w:82.5919,2.15,TARGET,SELL_TGT_6w,2.58,,Yes
GPN,2025-12-19,SELL_TGT_8w:82.5919,2.15,TARGET,SELL_TGT_8w,2.58,,Yes
GPN,2025-12-19,SELL_TGT_12w:82.0398,1.47,TARGET,SELL_TGT_12w,2.58,,Yes
GPN,2025-12-19,SELL_TGT_18w:82.0398,1.47,TARGET,SELL_TGT_18w,2.58,,Yes
GPN,2025-12-19,SELL_TGT_30w:82.0398,1.47,TARGET,SELL_TGT_30w,2.58,,Yes
JAKK,2025-12-19,Stage: Accumulation,85.0,WATCH,STAGE,,Triple Bottom,Yes
JAKK,2025-12-19,SELL_TGT_6w:17.2912,1.0,TARGET,SELL_TGT_6w,2.64,Triple Bottom,Yes
JAKK,2025-12-19,SELL_TGT_8w:17.2912,1.0,TARGET,SELL_TGT_8w,2.64,Triple Bottom,Yes
JAKK,2025-12-19,SELL_TGT_12w:17.2912,1.0,TARGET,SELL_TGT_12w,2.64,Triple Bottom,Yes
JAKK,2025-12-19,SELL_TGT_18w:17.2912,1.0,TARGET,SELL_TGT_18w,2.64,Triple Bottom,Yes
JAKK,2025-12-19,SELL_TGT_30w:17.2912,1.0,TARGET,SELL_TGT_30w,2.64,Triple Bottom,Yes
ROBO,2025-12-19,Stage: Mark-Up,65.0,WATCH,STAGE,,Cup and Handle,No
ROBO,2025-12-19,SELL_TGT_6w:71.5209,3.26,TARGET,SELL_TGT_6w,1.55,Cup and Handle,No
ROBO,2025-12-19,SELL_TGT_8w:71.5209,3.26,TARGET,SELL_TGT_8w,1.55,Cup and Handle,No
ROBO,2025-12-19,SELL_TGT_12w:71.2148,2.82,TARGET,SELL_TGT_12w,1.55,Cup and Handle,No
ROBO,2025-12-19,SELL_TGT_18w:71.2148,2.82,TARGET,SELL_TGT_18w,1.55,Cup and Handle,No
ROBO,2025-12-19,SELL_TGT_30w:71.2148,2.82,TARGET,SELL_TGT_30w,1.55,Cup and Handle,No
AMZN,2025-12-19,Stage: Accumulation,85.0,WATCH,STAGE,,Triple Bottom,No
AMZN,2025-12-19,SELL_TGT_6w:236.9219,4.21,TARGET,SELL_TGT_6w,2.01,Triple Bottom,No
AMZN,2025-12-19,SELL_TGT_8w:236.9219,4.21,TARGET,SELL_TGT_8w,2.01,Triple Bottom,No
AMZN,2025-12-19,SELL_TGT_12w:235.5564,3.61,TARGET,SELL_TGT_12w,2.01,Triple Bottom,No
AMZN,2025-12-19,SELL_TGT_18w:235.5564,3.61,TARGET,SELL_TGT_18w,2.01,Triple Bottom,No
AMZN,2025-12-19,SELL_TGT_30w:235.5564,3.61,TARGET,SELL_TGT_30w,2.01,Triple Bottom,No
SizePct
AMZN,2025-12-20,MACD Bearish below zero,50.0,SELL,MACD Bearish below zero,2.01,Triple Bottom,No,2.5
SizePct
AMZN,2025-12-20,Watch: Near 50-DEMA with MACD/ADX/Vol OK,45.0,WATCH,Near50,2.01,Triple Bottom,No,0.0
VRNS,2025-12-19,Stage: Mark-Down,65.0,WATCH,STAGE,,Double Bottom,Yes
VRNS,2025-12-19,SELL_TGT_6w:33.7542,1.0,TARGET,SELL_TGT_6w,3.29,Double Bottom,Yes
VRNS,2025-12-19,SELL_TGT_8w:34.4483,3.08,TARGET,SELL_TGT_8w,3.29,Double Bottom,Yes
VRNS,2025-12-19,SELL_TGT_12w:62.4971,87.01,TARGET,SELL_TGT_12w,3.29,Double Bottom,Yes
VRNS,2025-12-19,SELL_TGT_18w:62.4971,87.01,TARGET,SELL_TGT_18w,3.29,Double Bottom,Yes
VRNS,2025-12-19,SELL_TGT_30w:62.4971,87.01,TARGET,SELL_TGT_30w,3.29,Double Bottom,Yes
AVNS,2025-12-19,Stage: Accumulation,100.0,WATCH,STAGE,,Double Bottom,Yes
AVNS,2025-12-19,SELL_TGT_6w:12.1976,4.52,TARGET,SELL_TGT_6w,3.03,Double Bottom,Yes
AVNS,2025-12-19,SELL_TGT_8w:12.1976,4.52,TARGET,SELL_TGT_8w,3.03,Double Bottom,Yes
AVNS,2025-12-19,SELL_TGT_12w:12.1027,3.71,TARGET,SELL_TGT_12w,3.03,Double Bottom,Yes
AVNS,2025-12-19,SELL_TGT_18w:12.1027,3.71,TARGET,SELL_TGT_18w,3.03,Double Bottom,Yes
AVNS,2025-12-19,SELL_TGT_30w:12.1027,3.71,TARGET,SELL_TGT_30w,3.03,Double Bottom,Yes
TIGO,2025-12-19,Stage: Mark-Up,85.0,WATCH,STAGE,,,No
TIGO,2025-12-19,SELL_TGT_6w:55.76,3.78,TARGET,SELL_TGT_6w,2.93,,No
TIGO,2025-12-19,SELL_TGT_8w:55.76,3.78,TARGET,SELL_TGT_8w,2.93,,No
TIGO,2025-12-19,SELL_TGT_12w:55.42,3.15,TARGET,SELL_TGT_12w,2.93,,No
TIGO,2025-12-19,SELL_TGT_18w:55.42,3.15,TARGET,SELL_TGT_18w,2.93,,No
TIGO,2025-12-19,SELL_TGT_30w:55.42,3.15,TARGET,SELL_TGT_30w,2.93,,No
SizePct
TIGO,2025-12-20,Watch: Near 50-DEMA with MACD/ADX/Vol OK,45.0,WATCH,Near50,2.93,-,No,0.0
LIVN,2025-12-19,Stage: Accumulation,65.0,WATCH,STAGE,,Triple Bottom,No
LIVN,2025-12-19,SELL_TGT_6w:64.9572,3.4,TARGET,SELL_TGT_6w,2.55,Triple Bottom,No
LIVN,2025-12-19,SELL_TGT_8w:64.9572,3.4,TARGET,SELL_TGT_8w,2.55,Triple Bottom,No
LIVN,2025-12-19,SELL_TGT_12w:64.542,2.74,TARGET,SELL_TGT_12w,2.55,Triple Bottom,No
LIVN,2025-12-19,SELL_TGT_18w:64.542,2.74,TARGET,SELL_TGT_18w,2.55,Triple Bottom,No
LIVN,2025-12-19,SELL_TGT_30w:64.542,2.74,TARGET,SELL_TGT_30w,2.55,Triple Bottom,No
OKTA,2025-12-19,Stage: Accumulation,70.0,WATCH,STAGE,,Ascending Triangle,Yes
OKTA,2025-12-19,SELL_TGT_6w:91.1121,1.0,TARGET,SELL_TGT_6w,3.52,Ascending Triangle,Yes
OKTA,2025-12-19,SELL_TGT_8w:91.5768,1.52,TARGET,SELL_TGT_8w,3.52,Ascending Triangle,Yes
OKTA,2025-12-19,SELL_TGT_12w:90.9613,0.83,TARGET,SELL_TGT_12w,3.52,Ascending Triangle,Yes
OKTA,2025-12-19,SELL_TGT_18w:90.9613,0.83,TARGET,SELL_TGT_18w,3.52,Ascending Triangle,Yes
OKTA,2025-12-19,SELL_TGT_30w:90.9613,0.83,TARGET,SELL_TGT_30w,3.52,Ascending Triangle,Yes
BTMD,2025-12-19,Stage: Accumulation,50.0,WATCH,STAGE,,Cup and Handle,Yes
BTMD,2025-12-19,SELL_TGT_6w:2.8553,2.71,TARGET,SELL_TGT_6w,4.78,Cup and Handle,Yes
BTMD,2025-12-19,SELL_TGT_8w:2.8553,2.71,TARGET,SELL_TGT_8w,4.78,Cup and Handle,Yes
BTMD,2025-12-19,SELL_TGT_12w:2.8255,1.64,TARGET,SELL_TGT_12w,4.78,Cup and Handle,Yes
BTMD,2025-12-19,SELL_TGT_18w:2.8255,1.64,TARGET,SELL_TGT_18w,4.78,Cup and Handle,Yes
BTMD,2025-12-19,SELL_TGT_30w:2.8255,1.64,TARGET,SELL_TGT_30w,4.78,Cup and Handle,Yes
MP,2025-12-19,Stage: Accumulation,100.0,WATCH,STAGE,,,No
MP,2025-12-19,SELL_TGT_6w:62.1378,15.13,TARGET,SELL_TGT_6w,6.02,,No
MP,2025-12-19,SELL_TGT_8w:62.1378,15.13,TARGET,SELL_TGT_8w,6.02,,No
MP,2025-12-19,SELL_TGT_12w:60.9696,12.97,TARGET,SELL_TGT_12w,6.02,,No
MP,2025-12-19,SELL_TGT_18w:60.9696,12.97,TARGET,SELL_TGT_18w,6.02,,No
MP,2025-12-19,SELL_TGT_30w:60.9696,12.97,TARGET,SELL_TGT_30w,6.02,,No
SizePct
MP,2025-12-20,MACD Bearish below zero,48.5,SELL,MACD Bearish below zero,6.02,-,No,2.42
AME,2025-12-19,Stage: Mark-Up,85.0,WATCH,STAGE,,Triple Bottom,No
AME,2025-12-19,SELL_TGT_6w:205.3229,1.0,TARGET,SELL_TGT_6w,1.59,Triple Bottom,No
AME,2025-12-19,SELL_TGT_8w:205.3229,1.0,TARGET,SELL_TGT_8w,1.59,Triple Bottom,No
AME,2025-12-19,SELL_TGT_12w:205.3229,1.0,TARGET,SELL_TGT_12w,1.59,Triple Bottom,No
AME,2025-12-19,SELL_TGT_18w:205.3229,1.0,TARGET,SELL_TGT_18w,1.59,Triple Bottom,No
AME,2025-12-19,SELL_TGT_30w:205.3229,1.0,TARGET,SELL_TGT_30w,1.59,Triple Bottom,No
SizePct
AME,2025-12-20,Watch: Near 50-DEMA with MACD/ADX/Vol OK,45.0,WATCH,Near50,1.59,Triple Bottom,No,0.0
DDD,2025-12-19,Stage: Mark-Down,65.0,WATCH,STAGE,,,Yes
DDD,2025-12-19,SELL_TGT_6w:2.2126,20.25,TARGET,SELL_TGT_6w,8.42,,Yes
DDD,2025-12-19,SELL_TGT_8w:2.2126,20.25,TARGET,SELL_TGT_8w,8.42,,Yes
DDD,2025-12-19,SELL_TGT_12w:2.161,17.45,TARGET,SELL_TGT_12w,8.42,,Yes
DDD,2025-12-19,SELL_TGT_18w:2.161,17.45,TARGET,SELL_TGT_18w,8.42,,Yes
DDD,2025-12-19,SELL_TGT_30w:2.161,17.45,TARGET,SELL_TGT_30w,8.42,,Yes
APLD,2025-12-19,Stage: Mark-Up,70.0,WATCH,STAGE,,,No
APLD,2025-12-19,SELL_TGT_6w:33.7849,21.31,TARGET,SELL_TGT_6w,10.3,,No
APLD,2025-12-19,SELL_TGT_8w:33.7849,21.31,TARGET,SELL_TGT_8w,10.3,,No
APLD,2025-12-19,SELL_TGT_12w:33.0676,18.73,TARGET,SELL_TGT_12w,10.3,,No
APLD,2025-12-19,SELL_TGT_18w:33.0676,18.73,TARGET,SELL_TGT_18w,10.3,,No
APLD,2025-12-19,SELL_TGT_30w:33.0676,18.73,TARGET,SELL_TGT_30w,10.3,,No
SizePct
APLD,2025-12-20,Overbought (>27% above 200 DEMA),22.0,SELL,Overbought (>27% above 200 DEMA),10.3,-,No,1.1
SizePct
APLD,2025-12-20,MACD Bearish below zero,22.0,SELL,MACD Bearish below zero,10.3,-,No,1.1
SizePct
APLD,2025-12-20,Watch: Near 50-DEMA with MACD/ADX/Vol OK,45.0,WATCH,Near50,10.3,-,No,0.0
LEU,2025-12-19,Stage: Accumulation,65.0,WATCH,STAGE,,,No
LEU,2025-12-19,SELL_TGT_6w:276.6592,5.69,TARGET,SELL_TGT_6w,7.97,,No
LEU,2025-12-19,SELL_TGT_8w:276.6592,5.69,TARGET,SELL_TGT_8w,7.97,,No
LEU,2025-12-19,SELL_TGT_12w:269.6454,3.01,TARGET,SELL_TGT_12w,7.97,,No
LEU,2025-12-19,SELL_TGT_18w:269.6454,3.01,TARGET,SELL_TGT_18w,7.97,,No
LEU,2025-12-19,SELL_TGT_30w:269.6454,3.01,TARGET,SELL_TGT_30w,7.97,,No
ALKS,2025-12-19,Stage: Accumulation,100.0,WATCH,STAGE,,Triple Bottom,Yes
ALKS,2025-12-19,SELL_TGT_6w:29.1427,2.43,TARGET,SELL_TGT_6w,2.99,Triple Bottom,Yes
ALKS,2025-12-19,SELL_TGT_8w:35.8828,26.13,TARGET,SELL_TGT_8w,2.99,Triple Bottom,Yes
ALKS,2025-12-19,SELL_TGT_12w:35.5913,25.1,TARGET,SELL_TGT_12w,2.99,Triple Bottom,Yes
ALKS,2025-12-19,SELL_TGT_18w:35.5913,25.1,TARGET,SELL_TGT_18w,2.99,Triple Bottom,Yes
ALKS,2025-12-19,SELL_TGT_30w:35.5913,25.1,TARGET,SELL_TGT_30w,2.99,Triple Bottom,Yes
SizePct
ALKS,2025-12-20,MACD Bearish below zero,50.0,SELL,MACD Bearish below zero,2.99,Triple Bottom,No,2.5
HIG,2025-12-19,Stage: Mark-Up,85.0,WATCH,STAGE,,,No
HIG,2025-12-19,SELL_TGT_6w:140.4001,1.0,TARGET,SELL_TGT_6w,1.65,,No
HIG,2025-12-19,SELL_TGT_8w:140.4001,1.0,TARGET,SELL_TGT_8w,1.65,,No
HIG,2025-12-19,SELL_TGT_12w:140.4001,1.0,TARGET,SELL_TGT_12w,1.65,,No
HIG,2025-12-19,SELL_TGT_18w:140.4001,1.0,TARGET,SELL_TGT_18w,1.65,,No
HIG,2025-12-19,SELL_TGT_30w:140.4001,1.0,TARGET,SELL_TGT_30w,1.65,,No
SizePct
HIG,2025-12-20,Watch: Near 50-DEMA with MACD/ADX/Vol OK,45.0,WATCH,Near50,1.65,-,No,0.0
BKSY,2025-12-19,Stage: Mark-Up,70.0,WATCH,STAGE,,Cup and Handle,No
BKSY,2025-12-19,SELL_TGT_6w:19.2568,0.04,TARGET,SELL_TGT_6w,7.66,Cup and Handle,No
BKSY,2025-12-19,SELL_TGT_8w:19.2568,0.04,TARGET,SELL_TGT_8w,7.66,Cup and Handle,No
BKSY,2025-12-19,SELL_TGT_12w:19.5045,1.32,TARGET,SELL_TGT_12w,7.66,Cup and Handle,No
BKSY,2025-12-19,SELL_TGT_18w:19.5045,1.32,TARGET,SELL_TGT_18w,7.66,Cup and Handle,No
BKSY,2025-12-19,SELL_TGT_30w:19.5045,1.32,TARGET,SELL_TGT_30w,7.66,Cup and Handle,No
SizePct
BKSY,2025-12-20,Watch: Near 50-DEMA with MACD/ADX/Vol OK,45.0,WATCH,Near50,7.66,Cup and Handle,No,0.0
BWXT,2025-12-19,Stage: Accumulation,65.0,WATCH,STAGE,,Triple Bottom,No
BWXT,2025-12-19,SELL_TGT_6w:181.487,2.87,TARGET,SELL_TGT_6w,3.62,Triple Bottom,No
BWXT,2025-12-19,SELL_TGT_8w:181.487,2.87,TARGET,SELL_TGT_8w,3.62,Triple Bottom,No
BWXT,2025-12-19,SELL_TGT_12w:179.8516,1.94,TARGET,SELL_TGT_12w,3.62,Triple Bottom,No
BWXT,2025-12-19,SELL_TGT_18w:179.8516,1.94,TARGET,SELL_TGT_18w,3.62,Triple Bottom,No
BWXT,2025-12-19,SELL_TGT_30w:179.8516,1.94,TARGET,SELL_TGT_30w,3.62,Triple Bottom,No
CBL,2025-12-19,Stage: Mark-Up,85.0,WATCH,STAGE,,Ascending Triangle,No
CBL,2025-12-19,SELL_TGT_6w:37.4609,1.0,TARGET,SELL_TGT_6w,2.28,Ascending Triangle,No
CBL,2025-12-19,SELL_TGT_8w:37.4609,1.0,TARGET,SELL_TGT_8w,2.28,Ascending Triangle,No
CBL,2025-12-19,SELL_TGT_12w:37.4609,1.0,TARGET,SELL_TGT_12w,2.28,Ascending Triangle,No
CBL,2025-12-19,SELL_TGT_18w:37.4609,1.0,TARGET,SELL_TGT_18w,2.28,Ascending Triangle,No
CBL,2025-12-19,SELL_TGT_30w:37.4609,1.0,TARGET,SELL_TGT_30w,2.28,Ascending Triangle,No
SizePct
CBL,2025-12-20,Watch: Near 50-DEMA with MACD/ADX/Vol OK,45.0,WATCH,Near50,2.28,Ascending Triangle,No,0.0
RVMD,2025-12-19,Stage: Mark-Up,85.0,WATCH,STAGE,,,No
RVMD,2025-12-19,SELL_TGT_6w:80.6858,2.42,TARGET,SELL_TGT_6w,3.61,,No
RVMD,2025-12-19,SELL_TGT_8w:80.6858,2.42,TARGET,SELL_TGT_8w,3.61,,No
RVMD,2025-12-19,SELL_TGT_12w:80.1496,1.74,TARGET,SELL_TGT_12w,3.61,,No
RVMD,2025-12-19,SELL_TGT_18w:80.1496,1.74,TARGET,SELL_TGT_18w,3.61,,No
RVMD,2025-12-19,SELL_TGT_30w:80.1496,1.74,TARGET,SELL_TGT_30w,3.61,,No
SizePct
RVMD,2025-12-20,Overbought (>27% above 200 DEMA),30.0,SELL,Overbought (>27% above 200 DEMA),3.61,-,No,1.5
SizePct
RVMD,2025-12-20,Watch: Near 50-DEMA with MACD/ADX/Vol OK,45.0,WATCH,Near50,3.61,-,No,0.0
NET,2025-12-19,Stage: Accumulation,65.0,WATCH,STAGE,,Double Bottom,No
NET,2025-12-19,SELL_TGT_6w:211.9504,8.31,TARGET,SELL_TGT_6w,3.54,Double Bottom,No
NET,2025-12-19,SELL_TGT_8w:211.9504,8.31,TARGET,SELL_TGT_8w,3.54,Double Bottom,No
NET,2025-12-19,SELL_TGT_12w:209.7173,7.17,TARGET,SELL_TGT_12w,3.54,Double Bottom,No
NET,2025-12-19,SELL_TGT_18w:209.7173,7.17,TARGET,SELL_TGT_18w,3.54,Double Bottom,No
NET,2025-12-19,SELL_TGT_30w:209.7173,7.17,TARGET,SELL_TGT_30w,3.54,Double Bottom,No
SizePct
NET,2025-12-20,MACD Bearish below zero,50.0,SELL,MACD Bearish below zero,3.54,Double Bottom,No,2.5
SCHA,2025-12-19,Stage: Mark-Up,65.0,WATCH,STAGE,,Triple Bottom,No
SCHA,2025-12-19,SELL_TGT_6w:29.4395,1.73,TARGET,SELL_TGT_6w,1.41,Triple Bottom,No
SCHA,2025-12-19,SELL_TGT_8w:29.4395,1.73,TARGET,SELL_TGT_8w,1.41,Triple Bottom,No
SCHA,2025-12-19,SELL_TGT_12w:29.3325,1.36,TARGET,SELL_TGT_12w,1.41,Triple Bottom,No
SCHA,2025-12-19,SELL_TGT_18w:29.3325,1.36,TARGET,SELL_TGT_18w,1.41,Triple Bottom,No
SCHA,2025-12-19,SELL_TGT_30w:29.3325,1.36,TARGET,SELL_TGT_30w,1.41,Triple Bottom,No
BBY,2025-12-19,Stage: Accumulation,85.0,WATCH,STAGE,,,Yes
BBY,2025-12-19,SELL_TGT_6w:82.8683,15.37,TARGET,SELL_TGT_6w,2.8,,Yes
BBY,2025-12-19,SELL_TGT_8w:82.8683,15.37,TARGET,SELL_TGT_8w,2.8,,Yes
BBY,2025-12-19,SELL_TGT_12w:82.3338,14.62,TARGET,SELL_TGT_12w,2.8,,Yes
BBY,2025-12-19,SELL_TGT_18w:82.3338,14.62,TARGET,SELL_TGT_18w,2.8,,Yes
BBY,2025-12-19,SELL_TGT_30w:82.3338,14.62,TARGET,SELL_TGT_30w,2.8,,Yes
SizePct
BBY,2025-12-20,MACD Bearish below zero,50.0,SELL,MACD Bearish below zero,2.8,-,No,2.5
UNH,2025-12-19,Stage: Accumulation,100.0,WATCH,STAGE,,Triple Bottom,Yes
UNH,2025-12-19,SELL_TGT_6w:341.5063,4.3,TARGET,SELL_TGT_6w,2.65,Triple Bottom,Yes
UNH,2025-12-19,SELL_TGT_8w:341.5063,4.3,TARGET,SELL_TGT_8w,2.65,Triple Bottom,Yes
UNH,2025-12-19,SELL_TGT_12w:339.1905,3.59,TARGET,SELL_TGT_12w,2.65,Triple Bottom,Yes
UNH,2025-12-19,SELL_TGT_18w:339.1905,3.59,TARGET,SELL_TGT_18w,2.65,Triple Bottom,Yes
UNH,2025-12-19,SELL_TGT_30w:339.1905,3.59,TARGET,SELL_TGT_30w,2.65,Triple Bottom,Yes
JMIA,2025-12-19,Stage: Mark-Up,85.0,WATCH,STAGE,,Triple Bottom,No
JMIA,2025-12-19,SELL_TGT_6w:13.1585,1.92,TARGET,SELL_TGT_6w,6.99,Triple Bottom,No
JMIA,2025-12-19,SELL_TGT_8w:13.1585,1.92,TARGET,SELL_TGT_8w,6.99,Triple Bottom,No
JMIA,2025-12-19,SELL_TGT_12w:12.9709,0.47,TARGET,SELL_TGT_12w,6.99,Triple Bottom,No
JMIA,2025-12-19,SELL_TGT_18w:12.9709,0.47,TARGET,SELL_TGT_18w,6.99,Triple Bottom,No
JMIA,2025-12-19,SELL_TGT_30w:12.9709,0.47,TARGET,SELL_TGT_30w,6.99,Triple Bottom,No
SizePct
JMIA,2025-12-20,Overbought (>27% above 200 DEMA),42.0,SELL,Overbought (>27% above 200 DEMA),6.99,Triple Bottom,No,2.1
SizePct
JMIA,2025-12-20,Watch: Near 50-DEMA with MACD/ADX/Vol OK,45.0,WATCH,Near50,6.99,Triple Bottom,No,0.0
PSTG,2025-12-19,Stage: Mark-Down,85.0,WATCH,STAGE,,,No
PSTG,2025-12-19,SELL_TGT_6w:95.0231,37.46,TARGET,SELL_TGT_6w,7.48,,No
PSTG,2025-12-19,SELL_TGT_8w:95.0231,37.46,TARGET,SELL_TGT_8w,7.48,,No
PSTG,2025-12-19,SELL_TGT_12w:94.0386,36.03,TARGET,SELL_TGT_12w,7.48,,No
PSTG,2025-12-19,SELL_TGT_18w:94.0386,36.03,TARGET,SELL_TGT_18w,7.48,,No
PSTG,2025-12-19,SELL_TGT_30w:94.0386,36.03,TARGET,SELL_TGT_30w,7.48,,No
SizePct
PSTG,2025-12-20,MACD Bearish below zero,46.3,SELL,MACD Bearish below zero,7.48,-,No,2.31
IBEX,2025-12-19,Stage: Mark-Up,85.0,WATCH,STAGE,,Double Bottom,No
IBEX,2025-12-19,SELL_TGT_6w:38.3901,1.0,TARGET,SELL_TGT_6w,2.65,Double Bottom,No
IBEX,2025-12-19,SELL_TGT_8w:39.7586,4.6,TARGET,SELL_TGT_8w,2.65,Double Bottom,No
IBEX,2025-12-19,SELL_TGT_12w:39.4843,3.88,TARGET,SELL_TGT_12w,2.65,Double Bottom,No
IBEX,2025-12-19,SELL_TGT_18w:39.4843,3.88,TARGET,SELL_TGT_18w,2.65,Double Bottom,No
IBEX,2025-12-19,SELL_TGT_30w:39.4843,3.88,TARGET,SELL_TGT_30w,2.65,Double Bottom,No
SizePct
IBEX,2025-12-20,Watch: Near 50-DEMA with MACD/ADX/Vol OK,45.0,WATCH,Near50,2.65,Double Bottom,No,0.0
AMGN,2025-12-19,Stage: Mark-Up,85.0,WATCH,STAGE,,,No
AMGN,2025-12-19,SELL_TGT_6w:343.818,5.02,TARGET,SELL_TGT_6w,2.19,,No
AMGN,2025-12-19,SELL_TGT_8w:343.818,5.02,TARGET,SELL_TGT_8w,2.19,,No
AMGN,2025-12-19,SELL_TGT_12w:342.11,4.5,TARGET,SELL_TGT_12w,2.19,,No
AMGN,2025-12-19,SELL_TGT_18w:342.11,4.5,TARGET,SELL_TGT_18w,2.19,,No
AMGN,2025-12-19,SELL_TGT_30w:342.11,4.5,TARGET,SELL_TGT_30w,2.19,,No
SizePct
AMGN,2025-12-20,Watch: Near 50-DEMA with MACD/ADX/Vol OK,45.0,WATCH,Near50,2.19,-,No,0.0
BLX,2025-12-19,Stage: Accumulation,70.0,WATCH,STAGE,,,No
BLX,2025-12-19,SELL_TGT_6w:45.5679,4.06,TARGET,SELL_TGT_6w,1.73,,No
BLX,2025-12-19,SELL_TGT_8w:45.5679,4.06,TARGET,SELL_TGT_8w,1.73,,No
BLX,2025-12-19,SELL_TGT_12w:45.3598,3.58,TARGET,SELL_TGT_12w,1.73,,No
BLX,2025-12-19,SELL_TGT_18w:45.3598,3.58,TARGET,SELL_TGT_18w,1.73,,No
BLX,2025-12-19,SELL_TGT_30w:45.3598,3.58,TARGET,SELL_TGT_30w,1.73,,No
SizePct
BLX,2025-12-20,MACD Bearish below zero,50.0,SELL,MACD Bearish below zero,1.73,-,No,2.5
PAG,2025-12-19,Stage: Accumulation,85.0,WATCH,STAGE,,,No
PAG,2025-12-19,SELL_TGT_6w:170.8423,2.76,TARGET,SELL_TGT_6w,1.92,,No
PAG,2025-12-19,SELL_TGT_8w:170.8423,2.76,TARGET,SELL_TGT_8w,1.92,,No
PAG,2025-12-19,SELL_TGT_12w:169.9971,2.25,TARGET,SELL_TGT_12w,1.92,,No
PAG,2025-12-19,SELL_TGT_18w:169.9971,2.25,TARGET,SELL_TGT_18w,1.92,,No
PAG,2025-12-19,SELL_TGT_30w:169.9971,2.25,TARGET,SELL_TGT_30w,1.92,,No
RRBI,2025-12-19,Stage: Mark-Up,85.0,WATCH,STAGE,,Ascending Triangle,No
RRBI,2025-12-19,SELL_TGT_6w:76.0631,1.0,TARGET,SELL_TGT_6w,2.75,Ascending Triangle,No
RRBI,2025-12-19,SELL_TGT_8w:76.0631,1.0,TARGET,SELL_TGT_8w,2.75,Ascending Triangle,No
RRBI,2025-12-19,SELL_TGT_12w:76.0631,1.0,TARGET,SELL_TGT_12w,2.75,Ascending Triangle,No
RRBI,2025-12-19,SELL_TGT_18w:76.0631,1.0,TARGET,SELL_TGT_18w,2.75,Ascending Triangle,No
RRBI,2025-12-19,SELL_TGT_30w:76.0631,1.0,TARGET,SELL_TGT_30w,2.75,Ascending Triangle,No
SizePct
RRBI,2025-12-20,Watch: Near 50-DEMA with MACD/ADX/Vol OK,45.0,WATCH,Near50,2.75,Ascending Triangle,No,0.0
HRTG,2025-12-19,Stage: Mark-Up,85.0,WATCH,STAGE,,,No
HRTG,2025-12-19,SELL_TGT_6w:31.4227,8.5,TARGET,SELL_TGT_6w,4.09,,No
HRTG,2025-12-19,SELL_TGT_8w:31.4227,8.5,TARGET,SELL_TGT_8w,4.09,,No
HRTG,2025-12-19,SELL_TGT_12w:31.0511,7.22,TARGET,SELL_TGT_12w,4.09,,No
HRTG,2025-12-19,SELL_TGT_18w:31.0511,7.22,TARGET,SELL_TGT_18w,4.09,,No
HRTG,2025-12-19,SELL_TGT_30w:31.0511,7.22,TARGET,SELL_TGT_30w,4.09,,No
SizePct
HRTG,2025-12-20,Overbought (>27% above 200 DEMA),48.1,SELL,Overbought (>27% above 200 DEMA),4.09,-,No,2.41
SizePct
HRTG,2025-12-20,Watch: Near 50-DEMA with MACD/ADX/Vol OK,45.0,WATCH,Near50,4.09,-,No,0.0
ACN,2025-12-19,Stage: Accumulation,70.0,WATCH,STAGE,,,Yes
ACN,2025-12-19,SELL_TGT_6w:278.5746,2.32,TARGET,SELL_TGT_6w,2.72,,Yes
ACN,2025-12-19,SELL_TGT_8w:278.5746,2.32,TARGET,SELL_TGT_8w,2.72,,Yes
ACN,2025-12-19,SELL_TGT_12w:277.1511,1.8,TARGET,SELL_TGT_12w,2.72,,Yes
ACN,2025-12-19,SELL_TGT_18w:277.1511,1.8,TARGET,SELL_TGT_18w,2.72,,Yes
ACN,2025-12-19,SELL_TGT_30w:277.1511,1.8,TARGET,SELL_TGT_30w,2.72,,Yes
INDA,2025-12-19,Stage: Accumulation,85.0,WATCH,STAGE,,Triple Bottom,No
INDA,2025-12-19,SELL_TGT_6w:54.9176,1.42,TARGET,SELL_TGT_6w,0.89,Triple Bottom,No
INDA,2025-12-19,SELL_TGT_8w:54.9176,1.42,TARGET,SELL_TGT_8w,0.89,Triple Bottom,No
INDA,2025-12-19,SELL_TGT_12w:54.7961,1.19,TARGET,SELL_TGT_12w,0.89,Triple Bottom,No
INDA,2025-12-19,SELL_TGT_18w:54.7961,1.19,TARGET,SELL_TGT_18w,0.89,Triple Bottom,No
INDA,2025-12-19,SELL_TGT_30w:54.7961,1.19,TARGET,SELL_TGT_30w,0.89,Triple Bottom,No
SizePct
INDA,2025-12-20,DipReclaim,65.0,BUY,DipReclaim,0.89,Triple Bottom,No,3.25
CASH,2025-12-19,Stage: Mark-Up,85.0,WATCH,STAGE,,Triple Bottom,No
CASH,2025-12-19,SELL_TGT_6w:76.1641,1.0,TARGET,SELL_TGT_6w,2.46,Triple Bottom,No
CASH,2025-12-19,SELL_TGT_8w:76.1641,1.0,TARGET,SELL_TGT_8w,2.46,Triple Bottom,No
CASH,2025-12-19,SELL_TGT_12w:76.0084,0.79,TARGET,SELL_TGT_12w,2.46,Triple Bottom,No
CASH,2025-12-19,SELL_TGT_18w:76.0084,0.79,TARGET,SELL_TGT_18w,2.46,Triple Bottom,No
CASH,2025-12-19,SELL_TGT_30w:76.0084,0.79,TARGET,SELL_TGT_30w,2.46,Triple Bottom,No
SizePct
CASH,2025-12-20,Watch: Near 50-DEMA with MACD/ADX/Vol OK,45.0,WATCH,Near50,2.46,Triple Bottom,No,0.0
CSGS,2025-12-19,Stage: Mark-Up,85.0,WATCH,STAGE,,Triple Bottom,No
CSGS,2025-12-19,SELL_TGT_6w:78.4371,1.85,TARGET,SELL_TGT_6w,0.71,Triple Bottom,No
CSGS,2025-12-19,SELL_TGT_8w:78.4371,1.85,TARGET,SELL_TGT_8w,0.71,Triple Bottom,No
CSGS,2025-12-19,SELL_TGT_12w:78.1752,1.51,TARGET,SELL_TGT_12w,0.71,Triple Bottom,No
CSGS,2025-12-19,SELL_TGT_18w:78.1752,1.51,TARGET,SELL_TGT_18w,0.71,Triple Bottom,No
CSGS,2025-12-19,SELL_TGT_30w:78.1752,1.51,TARGET,SELL_TGT_30w,0.71,Triple Bottom,No
SizePct
CSGS,2025-12-20,Watch: Near 50-DEMA with MACD/ADX/Vol OK,45.0,WATCH,Near50,0.71,Triple Bottom,No,0.0
LIND,2025-12-19,Stage: Mark-Up,85.0,WATCH,STAGE,,Double Bottom,No
LIND,2025-12-19,SELL_TGT_6w:14.8672,1.0,TARGET,SELL_TGT_6w,3.2,Double Bottom,No
LIND,2025-12-19,SELL_TGT_8w:14.8672,1.0,TARGET,SELL_TGT_8w,3.2,Double Bottom,No
LIND,2025-12-19,SELL_TGT_12w:14.8672,1.0,TARGET,SELL_TGT_12w,3.2,Double Bottom,No
LIND,2025-12-19,SELL_TGT_18w:14.8672,1.0,TARGET,SELL_TGT_18w,3.2,Double Bottom,No
LIND,2025-12-19,SELL_TGT_30w:14.8672,1.0,TARGET,SELL_TGT_30w,3.2,Double Bottom,No
SizePct
LIND,2025-12-20,Watch: Near 50-DEMA with MACD/ADX/Vol OK,45.0,WATCH,Near50,3.2,Double Bottom,No,0.0
SABR,2025-12-19,Stage: Mark-Down,65.0,WATCH,STAGE,,Triple Bottom,No
SABR,2025-12-19,SELL_TGT_6w:1.6648,12.49,TARGET,SELL_TGT_6w,5.07,Triple Bottom,No
SABR,2025-12-19,SELL_TGT_8w:1.6648,12.49,TARGET,SELL_TGT_8w,5.07,Triple Bottom,No
SABR,2025-12-19,SELL_TGT_12w:1.6447,11.13,TARGET,SELL_TGT_12w,5.07,Triple Bottom,No
SABR,2025-12-19,SELL_TGT_18w:1.6447,11.13,TARGET,SELL_TGT_18w,5.07,Triple Bottom,No
SABR,2025-12-19,SELL_TGT_30w:1.6447,11.13,TARGET,SELL_TGT_30w,5.07,Triple Bottom,No
VAC,2025-12-19,Stage: Mark-Down,65.0,WATCH,STAGE,,,Yes
VAC,2025-12-19,SELL_TGT_6w:58.277,0.9,TARGET,SELL_TGT_6w,3.35,,Yes
VAC,2025-12-19,SELL_TGT_8w:58.277,0.9,TARGET,SELL_TGT_8w,3.35,,Yes
VAC,2025-12-19,SELL_TGT_12w:58.6114,1.47,TARGET,SELL_TGT_12w,3.35,,Yes
VAC,2025-12-19,SELL_TGT_18w:58.6114,1.47,TARGET,SELL_TGT_18w,3.35,,Yes
VAC,2025-12-19,SELL_TGT_30w:58.6114,1.47,TARGET,SELL_TGT_30w,3.35,,Yes
PDD,2025-12-19,Stage: Accumulation,85.0,WATCH,STAGE,,,Yes
PDD,2025-12-19,SELL_TGT_6w:118.2797,8.01,TARGET,SELL_TGT_6w,2.84,,Yes
PDD,2025-12-19,SELL_TGT_8w:118.2797,8.01,TARGET,SELL_TGT_8w,2.84,,Yes
PDD,2025-12-19,SELL_TGT_12w:117.4395,7.24,TARGET,SELL_TGT_12w,2.84,,Yes
PDD,2025-12-19,SELL_TGT_18w:117.4395,7.24,TARGET,SELL_TGT_18w,2.84,,Yes
PDD,2025-12-19,SELL_TGT_30w:117.4395,7.24,TARGET,SELL_TGT_30w,2.84,,Yes
SizePct
PDD,2025-12-20,MACD Bearish below zero,50.0,SELL,MACD Bearish below zero,2.84,-,No,2.5
NEM,2025-12-19,Stage: Mark-Up,85.0,WATCH,STAGE,,Double Bottom,No
NEM,2025-12-19,SELL_TGT_6w:102.3029,1.0,TARGET,SELL_TGT_6w,3.46,Double Bottom,No
NEM,2025-12-19,SELL_TGT_8w:102.3029,1.0,TARGET,SELL_TGT_8w,3.46,Double Bottom,No
NEM,2025-12-19,SELL_TGT_12w:102.3029,1.0,TARGET,SELL_TGT_12w,3.46,Double Bottom,No
NEM,2025-12-19,SELL_TGT_18w:102.3029,1.0,TARGET,SELL_TGT_18w,3.46,Double Bottom,No
NEM,2025-12-19,SELL_TGT_30w:102.3029,1.0,TARGET,SELL_TGT_30w,3.46,Double Bottom,No
SizePct
NEM,2025-12-20,Overbought (>27% above 200 DEMA),45.0,SELL,Overbought (>27% above 200 DEMA),3.46,Double Bottom,No,2.25
SizePct
NEM,2025-12-20,Watch: Near 50-DEMA with MACD/ADX/Vol OK,45.0,WATCH,Near50,3.46,Double Bottom,No,0.0
AVGO,2025-12-19,Stage: Distribution,50.0,WATCH,STAGE,,Ascending Triangle,No
AVGO,2025-12-19,SELL_TGT_6w:409.2327,20.24,TARGET,SELL_TGT_6w,5.18,Ascending Triangle,No
AVGO,2025-12-19,SELL_TGT_8w:409.2327,20.24,TARGET,SELL_TGT_8w,5.18,Ascending Triangle,No
AVGO,2025-12-19,SELL_TGT_12w:405.6479,19.18,TARGET,SELL_TGT_12w,5.18,Ascending Triangle,No
AVGO,2025-12-19,SELL_TGT_18w:405.6479,19.18,TARGET,SELL_TGT_18w,5.18,Ascending Triangle,No
AVGO,2025-12-19,SELL_TGT_30w:405.6479,19.18,TARGET,SELL_TGT_30w,5.18,Ascending Triangle,No
SizePct
AVGO,2025-12-20,MACD Bearish below zero,49.7,SELL,MACD Bearish below zero,5.18,Ascending Triangle,No,2.49
BL,2025-12-19,Stage: Mark-Up,65.0,WATCH,STAGE,,Double Bottom,Yes
BL,2025-12-19,SELL_TGT_6w:58.7571,1.59,TARGET,SELL_TGT_6w,2.54,Double Bottom,Yes
BL,2025-12-19,SELL_TGT_8w:58.7571,1.59,TARGET,SELL_TGT_8w,2.54,Double Bottom,Yes
BL,2025-12-19,SELL_TGT_12w:58.3886,0.95,TARGET,SELL_TGT_12w,2.54,Double Bottom,Yes
BL,2025-12-19,SELL_TGT_18w:58.3886,0.95,TARGET,SELL_TGT_18w,2.54,Double Bottom,Yes
BL,2025-12-19,SELL_TGT_30w:58.3886,0.95,TARGET,SELL_TGT_30w,2.54,Double Bottom,Yes
FLXS,2025-12-19,Stage: Accumulation,100.0,WATCH,STAGE,,,No
FLXS,2025-12-19,SELL_TGT_6w:41.8366,3.68,TARGET,SELL_TGT_6w,2.73,,No
FLXS,2025-12-19,SELL_TGT_8w:41.8366,3.68,TARGET,SELL_TGT_8w,2.73,,No
FLXS,2025-12-19,SELL_TGT_12w:44.0277,9.11,TARGET,SELL_TGT_12w,2.73,,No
FLXS,2025-12-19,SELL_TGT_18w:44.0277,9.11,TARGET,SELL_TGT_18w,2.73,,No
FLXS,2025-12-19,SELL_TGT_30w:44.0277,9.11,TARGET,SELL_TGT_30w,2.73,,No
VEA,2025-12-19,Stage: Mark-Up,65.0,WATCH,STAGE,,Triple Bottom,No
VEA,2025-12-19,SELL_TGT_6w:62.2547,0.67,TARGET,SELL_TGT_6w,0.84,Triple Bottom,No
VEA,2025-12-19,SELL_TGT_8w:61.9747,0.22,TARGET,SELL_TGT_8w,0.84,Triple Bottom,No
VEA,2025-12-19,SELL_TGT_12w:62.4584,1.0,TARGET,SELL_TGT_12w,0.84,Triple Bottom,No
VEA,2025-12-19,SELL_TGT_18w:62.4584,1.0,TARGET,SELL_TGT_18w,0.84,Triple Bottom,No
VEA,2025-12-19,SELL_TGT_30w:62.4584,1.0,TARGET,SELL_TGT_30w,0.84,Triple Bottom,No
KAR,2025-12-19,Stage: Mark-Up,85.0,WATCH,STAGE,,,No
KAR,2025-12-19,SELL_TGT_6w:30.8555,1.0,TARGET,SELL_TGT_6w,2.63,,No
KAR,2025-12-19,SELL_TGT_8w:30.8555,1.0,TARGET,SELL_TGT_8w,2.63,,No
KAR,2025-12-19,SELL_TGT_12w:30.8555,1.0,TARGET,SELL_TGT_12w,2.63,,No
KAR,2025-12-19,SELL_TGT_18w:30.8555,1.0,TARGET,SELL_TGT_18w,2.63,,No
KAR,2025-12-19,SELL_TGT_30w:30.8555,1.0,TARGET,SELL_TGT_30w,2.63,,No
SizePct
KAR,2025-12-20,Watch: Near 50-DEMA with MACD/ADX/Vol OK,45.0,WATCH,Near50,2.63,-,No,0.0
PICK,2025-12-19,Stage: Mark-Up,85.0,WATCH,STAGE,,,No
PICK,2025-12-19,SELL_TGT_6w:50.5385,1.26,TARGET,SELL_TGT_6w,1.75,,No
PICK,2025-12-19,SELL_TGT_8w:50.5385,1.26,TARGET,SELL_TGT_8w,1.75,,No
PICK,2025-12-19,SELL_TGT_12w:50.3309,0.84,TARGET,SELL_TGT_12w,1.75,,No
PICK,2025-12-19,SELL_TGT_18w:50.3309,0.84,TARGET,SELL_TGT_18w,1.75,,No
PICK,2025-12-19,SELL_TGT_30w:50.3309,0.84,TARGET,SELL_TGT_30w,1.75,,No
SizePct
PICK,2025-12-20,Watch: Near 50-DEMA with MACD/ADX/Vol OK,45.0,WATCH,Near50,1.75,-,No,0.0
SOHU,2025-12-19,Stage: Accumulation,50.0,WATCH,STAGE,,Double Bottom,No
SOHU,2025-12-19,SELL_TGT_6w:15.7381,5.2,TARGET,SELL_TGT_6w,3.23,Double Bottom,No
SOHU,2025-12-19,SELL_TGT_8w:15.7381,5.2,TARGET,SELL_TGT_8w,3.23,Double Bottom,No
SOHU,2025-12-19,SELL_TGT_12w:15.6302,4.48,TARGET,SELL_TGT_12w,3.23,Double Bottom,No
SOHU,2025-12-19,SELL_TGT_18w:15.6302,4.48,TARGET,SELL_TGT_18w,3.23,Double Bottom,No
SOHU,2025-12-19,SELL_TGT_30w:15.6302,4.48,TARGET,SELL_TGT_30w,3.23,Double Bottom,No
SizePct
SOHU,2025-12-20,MACD Bearish below zero,50.0,SELL,MACD Bearish below zero,3.23,Double Bottom,No,2.5
SizePct
SOHU,2025-12-20,Watch: Near 50-DEMA with MACD/ADX/Vol OK,45.0,WATCH,Near50,3.23,Double Bottom,No,0.0
IREN,2025-12-19,Stage: Accumulation,50.0,WATCH,STAGE,,,No
IREN,2025-12-19,SELL_TGT_6w:46.9801,17.69,TARGET,SELL_TGT_6w,10.08,,No
IREN,2025-12-19,SELL_TGT_8w:46.9801,17.69,TARGET,SELL_TGT_8w,10.08,,No
IREN,2025-12-19,SELL_TGT_12w:45.6936,14.46,TARGET,SELL_TGT_12w,10.08,,No
IREN,2025-12-19,SELL_TGT_18w:45.6936,14.46,TARGET,SELL_TGT_18w,10.08,,No
IREN,2025-12-19,SELL_TGT_30w:45.6936,14.46,TARGET,SELL_TGT_30w,10.08,,No
SizePct
IREN,2025-12-20,MACD Bearish below zero,29.8,SELL,MACD Bearish below zero,10.08,-,No,1.49
RZLV,2025-12-19,Stage: Mark-Down,65.0,WATCH,STAGE,,,No
RZLV,2025-12-19,SELL_TGT_6w:2.8621,12.24,TARGET,SELL_TGT_6w,14.41,,No
RZLV,2025-12-19,SELL_TGT_8w:4.1021,60.87,TARGET,SELL_TGT_8w,14.41,,No
RZLV,2025-12-19,SELL_TGT_12w:6.4769,154.0,TARGET,SELL_TGT_12w,14.41,,No
RZLV,2025-12-19,SELL_TGT_18w:7.2669,184.98,TARGET,SELL_TGT_18w,14.41,,No
RZLV,2025-12-19,SELL_TGT_30w:7.2669,184.98,TARGET,SELL_TGT_30w,14.41,,No
TK,2025-12-19,Stage: Accumulation,65.0,WATCH,STAGE,,Triple Bottom,No
TK,2025-12-19,SELL_TGT_6w:10.5113,14.63,TARGET,SELL_TGT_6w,2.57,Triple Bottom,No
TK,2025-12-19,SELL_TGT_8w:10.5113,14.63,TARGET,SELL_TGT_8w,2.57,Triple Bottom,No
TK,2025-12-19,SELL_TGT_12w:10.4521,13.98,TARGET,SELL_TGT_12w,2.57,Triple Bottom,No
TK,2025-12-19,SELL_TGT_18w:10.4521,13.98,TARGET,SELL_TGT_18w,2.57,Triple Bottom,No
TK,2025-12-19,SELL_TGT_30w:10.4521,13.98,TARGET,SELL_TGT_30w,2.57,Triple Bottom,No
SizePct
TK,2025-12-20,MACD Bearish below zero,50.0,SELL,MACD Bearish below zero,2.57,Triple Bottom,No,2.5
SizePct
TK,2025-12-20,Watch: Near 50-DEMA with MACD/ADX/Vol OK,45.0,WATCH,Near50,2.57,Triple Bottom,No,0.0
INDS,2025-12-19,Stage: Accumulation,100.0,WATCH,STAGE,,Triple Bottom,Yes
INDS,2025-12-19,SELL_TGT_6w:38.0821,1.69,TARGET,SELL_TGT_6w,0.97,Triple Bottom,Yes
INDS,2025-12-19,SELL_TGT_8w:38.0821,1.69,TARGET,SELL_TGT_8w,0.97,Triple Bottom,Yes
INDS,2025-12-19,SELL_TGT_12w:37.9702,1.39,TARGET,SELL_TGT_12w,0.97,Triple Bottom,Yes
INDS,2025-12-19,SELL_TGT_18w:37.9702,1.39,TARGET,SELL_TGT_18w,0.97,Triple Bottom,Yes
INDS,2025-12-19,SELL_TGT_30w:37.9702,1.39,TARGET,SELL_TGT_30w,0.97,Triple Bottom,Yes
SizePct
INDS,2025-12-20,Watch: Near 50-DEMA with MACD/ADX/Vol OK,45.0,WATCH,Near50,0.97,Triple Bottom,No,0.0
NTCT,2025-12-19,Stage: Mark-Up,85.0,WATCH,STAGE,,,No
NTCT,2025-12-19,SELL_TGT_6w:28.3608,1.0,TARGET,SELL_TGT_6w,2.16,,No
NTCT,2025-12-19,SELL_TGT_8w:28.3608,1.0,TARGET,SELL_TGT_8w,2.16,,No
NTCT,2025-12-19,SELL_TGT_12w:28.3608,1.0,TARGET,SELL_TGT_12w,2.16,,No
NTCT,2025-12-19,SELL_TGT_18w:28.3608,1.0,TARGET,SELL_TGT_18w,2.16,,No
NTCT,2025-12-19,SELL_TGT_30w:28.3608,1.0,TARGET,SELL_TGT_30w,2.16,,No
SizePct
NTCT,2025-12-20,Watch: Near 50-DEMA with MACD/ADX/Vol OK,45.0,WATCH,Near50,2.16,-,No,0.0
FTDR,2025-12-19,Stage: Accumulation,85.0,WATCH,STAGE,,Double Bottom,No
FTDR,2025-12-19,SELL_TGT_6w:57.3579,1.0,TARGET,SELL_TGT_6w,2.55,Double Bottom,No
FTDR,2025-12-19,SELL_TGT_8w:57.3579,1.0,TARGET,SELL_TGT_8w,2.55,Double Bottom,No
FTDR,2025-12-19,SELL_TGT_12w:57.3579,1.0,TARGET,SELL_TGT_12w,2.55,Double Bottom,No
FTDR,2025-12-19,SELL_TGT_18w:57.3579,1.0,TARGET,SELL_TGT_18w,2.55,Double Bottom,No
FTDR,2025-12-19,SELL_TGT_30w:57.3579,1.0,TARGET,SELL_TGT_30w,2.55,Double Bottom,No
SizePct
FTDR,2025-12-20,Watch: Near 50-DEMA with MACD/ADX/Vol OK,45.0,WATCH,Near50,2.55,Double Bottom,No,0.0
NOVT,2025-12-19,Stage: Accumulation,85.0,WATCH,STAGE,,Ascending Triangle,Yes
NOVT,2025-12-19,SELL_TGT_6w:120.5435,1.0,TARGET,SELL_TGT_6w,2.89,Ascending Triangle,Yes
NOVT,2025-12-19,SELL_TGT_8w:135.5528,13.58,TARGET,SELL_TGT_8w,2.89,Ascending Triangle,Yes
NOVT,2025-12-19,SELL_TGT_12w:134.3546,12.57,TARGET,SELL_TGT_12w,2.89,Ascending Triangle,Yes
NOVT,2025-12-19,SELL_TGT_18w:134.3546,12.57,TARGET,SELL_TGT_18w,2.89,Ascending Triangle,Yes
NOVT,2025-12-19,SELL_TGT_30w:134.3546,12.57,TARGET,SELL_TGT_30w,2.89,Ascending Triangle,Yes
C,2025-12-19,Stage: Mark-Up,85.0,WATCH,STAGE,,,No
C,2025-12-19,SELL_TGT_6w:116.0086,1.0,TARGET,SELL_TGT_6w,2.03,,No
C,2025-12-19,SELL_TGT_8w:116.0086,1.0,TARGET,SELL_TGT_8w,2.03,,No
C,2025-12-19,SELL_TGT_12w:116.0086,1.0,TARGET,SELL_TGT_12w,2.03,,No
C,2025-12-19,SELL_TGT_18w:116.0086,1.0,TARGET,SELL_TGT_18w,2.03,,No
C,2025-12-19,SELL_TGT_30w:116.0086,1.0,TARGET,SELL_TGT_30w,2.03,,No
SizePct
C,2025-12-20,Watch: Near 50-DEMA with MACD/ADX/Vol OK,45.0,WATCH,Near50,2.03,-,No,0.0
JOBY,2025-12-19,Stage: Accumulation,65.0,WATCH,STAGE,,,No
JOBY,2025-12-19,SELL_TGT_6w:15.5783,9.55,TARGET,SELL_TGT_6w,6.24,,No
JOBY,2025-12-19,SELL_TGT_8w:15.5783,9.55,TARGET,SELL_TGT_8w,6.24,,No
JOBY,2025-12-19,SELL_TGT_12w:15.3105,7.67,TARGET,SELL_TGT_12w,6.24,,No
JOBY,2025-12-19,SELL_TGT_18w:15.3105,7.67,TARGET,SELL_TGT_18w,6.24,,No
JOBY,2025-12-19,SELL_TGT_30w:15.3105,7.67,TARGET,SELL_TGT_30w,6.24,,No
SizePct
JOBY,2025-12-20,MACD Bearish below zero,48.1,SELL,MACD Bearish below zero,6.24,-,No,2.41
SIGA,2025-12-19,Stage: Mark-Down,65.0,WATCH,STAGE,,,Yes
SIGA,2025-12-19,SELL_TGT_6w:6.4558,2.96,TARGET,SELL_TGT_6w,3.12,,Yes
SIGA,2025-12-19,SELL_TGT_8w:6.4558,2.96,TARGET,SELL_TGT_8w,3.12,,Yes
SIGA,2025-12-19,SELL_TGT_12w:6.393,1.96,TARGET,SELL_TGT_12w,3.12,,Yes
SIGA,2025-12-19,SELL_TGT_18w:6.393,1.96,TARGET,SELL_TGT_18w,3.12,,Yes
SIGA,2025-12-19,SELL_TGT_30w:6.393,1.96,TARGET,SELL_TGT_30w,3.12,,Yes
CRNC,2025-12-19,Stage: Mark-Up,85.0,WATCH,STAGE,,,No
CRNC,2025-12-19,SELL_TGT_6w:12.8469,14.5,TARGET,SELL_TGT_6w,6.12,,No
CRNC,2025-12-19,SELL_TGT_8w:12.8469,14.5,TARGET,SELL_TGT_8w,6.12,,No
CRNC,2025-12-19,SELL_TGT_12w:12.6314,12.58,TARGET,SELL_TGT_12w,6.12,,No
CRNC,2025-12-19,SELL_TGT_18w:12.6314,12.58,TARGET,SELL_TGT_18w,6.12,,No
CRNC,2025-12-19,SELL_TGT_30w:12.6314,12.58,TARGET,SELL_TGT_30w,6.12,,No
SizePct
CRNC,2025-12-20,Watch: Near 50-DEMA with MACD/ADX/Vol OK,45.0,WATCH,Near50,6.12,-,No,0.0
GFI,2025-12-19,Stage: Mark-Up,85.0,WATCH,STAGE,,Double Bottom,No
GFI,2025-12-19,SELL_TGT_6w:45.6116,1.0,TARGET,SELL_TGT_6w,4.22,Double Bottom,No
GFI,2025-12-19,SELL_TGT_8w:45.6116,1.0,TARGET,SELL_TGT_8w,4.22,Double Bottom,No
GFI,2025-12-19,SELL_TGT_12w:45.6116,1.0,TARGET,SELL_TGT_12w,4.22,Double Bottom,No
GFI,2025-12-19,SELL_TGT_18w:45.6116,1.0,TARGET,SELL_TGT_18w,4.22,Double Bottom,No
GFI,2025-12-19,SELL_TGT_30w:45.6116,1.0,TARGET,SELL_TGT_30w,4.22,Double Bottom,No
SizePct
GFI,2025-12-20,Overbought (>27% above 200 DEMA),45.0,SELL,Overbought (>27% above 200 DEMA),4.22,Double Bottom,No,2.25
SizePct
GFI,2025-12-20,Watch: Near 50-DEMA with MACD/ADX/Vol OK,45.0,WATCH,Near50,4.22,Double Bottom,No,0.0
EDU,2025-12-19,Stage: Accumulation,85.0,WATCH,STAGE,,Cup and Handle,No
EDU,2025-12-19,SELL_TGT_6w:56.0348,1.0,TARGET,SELL_TGT_6w,2.49,Cup and Handle,No
EDU,2025-12-19,SELL_TGT_8w:58.9651,6.28,TARGET,SELL_TGT_8w,2.49,Cup and Handle,No
EDU,2025-12-19,SELL_TGT_12w:60.5518,9.14,TARGET,SELL_TGT_12w,2.49,Cup and Handle,No
EDU,2025-12-19,SELL_TGT_18w:60.5518,9.14,TARGET,SELL_TGT_18w,2.49,Cup and Handle,No
EDU,2025-12-19,SELL_TGT_30w:60.5518,9.14,TARGET,SELL_TGT_30w,2.49,Cup and Handle,No
SizePct
EDU,2025-12-20,Watch: Near 50-DEMA with MACD/ADX/Vol OK,45.0,WATCH,Near50,2.49,Cup and Handle,No,0.0
BK,2025-12-19,Stage: Mark-Up,85.0,WATCH,STAGE,,,No
BK,2025-12-19,SELL_TGT_6w:118.7205,2.49,TARGET,SELL_TGT_6w,1.74,,No
BK,2025-12-19,SELL_TGT_8w:118.7205,2.49,TARGET,SELL_TGT_8w,1.74,,No
BK,2025-12-19,SELL_TGT_12w:118.2675,2.1,TARGET,SELL_TGT_12w,1.74,,No
BK,2025-12-19,SELL_TGT_18w:118.2675,2.1,TARGET,SELL_TGT_18w,1.74,,No
BK,2025-12-19,SELL_TGT_30w:118.2675,2.1,TARGET,SELL_TGT_30w,1.74,,No
SizePct
BK,2025-12-20,Watch: Near 50-DEMA with MACD/ADX/Vol OK,45.0,WATCH,Near50,1.74,-,No,0.0
HII,2025-12-19,Stage: Mark-Up,85.0,WATCH,STAGE,,Cup and Handle,No
HII,2025-12-19,SELL_TGT_6w:340.0064,1.0,TARGET,SELL_TGT_6w,2.81,Cup and Handle,No
HII,2025-12-19,SELL_TGT_8w:340.0064,1.0,TARGET,SELL_TGT_8w,2.81,Cup and Handle,No
HII,2025-12-19,SELL_TGT_12w:340.0064,1.0,TARGET,SELL_TGT_12w,2.81,Cup and Handle,No
HII,2025-12-19,SELL_TGT_18w:340.0064,1.0,TARGET,SELL_TGT_18w,2.81,Cup and Handle,No
HII,2025-12-19,SELL_TGT_30w:340.0064,1.0,TARGET,SELL_TGT_30w,2.81,Cup and Handle,No
SizePct
HII,2025-12-20,Watch: Near 50-DEMA with MACD/ADX/Vol OK,45.0,WATCH,Near50,2.81,Cup and Handle,No,0.0
ESTC,2025-12-19,Stage: Accumulation,85.0,WATCH,STAGE,,,Yes
ESTC,2025-12-19,SELL_TGT_6w:78.6808,2.96,TARGET,SELL_TGT_6w,3.45,,Yes
ESTC,2025-12-19,SELL_TGT_8w:78.6808,2.96,TARGET,SELL_TGT_8w,3.45,,Yes
ESTC,2025-12-19,SELL_TGT_12w:77.888,1.92,TARGET,SELL_TGT_12w,3.45,,Yes
ESTC,2025-12-19,SELL_TGT_18w:77.888,1.92,TARGET,SELL_TGT_18w,3.45,,Yes
ESTC,2025-12-19,SELL_TGT_30w:77.888,1.92,TARGET,SELL_TGT_30w,3.45,,Yes
EBAY,2025-12-19,Stage: Accumulation,85.0,WATCH,STAGE,,Triple Bottom,No
EBAY,2025-12-19,SELL_TGT_6w:84.7621,0.12,TARGET,SELL_TGT_6w,2.2,Triple Bottom,No
EBAY,2025-12-19,SELL_TGT_8w:84.7621,0.12,TARGET,SELL_TGT_8w,2.2,Triple Bottom,No
EBAY,2025-12-19,SELL_TGT_12w:85.5066,1.0,TARGET,SELL_TGT_12w,2.2,Triple Bottom,No
EBAY,2025-12-19,SELL_TGT_18w:85.5066,1.0,TARGET,SELL_TGT_18w,2.2,Triple Bottom,No
EBAY,2025-12-19,SELL_TGT_30w:85.5066,1.0,TARGET,SELL_TGT_30w,2.2,Triple Bottom,No
SizePct
EBAY,2025-12-20,Watch: Near 50-DEMA with MACD/ADX/Vol OK,45.0,WATCH,Near50,2.2,Triple Bottom,No,0.0
SCSC,2025-12-19,Stage: Accumulation,85.0,WATCH,STAGE,,Double Bottom,No
SCSC,2025-12-19,SELL_TGT_6w:42.9754,4.64,TARGET,SELL_TGT_6w,3.4,Double Bottom,No
SCSC,2025-12-19,SELL_TGT_8w:42.9754,4.64,TARGET,SELL_TGT_8w,3.4,Double Bottom,No
SCSC,2025-12-19,SELL_TGT_12w:42.6857,3.93,TARGET,SELL_TGT_12w,3.4,Double Bottom,No
SCSC,2025-12-19,SELL_TGT_18w:42.6857,3.93,TARGET,SELL_TGT_18w,3.4,Double Bottom,No
SCSC,2025-12-19,SELL_TGT_30w:42.6857,3.93,TARGET,SELL_TGT_30w,3.4,Double Bottom,No
VB,2025-12-19,Stage: Mark-Up,85.0,WATCH,STAGE,,Triple Bottom,No
VB,2025-12-19,SELL_TGT_6w:265.6051,1.28,TARGET,SELL_TGT_6w,1.29,Triple Bottom,No
VB,2025-12-19,SELL_TGT_8w:265.6051,1.28,TARGET,SELL_TGT_8w,1.29,Triple Bottom,No
VB,2025-12-19,SELL_TGT_12w:264.7286,0.95,TARGET,SELL_TGT_12w,1.29,Triple Bottom,No
VB,2025-12-19,SELL_TGT_18w:264.7286,0.95,TARGET,SELL_TGT_18w,1.29,Triple Bottom,No
VB,2025-12-19,SELL_TGT_30w:264.7286,0.95,TARGET,SELL_TGT_30w,1.29,Triple Bottom,No
SizePct
VB,2025-12-20,Watch: Near 50-DEMA with MACD/ADX/Vol OK,45.0,WATCH,Near50,1.29,Triple Bottom,No,0.0
LITE,2025-12-19,Stage: Mark-Up,85.0,WATCH,STAGE,,,No
LITE,2025-12-19,SELL_TGT_6w:375.1443,1.0,TARGET,SELL_TGT_6w,7.19,,No
LITE,2025-12-19,SELL_TGT_8w:375.1443,1.0,TARGET,SELL_TGT_8w,7.19,,No
LITE,2025-12-19,SELL_TGT_12w:375.1443,1.0,TARGET,SELL_TGT_12w,7.19,,No
LITE,2025-12-19,SELL_TGT_18w:375.1443,1.0,TARGET,SELL_TGT_18w,7.19,,No
LITE,2025-12-19,SELL_TGT_30w:375.1443,1.0,TARGET,SELL_TGT_30w,7.19,,No
SizePct
LITE,2025-12-20,Overbought (>27% above 200 DEMA),26.7,SELL,Overbought (>27% above 200 DEMA),7.19,-,No,1.34
SizePct
LITE,2025-12-20,Watch: Near 50-DEMA with MACD/ADX/Vol OK,45.0,WATCH,Near50,7.19,-,No,0.0
FTXL,2025-12-19,Stage: Mark-Up,85.0,WATCH,STAGE,,,No
FTXL,2025-12-19,SELL_TGT_6w:135.0485,4.41,TARGET,SELL_TGT_6w,2.75,,No
FTXL,2025-12-19,SELL_TGT_8w:135.0485,4.41,TARGET,SELL_TGT_8w,2.75,,No
FTXL,2025-12-19,SELL_TGT_12w:134.2141,3.77,TARGET,SELL_TGT_12w,2.75,,No
FTXL,2025-12-19,SELL_TGT_18w:134.2141,3.77,TARGET,SELL_TGT_18w,2.75,,No
FTXL,2025-12-19,SELL_TGT_30w:134.2141,3.77,TARGET,SELL_TGT_30w,2.75,,No
SizePct
FTXL,2025-12-20,Watch: Near 50-DEMA with MACD/ADX/Vol OK,45.0,WATCH,Near50,2.75,-,No,0.0
SFST,2025-12-19,Stage: Distribution,80.0,WATCH,STAGE,,,No
SFST,2025-12-19,SELL_TGT_6w:56.2585,5.16,TARGET,SELL_TGT_6w,2.44,,No
SFST,2025-12-19,SELL_TGT_8w:56.2585,5.16,TARGET,SELL_TGT_8w,2.44,,No
SFST,2025-12-19,SELL_TGT_12w:55.9441,4.57,TARGET,SELL_TGT_12w,2.44,,No
SFST,2025-12-19,SELL_TGT_18w:55.9441,4.57,TARGET,SELL_TGT_18w,2.44,,No
SFST,2025-12-19,SELL_TGT_30w:55.9441,4.57,TARGET,SELL_TGT_30w,2.44,,No
ARQQ,2025-12-19,Stage: Mark-Down,85.0,WATCH,STAGE,,Double Bottom,Yes
ARQQ,2025-12-19,SELL_TGT_6w:30.1735,18.37,TARGET,SELL_TGT_6w,10.22,Double Bottom,Yes
ARQQ,2025-12-19,SELL_TGT_8w:30.1735,18.37,TARGET,SELL_TGT_8w,10.22,Double Bottom,Yes
ARQQ,2025-12-19,SELL_TGT_12w:29.1225,14.25,TARGET,SELL_TGT_12w,10.22,Double Bottom,Yes
ARQQ,2025-12-19,SELL_TGT_18w:29.1225,14.25,TARGET,SELL_TGT_18w,10.22,Double Bottom,Yes
ARQQ,2025-12-19,SELL_TGT_30w:29.1225,14.25,TARGET,SELL_TGT_30w,10.22,Double Bottom,Yes
SizePct
ARQQ,2025-12-20,MACD Bearish below zero,42.2,SELL,MACD Bearish below zero,10.22,Double Bottom,No,2.11
CL,2025-12-19,Stage: Accumulation,85.0,WATCH,STAGE,,Inverse Head and Shoulders,Yes
CL,2025-12-19,SELL_TGT_6w:80.9243,3.27,TARGET,SELL_TGT_6w,1.92,Inverse Head and Shoulders,Yes
CL,2025-12-19,SELL_TGT_8w:80.9243,3.27,TARGET,SELL_TGT_8w,1.92,Inverse Head and Shoulders,Yes
CL,2025-12-19,SELL_TGT_12w:80.6405,2.91,TARGET,SELL_TGT_12w,1.92,Inverse Head and Shoulders,Yes
CL,2025-12-19,SELL_TGT_18w:80.6405,2.91,TARGET,SELL_TGT_18w,1.92,Inverse Head and Shoulders,Yes
CL,2025-12-19,SELL_TGT_30w:80.6405,2.91,TARGET,SELL_TGT_30w,1.92,Inverse Head and Shoulders,Yes
SDHC,2025-12-19,Stage: Accumulation,85.0,WATCH,STAGE,,,No
SDHC,2025-12-19,SELL_TGT_6w:21.838,8.86,TARGET,SELL_TGT_6w,6.42,,No
SDHC,2025-12-19,SELL_TGT_8w:20.2606,1.0,TARGET,SELL_TGT_8w,6.42,,No
SDHC,2025-12-19,SELL_TGT_12w:20.2606,1.0,TARGET,SELL_TGT_12w,6.42,,No
SDHC,2025-12-19,SELL_TGT_18w:20.2606,1.0,TARGET,SELL_TGT_18w,6.42,,No
SDHC,2025-12-19,SELL_TGT_30w:20.2606,1.0,TARGET,SELL_TGT_30w,6.42,,No
WB,2025-12-19,Stage: Accumulation,100.0,WATCH,STAGE,,Triple Bottom,No
WB,2025-12-19,SELL_TGT_6w:10.4027,2.19,TARGET,SELL_TGT_6w,2.36,Triple Bottom,No
WB,2025-12-19,SELL_TGT_8w:10.4027,2.19,TARGET,SELL_TGT_8w,2.36,Triple Bottom,No
WB,2025-12-19,SELL_TGT_12w:10.3312,1.49,TARGET,SELL_TGT_12w,2.36,Triple Bottom,No
WB,2025-12-19,SELL_TGT_18w:10.3312,1.49,TARGET,SELL_TGT_18w,2.36,Triple Bottom,No
WB,2025-12-19,SELL_TGT_30w:10.3312,1.49,TARGET,SELL_TGT_30w,2.36,Triple Bottom,No
WEYS,2025-12-19,Stage: Accumulation,85.0,WATCH,STAGE,,Ascending Triangle,No
WEYS,2025-12-19,SELL_TGT_6w:34.3638,5.28,TARGET,SELL_TGT_6w,3.61,Ascending Triangle,No
WEYS,2025-12-19,SELL_TGT_8w:34.5338,5.8,TARGET,SELL_TGT_8w,3.61,Ascending Triangle,No
WEYS,2025-12-19,SELL_TGT_12w:34.2696,4.99,TARGET,SELL_TGT_12w,3.61,Ascending Triangle,No
WEYS,2025-12-19,SELL_TGT_18w:34.2696,4.99,TARGET,SELL_TGT_18w,3.61,Ascending Triangle,No
WEYS,2025-12-19,SELL_TGT_30w:34.2696,4.99,TARGET,SELL_TGT_30w,3.61,Ascending Triangle,No
SizePct
WEYS,2025-12-20,Watch: Near 50-DEMA with MACD/ADX/Vol OK,45.0,WATCH,Near50,3.61,Ascending Triangle,No,0.0
BBW,2025-12-19,Stage: Mark-Up,70.0,WATCH,STAGE,,,No
BBW,2025-12-19,SELL_TGT_6w:56.7663,4.64,TARGET,SELL_TGT_6w,6.04,,No
BBW,2025-12-19,SELL_TGT_8w:56.7663,4.64,TARGET,SELL_TGT_8w,6.04,,No
BBW,2025-12-19,SELL_TGT_12w:56.1572,3.52,TARGET,SELL_TGT_12w,6.04,,No
BBW,2025-12-19,SELL_TGT_18w:56.1572,3.52,TARGET,SELL_TGT_18w,6.04,,No
BBW,2025-12-19,SELL_TGT_30w:56.1572,3.52,TARGET,SELL_TGT_30w,6.04,,No
SizePct
BBW,2025-12-20,Watch: Near 50-DEMA with MACD/ADX/Vol OK,45.0,WATCH,Near50,6.04,-,No,0.0
PLXS,2025-12-19,Stage: Mark-Up,65.0,WATCH,STAGE,,Cup and Handle,No
PLXS,2025-12-19,SELL_TGT_6w:165.1739,7.75,TARGET,SELL_TGT_6w,4.07,Cup and Handle,No
PLXS,2025-12-19,SELL_TGT_8w:165.1739,7.75,TARGET,SELL_TGT_8w,4.07,Cup and Handle,No
PLXS,2025-12-19,SELL_TGT_12w:164.0164,7.0,TARGET,SELL_TGT_12w,4.07,Cup and Handle,No
PLXS,2025-12-19,SELL_TGT_18w:164.0164,7.0,TARGET,SELL_TGT_18w,4.07,Cup and Handle,No
PLXS,2025-12-19,SELL_TGT_30w:164.0164,7.0,TARGET,SELL_TGT_30w,4.07,Cup and Handle,No
FET,2025-12-19,Stage: Mark-Up,85.0,WATCH,STAGE,,Double Bottom,No
FET,2025-12-19,SELL_TGT_6w:35.8754,0.55,TARGET,SELL_TGT_6w,5.42,Double Bottom,No
FET,2025-12-19,SELL_TGT_8w:35.8754,0.55,TARGET,SELL_TGT_8w,5.42,Double Bottom,No
FET,2025-12-19,SELL_TGT_12w:36.0436,1.02,TARGET,SELL_TGT_12w,5.42,Double Bottom,No
FET,2025-12-19,SELL_TGT_18w:36.0436,1.02,TARGET,SELL_TGT_18w,5.42,Double Bottom,No
FET,2025-12-19,SELL_TGT_30w:36.0436,1.02,TARGET,SELL_TGT_30w,5.42,Double Bottom,No
SizePct
FET,2025-12-20,Overbought (>27% above 200 DEMA),44.4,SELL,Overbought (>27% above 200 DEMA),5.42,Double Bottom,No,2.22
SizePct
FET,2025-12-20,Watch: Near 50-DEMA with MACD/ADX/Vol OK,45.0,WATCH,Near50,5.42,Double Bottom,No,0.0
BIDU,2025-12-19,Stage: Mark-Up,70.0,WATCH,STAGE,,,No
BIDU,2025-12-19,SELL_TGT_6w:129.2419,4.38,TARGET,SELL_TGT_6w,3.33,,No
BIDU,2025-12-19,SELL_TGT_8w:129.2419,4.38,TARGET,SELL_TGT_8w,3.33,,No
BIDU,2025-12-19,SELL_TGT_12w:127.9098,3.3,TARGET,SELL_TGT_12w,3.33,,No
BIDU,2025-12-19,SELL_TGT_18w:127.9098,3.3,TARGET,SELL_TGT_18w,3.33,,No
BIDU,2025-12-19,SELL_TGT_30w:127.9098,3.3,TARGET,SELL_TGT_30w,3.33,,No
SizePct
BIDU,2025-12-20,Watch: Near 50-DEMA with MACD/ADX/Vol OK,45.0,WATCH,Near50,3.33,-,No,0.0
VTWO,2025-12-19,Stage: Mark-Up,65.0,WATCH,STAGE,,,No
VTWO,2025-12-19,SELL_TGT_6w:103.7811,1.98,TARGET,SELL_TGT_6w,1.5,,No
VTWO,2025-12-19,SELL_TGT_8w:103.7811,1.98,TARGET,SELL_TGT_8w,1.5,,No
VTWO,2025-12-19,SELL_TGT_12w:103.3686,1.57,TARGET,SELL_TGT_12w,1.5,,No
VTWO,2025-12-19,SELL_TGT_18w:103.3686,1.57,TARGET,SELL_TGT_18w,1.5,,No
VTWO,2025-12-19,SELL_TGT_30w:103.3686,1.57,TARGET,SELL_TGT_30w,1.5,,No
HLT,2025-12-19,Stage: Mark-Up,85.0,WATCH,STAGE,,Inverse Head and Shoulders,No
HLT,2025-12-19,SELL_TGT_6w:295.1725,1.0,TARGET,SELL_TGT_6w,2.04,Inverse Head and Shoulders,No
HLT,2025-12-19,SELL_TGT_8w:295.1725,1.0,TARGET,SELL_TGT_8w,2.04,Inverse Head and Shoulders,No
HLT,2025-12-19,SELL_TGT_12w:295.1725,1.0,TARGET,SELL_TGT_12w,2.04,Inverse Head and Shoulders,No
HLT,2025-12-19,SELL_TGT_18w:295.1725,1.0,TARGET,SELL_TGT_18w,2.04,Inverse Head and Shoulders,No
HLT,2025-12-19,SELL_TGT_30w:295.1725,1.0,TARGET,SELL_TGT_30w,2.04,Inverse Head and Shoulders,No
SizePct
HLT,2025-12-20,Watch: Near 50-DEMA with MACD/ADX/Vol OK,45.0,WATCH,Near50,2.04,Inverse Head and Shoulders,No,0.0
DRS,2025-12-19,Stage: Accumulation,85.0,WATCH,STAGE,,Double Bottom,No
DRS,2025-12-19,SELL_TGT_6w:34.6012,2.86,TARGET,SELL_TGT_6w,2.67,Double Bottom,No
DRS,2025-12-19,SELL_TGT_8w:34.6012,2.86,TARGET,SELL_TGT_8w,2.67,Double Bottom,No
DRS,2025-12-19,SELL_TGT_12w:34.342,2.09,TARGET,SELL_TGT_12w,2.67,Double Bottom,No
DRS,2025-12-19,SELL_TGT_18w:34.342,2.09,TARGET,SELL_TGT_18w,2.67,Double Bottom,No
DRS,2025-12-19,SELL_TGT_30w:34.342,2.09,TARGET,SELL_TGT_30w,2.67,Double Bottom,No
LEN,2025-12-19,Stage: Mark-Down,85.0,WATCH,STAGE,,,Yes
LEN,2025-12-19,SELL_TGT_6w:132.3278,22.54,TARGET,SELL_TGT_6w,3.84,,Yes
LEN,2025-12-19,SELL_TGT_8w:132.3278,22.54,TARGET,SELL_TGT_8w,3.84,,Yes
LEN,2025-12-19,SELL_TGT_12w:131.373,21.65,TARGET,SELL_TGT_12w,3.84,,Yes
LEN,2025-12-19,SELL_TGT_18w:131.373,21.65,TARGET,SELL_TGT_18w,3.84,,Yes
LEN,2025-12-19,SELL_TGT_30w:131.373,21.65,TARGET,SELL_TGT_30w,3.84,,Yes
SizePct
LEN,2025-12-20,MACD Bearish below zero,50.0,SELL,MACD Bearish below zero,3.84,-,No,2.5
TECL,2025-12-19,Stage: Accumulation,65.0,WATCH,STAGE,,,No
TECL,2025-12-19,SELL_TGT_6w:135.138,13.62,TARGET,SELL_TGT_6w,5.62,,No
TECL,2025-12-19,SELL_TGT_8w:135.138,13.62,TARGET,SELL_TGT_8w,5.62,,No
TECL,2025-12-19,SELL_TGT_12w:133.3634,12.13,TARGET,SELL_TGT_12w,5.62,,No
TECL,2025-12-19,SELL_TGT_18w:133.3634,12.13,TARGET,SELL_TGT_18w,5.62,,No
TECL,2025-12-19,SELL_TGT_30w:133.3634,12.13,TARGET,SELL_TGT_30w,5.62,,No
SizePct
TECL,2025-12-20,MACD Bearish below zero,49.1,SELL,MACD Bearish below zero,5.62,-,No,2.45
NICE,2025-12-19,Stage: Mark-Down,65.0,WATCH,STAGE,,,Yes
NICE,2025-12-19,SELL_TGT_6w:134.8936,23.72,TARGET,SELL_TGT_6w,2.63,,Yes
NICE,2025-12-19,SELL_TGT_8w:134.8936,23.72,TARGET,SELL_TGT_8w,2.63,,Yes
NICE,2025-12-19,SELL_TGT_12w:133.8027,22.72,TARGET,SELL_TGT_12w,2.63,,Yes
NICE,2025-12-19,SELL_TGT_18w:133.8027,22.72,TARGET,SELL_TGT_18w,2.63,,Yes
NICE,2025-12-19,SELL_TGT_30w:133.8027,22.72,TARGET,SELL_TGT_30w,2.63,,Yes
APTV,2025-12-19,Stage: Accumulation,100.0,WATCH,STAGE,,Triple Bottom,Yes
APTV,2025-12-19,SELL_TGT_6w:79.8813,2.03,TARGET,SELL_TGT_6w,2.28,Triple Bottom,Yes
APTV,2025-12-19,SELL_TGT_8w:79.8813,2.03,TARGET,SELL_TGT_8w,2.28,Triple Bottom,Yes
APTV,2025-12-19,SELL_TGT_12w:79.3821,1.39,TARGET,SELL_TGT_12w,2.28,Triple Bottom,Yes
APTV,2025-12-19,SELL_TGT_18w:79.3821,1.39,TARGET,SELL_TGT_18w,2.28,Triple Bottom,Yes
APTV,2025-12-19,SELL_TGT_30w:79.3821,1.39,TARGET,SELL_TGT_30w,2.28,Triple Bottom,Yes
SizePct
APTV,2025-12-20,Watch: Near 50-DEMA with MACD/ADX/Vol OK,45.0,WATCH,Near50,2.28,Triple Bottom,No,0.0
Z,2025-12-19,Stage: Accumulation,85.0,WATCH,STAGE,,,No
Z,2025-12-19,SELL_TGT_6w:76.0727,10.31,TARGET,SELL_TGT_6w,4.46,,No
Z,2025-12-19,SELL_TGT_8w:76.0727,10.31,TARGET,SELL_TGT_8w,4.46,,No
Z,2025-12-19,SELL_TGT_12w:75.4079,9.35,TARGET,SELL_TGT_12w,4.46,,No
Z,2025-12-19,SELL_TGT_18w:75.4079,9.35,TARGET,SELL_TGT_18w,4.46,,No
Z,2025-12-19,SELL_TGT_30w:75.4079,9.35,TARGET,SELL_TGT_30w,4.46,,No
SizePct
Z,2025-12-20,MACD Bearish below zero,50.0,SELL,MACD Bearish below zero,4.46,-,No,2.5
NLR,2025-12-19,Stage: Accumulation,50.0,WATCH,STAGE,,,No
NLR,2025-12-19,SELL_TGT_6w:137.5948,5.69,TARGET,SELL_TGT_6w,3.96,,No
NLR,2025-12-19,SELL_TGT_8w:137.5948,5.69,TARGET,SELL_TGT_8w,3.96,,No
NLR,2025-12-19,SELL_TGT_12w:136.0913,4.53,TARGET,SELL_TGT_12w,3.96,,No
NLR,2025-12-19,SELL_TGT_18w:136.0913,4.53,TARGET,SELL_TGT_18w,3.96,,No
NLR,2025-12-19,SELL_TGT_30w:136.0913,4.53,TARGET,SELL_TGT_30w,3.96,,No
SizePct
NLR,2025-12-20,MACD Bearish below zero,50.0,SELL,MACD Bearish below zero,3.96,-,No,2.5
NDSN,2025-12-19,Stage: Mark-Up,85.0,WATCH,STAGE,,Triple Bottom,Yes
NDSN,2025-12-19,SELL_TGT_6w:249.9766,3.99,TARGET,SELL_TGT_6w,2.27,Triple Bottom,Yes
NDSN,2025-12-19,SELL_TGT_8w:249.9766,3.99,TARGET,SELL_TGT_8w,2.27,Triple Bottom,Yes
NDSN,2025-12-19,SELL_TGT_12w:248.9811,3.58,TARGET,SELL_TGT_12w,2.27,Triple Bottom,Yes
NDSN,2025-12-19,SELL_TGT_18w:248.9811,3.58,TARGET,SELL_TGT_18w,2.27,Triple Bottom,Yes
NDSN,2025-12-19,SELL_TGT_30w:248.9811,3.58,TARGET,SELL_TGT_30w,2.27,Triple Bottom,Yes
SizePct
NDSN,2025-12-20,Watch: Near 50-DEMA with MACD/ADX/Vol OK,45.0,WATCH,Near50,2.27,Triple Bottom,No,0.0
PRLB,2025-12-19,Stage: Mark-Up,85.0,WATCH,STAGE,,,No
PRLB,2025-12-19,SELL_TGT_6w:53.2273,2.12,TARGET,SELL_TGT_6w,2.27,,No
PRLB,2025-12-19,SELL_TGT_8w:53.2273,2.12,TARGET,SELL_TGT_8w,2.27,,No
PRLB,2025-12-19,SELL_TGT_12w:52.8321,1.37,TARGET,SELL_TGT_12w,2.27,,No
PRLB,2025-12-19,SELL_TGT_18w:52.8321,1.37,TARGET,SELL_TGT_18w,2.27,,No
PRLB,2025-12-19,SELL_TGT_30w:52.8321,1.37,TARGET,SELL_TGT_30w,2.27,,No
SizePct
PRLB,2025-12-20,Watch: Near 50-DEMA with MACD/ADX/Vol OK,45.0,WATCH,Near50,2.27,-,No,0.0
HAL,2025-12-19,Stage: Mark-Up,65.0,WATCH,STAGE,,Cup and Handle,No
HAL,2025-12-19,SELL_TGT_6w:29.3436,5.86,TARGET,SELL_TGT_6w,3.02,Cup and Handle,No
HAL,2025-12-19,SELL_TGT_8w:29.3436,5.86,TARGET,SELL_TGT_8w,3.02,Cup and Handle,No
HAL,2025-12-19,SELL_TGT_12w:29.1261,5.07,TARGET,SELL_TGT_12w,3.02,Cup and Handle,No
HAL,2025-12-19,SELL_TGT_18w:29.1261,5.07,TARGET,SELL_TGT_18w,3.02,Cup and Handle,No
HAL,2025-12-19,SELL_TGT_30w:29.1261,5.07,TARGET,SELL_TGT_30w,3.02,Cup and Handle,No
ENS,2025-12-19,Stage: Mark-Up,85.0,WATCH,STAGE,,Double Bottom,No
ENS,2025-12-19,SELL_TGT_6w:150.6256,2.54,TARGET,SELL_TGT_6w,2.86,Double Bottom,No
ENS,2025-12-19,SELL_TGT_8w:150.6256,2.54,TARGET,SELL_TGT_8w,2.86,Double Bottom,No
ENS,2025-12-19,SELL_TGT_12w:149.7027,1.91,TARGET,SELL_TGT_12w,2.86,Double Bottom,No
ENS,2025-12-19,SELL_TGT_18w:149.7027,1.91,TARGET,SELL_TGT_18w,2.86,Double Bottom,No
ENS,2025-12-19,SELL_TGT_30w:149.7027,1.91,TARGET,SELL_TGT_30w,2.86,Double Bottom,No
SizePct
ENS,2025-12-20,Overbought (>27% above 200 DEMA),30.0,SELL,Overbought (>27% above 200 DEMA),2.86,Double Bottom,No,1.5
SizePct
ENS,2025-12-20,Watch: Near 50-DEMA with MACD/ADX/Vol OK,45.0,WATCH,Near50,2.86,Double Bottom,No,0.0
ESLT,2025-12-19,Stage: Mark-Up,85.0,WATCH,STAGE,,Ascending Triangle,No
ESLT,2025-12-19,SELL_TGT_6w:559.7925,1.0,TARGET,SELL_TGT_6w,2.81,Ascending Triangle,No
ESLT,2025-12-19,SELL_TGT_8w:559.7925,1.0,TARGET,SELL_TGT_8w,2.81,Ascending Triangle,No
ESLT,2025-12-19,SELL_TGT_12w:559.7925,1.0,TARGET,SELL_TGT_12w,2.81,Ascending Triangle,No
ESLT,2025-12-19,SELL_TGT_18w:559.7925,1.0,TARGET,SELL_TGT_18w,2.81,Ascending Triangle,No
ESLT,2025-12-19,SELL_TGT_30w:559.7925,1.0,TARGET,SELL_TGT_30w,2.81,Ascending Triangle,No
SizePct
ESLT,2025-12-20,Watch: Near 50-DEMA with MACD/ADX/Vol OK,45.0,WATCH,Near50,2.81,Ascending Triangle,No,0.0
WDAY,2025-12-19,Stage: Accumulation,85.0,WATCH,STAGE,,Double Bottom,Yes
WDAY,2025-12-19,SELL_TGT_6w:224.4391,2.66,TARGET,SELL_TGT_6w,2.13,Double Bottom,Yes
WDAY,2025-12-19,SELL_TGT_8w:224.4391,2.66,TARGET,SELL_TGT_8w,2.13,Double Bottom,Yes
WDAY,2025-12-19,SELL_TGT_12w:222.8386,1.92,TARGET,SELL_TGT_12w,2.13,Double Bottom,Yes
WDAY,2025-12-19,SELL_TGT_18w:222.8386,1.92,TARGET,SELL_TGT_18w,2.13,Double Bottom,Yes
WDAY,2025-12-19,SELL_TGT_30w:222.8386,1.92,TARGET,SELL_TGT_30w,2.13,Double Bottom,Yes
CSCO,2025-12-19,Stage: Mark-Up,85.0,WATCH,STAGE,,Triple Bottom,No
CSCO,2025-12-19,SELL_TGT_6w:80.33,2.44,TARGET,SELL_TGT_6w,2.0,Triple Bottom,No
CSCO,2025-12-19,SELL_TGT_8w:80.33,2.44,TARGET,SELL_TGT_8w,2.0,Triple Bottom,No
CSCO,2025-12-19,SELL_TGT_12w:80.0034,2.02,TARGET,SELL_TGT_12w,2.0,Triple Bottom,No
CSCO,2025-12-19,SELL_TGT_18w:80.0034,2.02,TARGET,SELL_TGT_18w,2.0,Triple Bottom,No
CSCO,2025-12-19,SELL_TGT_30w:80.0034,2.02,TARGET,SELL_TGT_30w,2.0,Triple Bottom,No
SizePct
CSCO,2025-12-20,Watch: Near 50-DEMA with MACD/ADX/Vol OK,45.0,WATCH,Near50,2.0,Triple Bottom,No,0.0
HUBS,2025-12-19,Stage: Mark-Down,65.0,WATCH,STAGE,,Triple Bottom,Yes
HUBS,2025-12-19,SELL_TGT_6w:393.3546,1.0,TARGET,SELL_TGT_6w,3.39,Triple Bottom,Yes
HUBS,2025-12-19,SELL_TGT_8w:490.8695,26.04,TARGET,SELL_TGT_8w,3.39,Triple Bottom,Yes
HUBS,2025-12-19,SELL_TGT_12w:486.1359,24.82,TARGET,SELL_TGT_12w,3.39,Triple Bottom,Yes
HUBS,2025-12-19,SELL_TGT_18w:486.1359,24.82,TARGET,SELL_TGT_18w,3.39,Triple Bottom,Yes
HUBS,2025-12-19,SELL_TGT_30w:486.1359,24.82,TARGET,SELL_TGT_30w,3.39,Triple Bottom,Yes
FMC,2025-12-19,Stage: Mark-Down,65.0,WATCH,STAGE,,,Yes
FMC,2025-12-19,SELL_TGT_6w:14.0389,5.4,TARGET,SELL_TGT_6w,4.67,,Yes
FMC,2025-12-19,SELL_TGT_8w:14.0389,5.4,TARGET,SELL_TGT_8w,4.67,,Yes
FMC,2025-12-19,SELL_TGT_12w:13.7314,3.09,TARGET,SELL_TGT_12w,4.67,,Yes
FMC,2025-12-19,SELL_TGT_18w:13.7314,3.09,TARGET,SELL_TGT_18w,4.67,,Yes
FMC,2025-12-19,SELL_TGT_30w:13.7314,3.09,TARGET,SELL_TGT_30w,4.67,,Yes
KTOS,2025-12-19,Stage: Accumulation,65.0,WATCH,STAGE,,,No
KTOS,2025-12-19,SELL_TGT_6w:77.8548,3.27,TARGET,SELL_TGT_6w,5.19,,No
KTOS,2025-12-19,SELL_TGT_8w:77.8548,3.27,TARGET,SELL_TGT_8w,5.19,,No
KTOS,2025-12-19,SELL_TGT_12w:76.6514,1.67,TARGET,SELL_TGT_12w,5.19,,No
KTOS,2025-12-19,SELL_TGT_18w:76.6514,1.67,TARGET,SELL_TGT_18w,5.19,,No
KTOS,2025-12-19,SELL_TGT_30w:76.6514,1.67,TARGET,SELL_TGT_30w,5.19,,No
SOUN,2025-12-19,Stage: Accumulation,65.0,WATCH,STAGE,,,No
SOUN,2025-12-19,SELL_TGT_6w:12.6895,15.15,TARGET,SELL_TGT_6w,6.57,,No
SOUN,2025-12-19,SELL_TGT_8w:12.6895,15.15,TARGET,SELL_TGT_8w,6.57,,No
SOUN,2025-12-19,SELL_TGT_12w:12.4026,12.55,TARGET,SELL_TGT_12w,6.57,,No
SOUN,2025-12-19,SELL_TGT_18w:12.4026,12.55,TARGET,SELL_TGT_18w,6.57,,No
SOUN,2025-12-19,SELL_TGT_30w:12.4026,12.55,TARGET,SELL_TGT_30w,6.57,,No
OIS,2025-12-19,Stage: Mark-Up,65.0,WATCH,STAGE,,Triple Bottom,No
OIS,2025-12-19,SELL_TGT_6w:7.0904,3.21,TARGET,SELL_TGT_6w,3.73,Triple Bottom,No
OIS,2025-12-19,SELL_TGT_8w:7.0904,3.21,TARGET,SELL_TGT_8w,3.73,Triple Bottom,No
OIS,2025-12-19,SELL_TGT_12w:7.0241,2.24,TARGET,SELL_TGT_12w,3.73,Triple Bottom,No
OIS,2025-12-19,SELL_TGT_18w:7.0241,2.24,TARGET,SELL_TGT_18w,3.73,Triple Bottom,No
OIS,2025-12-19,SELL_TGT_30w:7.0241,2.24,TARGET,SELL_TGT_30w,3.73,Triple Bottom,No
ANIK,2025-12-19,Stage: Mark-Down,85.0,WATCH,STAGE,,Triple Bottom,Yes
ANIK,2025-12-19,SELL_TGT_6w:10.0689,5.21,TARGET,SELL_TGT_6w,2.45,Triple Bottom,Yes
ANIK,2025-12-19,SELL_TGT_8w:10.0689,5.21,TARGET,SELL_TGT_8w,2.45,Triple Bottom,Yes
ANIK,2025-12-19,SELL_TGT_12w:10.0014,4.51,TARGET,SELL_TGT_12w,2.45,Triple Bottom,Yes
ANIK,2025-12-19,SELL_TGT_18w:10.0014,4.51,TARGET,SELL_TGT_18w,2.45,Triple Bottom,Yes
ANIK,2025-12-19,SELL_TGT_30w:10.0014,4.51,TARGET,SELL_TGT_30w,2.45,Triple Bottom,Yes
SizePct
ANIK,2025-12-20,MACD Bearish below zero,50.0,SELL,MACD Bearish below zero,2.45,Triple Bottom,No,2.5
TPH,2025-12-19,Stage: Accumulation,85.0,WATCH,STAGE,,,No
TPH,2025-12-19,SELL_TGT_6w:34.5403,7.67,TARGET,SELL_TGT_6w,2.68,,No
TPH,2025-12-19,SELL_TGT_8w:34.5403,7.67,TARGET,SELL_TGT_8w,2.68,,No
TPH,2025-12-19,SELL_TGT_12w:34.3338,7.03,TARGET,SELL_TGT_12w,2.68,,No
TPH,2025-12-19,SELL_TGT_18w:34.3338,7.03,TARGET,SELL_TGT_18w,2.68,,No
TPH,2025-12-19,SELL_TGT_30w:34.3338,7.03,TARGET,SELL_TGT_30w,2.68,,No
KELYA,2025-12-19,Stage: Accumulation,65.0,WATCH,STAGE,,Double Bottom,Yes
KELYA,2025-12-19,SELL_TGT_6w:8.9393,1.47,TARGET,SELL_TGT_6w,2.87,Double Bottom,Yes
KELYA,2025-12-19,SELL_TGT_8w:11.0693,25.64,TARGET,SELL_TGT_8w,2.87,Double Bottom,Yes
KELYA,2025-12-19,SELL_TGT_12w:12.6455,43.54,TARGET,SELL_TGT_12w,2.87,Double Bottom,Yes
KELYA,2025-12-19,SELL_TGT_18w:12.6455,43.54,TARGET,SELL_TGT_18w,2.87,Double Bottom,Yes
KELYA,2025-12-19,SELL_TGT_30w:12.6455,43.54,TARGET,SELL_TGT_30w,2.87,Double Bottom,Yes
IMMR,2025-12-19,Stage: Accumulation,85.0,WATCH,STAGE,,,Yes
IMMR,2025-12-19,SELL_TGT_6w:7.052,9.33,TARGET,SELL_TGT_6w,3.1,,Yes
IMMR,2025-12-19,SELL_TGT_8w:7.052,9.33,TARGET,SELL_TGT_8w,3.1,,Yes
IMMR,2025-12-19,SELL_TGT_12w:6.9934,8.42,TARGET,SELL_TGT_12w,3.1,,Yes
IMMR,2025-12-19,SELL_TGT_18w:6.9934,8.42,TARGET,SELL_TGT_18w,3.1,,Yes
IMMR,2025-12-19,SELL_TGT_30w:6.9934,8.42,TARGET,SELL_TGT_30w,3.1,,Yes
SizePct
IMMR,2025-12-20,MACD Bearish below zero,50.0,SELL,MACD Bearish below zero,3.1,-,No,2.5
TEM,2025-12-19,Stage: Accumulation,85.0,WATCH,STAGE,,,Yes
TEM,2025-12-19,SELL_TGT_6w:76.915,19.32,TARGET,SELL_TGT_6w,5.11,,Yes
TEM,2025-12-19,SELL_TGT_8w:76.915,19.32,TARGET,SELL_TGT_8w,5.11,,Yes
TEM,2025-12-19,SELL_TGT_12w:75.6716,17.39,TARGET,SELL_TGT_12w,5.11,,Yes
TEM,2025-12-19,SELL_TGT_18w:75.6716,17.39,TARGET,SELL_TGT_18w,5.11,,Yes
TEM,2025-12-19,SELL_TGT_30w:75.6716,17.39,TARGET,SELL_TGT_30w,5.11,,Yes
SizePct
TEM,2025-12-20,MACD Bearish below zero,49.8,SELL,MACD Bearish below zero,5.11,-,No,2.49
HD,2025-12-19,Stage: Accumulation,100.0,WATCH,STAGE,,,Yes
HD,2025-12-19,SELL_TGT_6w:359.7265,4.27,TARGET,SELL_TGT_6w,2.36,,Yes
HD,2025-12-19,SELL_TGT_8w:376.9565,9.26,TARGET,SELL_TGT_8w,2.36,,Yes
HD,2025-12-19,SELL_TGT_12w:390.6709,13.24,TARGET,SELL_TGT_12w,2.36,,Yes
HD,2025-12-19,SELL_TGT_18w:422.3609,22.42,TARGET,SELL_TGT_18w,2.36,,Yes
HD,2025-12-19,SELL_TGT_30w:422.3609,22.42,TARGET,SELL_TGT_30w,2.36,,Yes
OSBC,2025-12-19,Stage: Mark-Up,85.0,WATCH,STAGE,,Double Bottom,No
OSBC,2025-12-19,SELL_TGT_6w:20.7353,1.0,TARGET,SELL_TGT_6w,1.98,Double Bottom,No
OSBC,2025-12-19,SELL_TGT_8w:20.7353,1.0,TARGET,SELL_TGT_8w,1.98,Double Bottom,No
OSBC,2025-12-19,SELL_TGT_12w:20.7353,1.0,TARGET,SELL_TGT_12w,1.98,Double Bottom,No
OSBC,2025-12-19,SELL_TGT_18w:20.7353,1.0,TARGET,SELL_TGT_18w,1.98,Double Bottom,No
OSBC,2025-12-19,SELL_TGT_30w:20.7353,1.0,TARGET,SELL_TGT_30w,1.98,Double Bottom,No
SizePct
OSBC,2025-12-20,Watch: Near 50-DEMA with MACD/ADX/Vol OK,45.0,WATCH,Near50,1.98,Double Bottom,No,0.0
STNE,2025-12-19,Stage: Accumulation,85.0,WATCH,STAGE,,Triple Bottom,No
STNE,2025-12-19,SELL_TGT_6w:17.544,22.69,TARGET,SELL_TGT_6w,5.42,Triple Bottom,No
STNE,2025-12-19,SELL_TGT_8w:17.544,22.69,TARGET,SELL_TGT_8w,5.42,Triple Bottom,No
STNE,2025-12-19,SELL_TGT_12w:17.36,21.4,TARGET,SELL_TGT_12w,5.42,Triple Bottom,No
STNE,2025-12-19,SELL_TGT_18w:17.36,21.4,TARGET,SELL_TGT_18w,5.42,Triple Bottom,No
STNE,2025-12-19,SELL_TGT_30w:17.36,21.4,TARGET,SELL_TGT_30w,5.42,Triple Bottom,No
SizePct
STNE,2025-12-20,MACD Bearish below zero,49.4,SELL,MACD Bearish below zero,5.42,Triple Bottom,No,2.47
EXPI,2025-12-19,Stage: Accumulation,85.0,WATCH,STAGE,,Inverse Head and Shoulders,Yes
EXPI,2025-12-19,SELL_TGT_6w:12.0842,22.43,TARGET,SELL_TGT_6w,3.79,Inverse Head and Shoulders,Yes
EXPI,2025-12-19,SELL_TGT_8w:12.0842,22.43,TARGET,SELL_TGT_8w,3.79,Inverse Head and Shoulders,Yes
EXPI,2025-12-19,SELL_TGT_12w:11.987,21.45,TARGET,SELL_TGT_12w,3.79,Inverse Head and Shoulders,Yes
EXPI,2025-12-19,SELL_TGT_18w:11.987,21.45,TARGET,SELL_TGT_18w,3.79,Inverse Head and Shoulders,Yes
EXPI,2025-12-19,SELL_TGT_30w:11.987,21.45,TARGET,SELL_TGT_30w,3.79,Inverse Head and Shoulders,Yes
SizePct
EXPI,2025-12-20,MACD Bearish below zero,50.0,SELL,MACD Bearish below zero,3.79,Inverse Head and Shoulders,No,2.5
LKQ,2025-12-19,Stage: Accumulation,85.0,WATCH,STAGE,,Double Bottom,Yes
LKQ,2025-12-19,SELL_TGT_6w:31.2099,4.94,TARGET,SELL_TGT_6w,3.1,Double Bottom,Yes
LKQ,2025-12-19,SELL_TGT_8w:31.2099,4.94,TARGET,SELL_TGT_8w,3.1,Double Bottom,Yes
LKQ,2025-12-19,SELL_TGT_12w:31.0232,4.31,TARGET,SELL_TGT_12w,3.1,Double Bottom,Yes
LKQ,2025-12-19,SELL_TGT_18w:31.0232,4.31,TARGET,SELL_TGT_18w,3.1,Double Bottom,Yes
LKQ,2025-12-19,SELL_TGT_30w:31.0232,4.31,TARGET,SELL_TGT_30w,3.1,Double Bottom,Yes
SE,2025-12-19,Stage: Mark-Down,85.0,WATCH,STAGE,,,No
SE,2025-12-19,SELL_TGT_6w:138.6941,13.71,TARGET,SELL_TGT_6w,3.75,,No
SE,2025-12-19,SELL_TGT_8w:154.0941,26.34,TARGET,SELL_TGT_8w,3.75,,No
SE,2025-12-19,SELL_TGT_12w:189.8868,55.68,TARGET,SELL_TGT_12w,3.75,,No
SE,2025-12-19,SELL_TGT_18w:189.8868,55.68,TARGET,SELL_TGT_18w,3.75,,No
SE,2025-12-19,SELL_TGT_30w:189.8868,55.68,TARGET,SELL_TGT_30w,3.75,,No
SizePct
SE,2025-12-20,MACD Bearish below zero,50.0,SELL,MACD Bearish below zero,3.75,-,No,2.5
SYNA,2025-12-19,Stage: Mark-Up,65.0,WATCH,STAGE,,,Yes
SYNA,2025-12-19,SELL_TGT_6w:80.8801,9.12,TARGET,SELL_TGT_6w,4.07,,Yes
SYNA,2025-12-19,SELL_TGT_8w:80.8801,9.12,TARGET,SELL_TGT_8w,4.07,,Yes
SYNA,2025-12-19,SELL_TGT_12w:80.2336,8.25,TARGET,SELL_TGT_12w,4.07,,Yes
SYNA,2025-12-19,SELL_TGT_18w:80.2336,8.25,TARGET,SELL_TGT_18w,4.07,,Yes
SYNA,2025-12-19,SELL_TGT_30w:80.2336,8.25,TARGET,SELL_TGT_30w,4.07,,Yes
RAMP,2025-12-19,Stage: Accumulation,85.0,WATCH,STAGE,,Triple Bottom,No
RAMP,2025-12-19,SELL_TGT_6w:30.3627,2.47,TARGET,SELL_TGT_6w,2.64,Triple Bottom,No
RAMP,2025-12-19,SELL_TGT_8w:30.3627,2.47,TARGET,SELL_TGT_8w,2.64,Triple Bottom,No
RAMP,2025-12-19,SELL_TGT_12w:30.1845,1.87,TARGET,SELL_TGT_12w,2.64,Triple Bottom,No
RAMP,2025-12-19,SELL_TGT_18w:30.1845,1.87,TARGET,SELL_TGT_18w,2.64,Triple Bottom,No
RAMP,2025-12-19,SELL_TGT_30w:30.1845,1.87,TARGET,SELL_TGT_30w,2.64,Triple Bottom,No
CHH,2025-12-19,Stage: Accumulation,50.0,WATCH,STAGE,,,Yes
CHH,2025-12-19,SELL_TGT_6w:97.9296,1.0,TARGET,SELL_TGT_6w,3.07,,Yes
CHH,2025-12-19,SELL_TGT_8w:101.0794,4.25,TARGET,SELL_TGT_8w,3.07,,Yes
CHH,2025-12-19,SELL_TGT_12w:100.4057,3.55,TARGET,SELL_TGT_12w,3.07,,Yes
CHH,2025-12-19,SELL_TGT_18w:100.4057,3.55,TARGET,SELL_TGT_18w,3.07,,Yes
CHH,2025-12-19,SELL_TGT_30w:100.4057,3.55,TARGET,SELL_TGT_30w,3.07,,Yes
ACIW,2025-12-19,Stage: Accumulation,85.0,WATCH,STAGE,,Double Bottom,Yes
ACIW,2025-12-19,SELL_TGT_6w:48.6214,1.0,TARGET,SELL_TGT_6w,2.29,Double Bottom,Yes
ACIW,2025-12-19,SELL_TGT_8w:48.6214,1.0,TARGET,SELL_TGT_8w,2.29,Double Bottom,Yes
ACIW,2025-12-19,SELL_TGT_12w:48.6214,1.0,TARGET,SELL_TGT_12w,2.29,Double Bottom,Yes
ACIW,2025-12-19,SELL_TGT_18w:48.6214,1.0,TARGET,SELL_TGT_18w,2.29,Double Bottom,Yes
ACIW,2025-12-19,SELL_TGT_30w:48.6214,1.0,TARGET,SELL_TGT_30w,2.29,Double Bottom,Yes
FUBO,2025-12-19,Stage: Mark-Down,65.0,WATCH,STAGE,,Double Bottom,No
FUBO,2025-12-19,SELL_TGT_6w:3.5386,30.58,TARGET,SELL_TGT_6w,4.08,Double Bottom,No
FUBO,2025-12-19,SELL_TGT_8w:3.8086,40.54,TARGET,SELL_TGT_8w,4.08,Double Bottom,No
FUBO,2025-12-19,SELL_TGT_12w:4.2709,57.6,TARGET,SELL_TGT_12w,4.08,Double Bottom,No
FUBO,2025-12-19,SELL_TGT_18w:4.2709,57.6,TARGET,SELL_TGT_18w,4.08,Double Bottom,No
FUBO,2025-12-19,SELL_TGT_30w:4.2709,57.6,TARGET,SELL_TGT_30w,4.08,Double Bottom,No
PLTK,2025-12-19,Stage: Accumulation,100.0,WATCH,STAGE,,,No
PLTK,2025-12-19,SELL_TGT_6w:4.3682,6.28,TARGET,SELL_TGT_6w,3.02,,No
PLTK,2025-12-19,SELL_TGT_8w:4.3682,6.28,TARGET,SELL_TGT_8w,3.02,,No
PLTK,2025-12-19,SELL_TGT_12w:4.3338,5.45,TARGET,SELL_TGT_12w,3.02,,No
PLTK,2025-12-19,SELL_TGT_18w:4.3338,5.45,TARGET,SELL_TGT_18w,3.02,,No
PLTK,2025-12-19,SELL_TGT_30w:4.3338,5.45,TARGET,SELL_TGT_30w,3.02,,No
ATEN,2025-12-19,Stage: Accumulation,85.0,WATCH,STAGE,,Cup and Handle,No
ATEN,2025-12-19,SELL_TGT_6w:18.5074,3.05,TARGET,SELL_TGT_6w,2.22,Cup and Handle,No
ATEN,2025-12-19,SELL_TGT_8w:18.5074,3.05,TARGET,SELL_TGT_8w,2.22,Cup and Handle,No
ATEN,2025-12-19,SELL_TGT_12w:18.4123,2.52,TARGET,SELL_TGT_12w,2.22,Cup and Handle,No
ATEN,2025-12-19,SELL_TGT_18w:18.4123,2.52,TARGET,SELL_TGT_18w,2.22,Cup and Handle,No
ATEN,2025-12-19,SELL_TGT_30w:18.4123,2.52,TARGET,SELL_TGT_30w,2.22,Cup and Handle,No
SizePct
ATEN,2025-12-20,Watch: Near 50-DEMA with MACD/ADX/Vol OK,45.0,WATCH,Near50,2.22,Cup and Handle,No,0.0
TAL,2025-12-19,Stage: Accumulation,85.0,WATCH,STAGE,,Triple Bottom,No
TAL,2025-12-19,SELL_TGT_6w:11.3757,5.33,TARGET,SELL_TGT_6w,2.82,Triple Bottom,No
TAL,2025-12-19,SELL_TGT_8w:12.1257,12.27,TARGET,SELL_TGT_8w,2.82,Triple Bottom,No
TAL,2025-12-19,SELL_TGT_12w:13.1462,21.72,TARGET,SELL_TGT_12w,2.82,Triple Bottom,No
TAL,2025-12-19,SELL_TGT_18w:13.1462,21.72,TARGET,SELL_TGT_18w,2.82,Triple Bottom,No
TAL,2025-12-19,SELL_TGT_30w:13.1462,21.72,TARGET,SELL_TGT_30w,2.82,Triple Bottom,No
SizePct
TAL,2025-12-20,MACD Bearish below zero,50.0,SELL,MACD Bearish below zero,2.82,Triple Bottom,No,2.5
NCNO,2025-12-19,Stage: Accumulation,70.0,WATCH,STAGE,,,Yes
NCNO,2025-12-19,SELL_TGT_6w:27.1825,5.85,TARGET,SELL_TGT_6w,4.41,,Yes
NCNO,2025-12-19,SELL_TGT_8w:27.1825,5.85,TARGET,SELL_TGT_8w,4.41,,Yes
NCNO,2025-12-19,SELL_TGT_12w:26.9709,5.03,TARGET,SELL_TGT_12w,4.41,,Yes
NCNO,2025-12-19,SELL_TGT_18w:26.9709,5.03,TARGET,SELL_TGT_18w,4.41,,Yes
NCNO,2025-12-19,SELL_TGT_30w:26.9709,5.03,TARGET,SELL_TGT_30w,4.41,,Yes
QNTM,2025-12-19,Stage: Accumulation,65.0,WATCH,STAGE,,,No
QNTM,2025-12-19,SELL_TGT_6w:10.4914,18.01,TARGET,SELL_TGT_6w,11.43,,No
QNTM,2025-12-19,SELL_TGT_8w:10.4914,18.01,TARGET,SELL_TGT_8w,11.43,,No
QNTM,2025-12-19,SELL_TGT_12w:10.1523,14.2,TARGET,SELL_TGT_12w,11.43,,No
QNTM,2025-12-19,SELL_TGT_18w:10.1523,14.2,TARGET,SELL_TGT_18w,11.43,,No
QNTM,2025-12-19,SELL_TGT_30w:10.1523,14.2,TARGET,SELL_TGT_30w,11.43,,No
ADMA,2025-12-19,Stage: Mark-Up,85.0,WATCH,STAGE,,Ascending Triangle,No
ADMA,2025-12-19,SELL_TGT_6w:20.2146,3.24,TARGET,SELL_TGT_6w,3.8,Ascending Triangle,No
ADMA,2025-12-19,SELL_TGT_8w:20.2146,3.24,TARGET,SELL_TGT_8w,3.8,Ascending Triangle,No
ADMA,2025-12-19,SELL_TGT_12w:20.0523,2.41,TARGET,SELL_TGT_12w,3.8,Ascending Triangle,No
ADMA,2025-12-19,SELL_TGT_18w:20.0523,2.41,TARGET,SELL_TGT_18w,3.8,Ascending Triangle,No
ADMA,2025-12-19,SELL_TGT_30w:20.0523,2.41,TARGET,SELL_TGT_30w,3.8,Ascending Triangle,No
SizePct
ADMA,2025-12-20,Watch: Near 50-DEMA with MACD/ADX/Vol OK,45.0,WATCH,Near50,3.8,Ascending Triangle,No,0.0
PLTR,2025-12-19,Stage: Mark-Up,85.0,WATCH,STAGE,,Cup and Handle,No
PLTR,2025-12-19,SELL_TGT_6w:195.3138,1.0,TARGET,SELL_TGT_6w,3.88,Cup and Handle,No
PLTR,2025-12-19,SELL_TGT_8w:204.5505,5.78,TARGET,SELL_TGT_8w,3.88,Cup and Handle,No
PLTR,2025-12-19,SELL_TGT_12w:202.5709,4.75,TARGET,SELL_TGT_12w,3.88,Cup and Handle,No
PLTR,2025-12-19,SELL_TGT_18w:202.5709,4.75,TARGET,SELL_TGT_18w,3.88,Cup and Handle,No
PLTR,2025-12-19,SELL_TGT_30w:202.5709,4.75,TARGET,SELL_TGT_30w,3.88,Cup and Handle,No
SizePct
PLTR,2025-12-20,Overbought (>27% above 200 DEMA),45.0,SELL,Overbought (>27% above 200 DEMA),3.88,Cup and Handle,No,2.25
SizePct
PLTR,2025-12-20,Watch: Near 50-DEMA with MACD/ADX/Vol OK,45.0,WATCH,Near50,3.88,Cup and Handle,No,0.0
REPX,2025-12-19,Stage: Mark-Down,85.0,WATCH,STAGE,,Double Bottom,Yes
REPX,2025-12-19,SELL_TGT_6w:28.1432,10.58,TARGET,SELL_TGT_6w,3.82,Double Bottom,Yes
REPX,2025-12-19,SELL_TGT_8w:28.1432,10.58,TARGET,SELL_TGT_8w,3.82,Double Bottom,Yes
REPX,2025-12-19,SELL_TGT_12w:27.9454,9.81,TARGET,SELL_TGT_12w,3.82,Double Bottom,Yes
REPX,2025-12-19,SELL_TGT_18w:27.9454,9.81,TARGET,SELL_TGT_18w,3.82,Double Bottom,Yes
REPX,2025-12-19,SELL_TGT_30w:27.9454,9.81,TARGET,SELL_TGT_30w,3.82,Double Bottom,Yes
SizePct
REPX,2025-12-20,MACD Bearish below zero,50.0,SELL,MACD Bearish below zero,3.82,Double Bottom,No,2.5
COR,2025-12-19,Stage: Mark-Up,50.0,WATCH,STAGE,,Triple Bottom,No
COR,2025-12-19,SELL_TGT_6w:374.7879,9.93,TARGET,SELL_TGT_6w,2.11,Triple Bottom,No
COR,2025-12-19,SELL_TGT_8w:374.7879,9.93,TARGET,SELL_TGT_8w,2.11,Triple Bottom,No
COR,2025-12-19,SELL_TGT_12w:372.9532,9.39,TARGET,SELL_TGT_12w,2.11,Triple Bottom,No
COR,2025-12-19,SELL_TGT_18w:372.9532,9.39,TARGET,SELL_TGT_18w,2.11,Triple Bottom,No
COR,2025-12-19,SELL_TGT_30w:372.9532,9.39,TARGET,SELL_TGT_30w,2.11,Triple Bottom,No
SizePct
COR,2025-12-20,MACD Bearish below zero,50.0,SELL,MACD Bearish below zero,2.11,Triple Bottom,No,2.5
SizePct
COR,2025-12-20,Watch: Near 50-DEMA with MACD/ADX/Vol OK,45.0,WATCH,Near50,2.11,Triple Bottom,No,0.0
SGC,2025-12-19,Stage: Accumulation,100.0,WATCH,STAGE,,,Yes
SGC,2025-12-19,SELL_TGT_6w:10.3124,5.44,TARGET,SELL_TGT_6w,3.69,,Yes
SGC,2025-12-19,SELL_TGT_8w:10.3124,5.44,TARGET,SELL_TGT_8w,3.69,,Yes
SGC,2025-12-19,SELL_TGT_12w:10.2273,4.57,TARGET,SELL_TGT_12w,3.69,,Yes
SGC,2025-12-19,SELL_TGT_18w:10.2273,4.57,TARGET,SELL_TGT_18w,3.69,,Yes
SGC,2025-12-19,SELL_TGT_30w:10.2273,4.57,TARGET,SELL_TGT_30w,3.69,,Yes
LUV,2025-12-19,Stage: Mark-Up,85.0,WATCH,STAGE,,,No
LUV,2025-12-19,SELL_TGT_6w:41.6726,1.0,TARGET,SELL_TGT_6w,3.31,,No
LUV,2025-12-19,SELL_TGT_8w:41.6726,1.0,TARGET,SELL_TGT_8w,3.31,,No
LUV,2025-12-19,SELL_TGT_12w:41.6726,1.0,TARGET,SELL_TGT_12w,3.31,,No
LUV,2025-12-19,SELL_TGT_18w:41.6726,1.0,TARGET,SELL_TGT_18w,3.31,,No
LUV,2025-12-19,SELL_TGT_30w:41.6726,1.0,TARGET,SELL_TGT_30w,3.31,,No
SizePct
LUV,2025-12-20,Watch: Near 50-DEMA with MACD/ADX/Vol OK,45.0,WATCH,Near50,3.31,-,No,0.0
AIZ,2025-12-19,Stage: Mark-Up,85.0,WATCH,STAGE,,Inverse Head and Shoulders,No
AIZ,2025-12-19,SELL_TGT_6w:241.4102,1.0,TARGET,SELL_TGT_6w,1.76,Inverse Head and Shoulders,No
AIZ,2025-12-19,SELL_TGT_8w:241.4102,1.0,TARGET,SELL_TGT_8w,1.76,Inverse Head and Shoulders,No
AIZ,2025-12-19,SELL_TGT_12w:241.4102,1.0,TARGET,SELL_TGT_12w,1.76,Inverse Head and Shoulders,No
AIZ,2025-12-19,SELL_TGT_18w:241.4102,1.0,TARGET,SELL_TGT_18w,1.76,Inverse Head and Shoulders,No
AIZ,2025-12-19,SELL_TGT_30w:241.4102,1.0,TARGET,SELL_TGT_30w,1.76,Inverse Head and Shoulders,No
SizePct
AIZ,2025-12-20,Watch: Near 50-DEMA with MACD/ADX/Vol OK,45.0,WATCH,Near50,1.76,Inverse Head and Shoulders,No,0.0
MANH,2025-12-19,Stage: Accumulation,100.0,WATCH,STAGE,,Double Bottom,Yes
MANH,2025-12-19,SELL_TGT_6w:180.5331,2.66,TARGET,SELL_TGT_6w,2.61,Double Bottom,Yes
MANH,2025-12-19,SELL_TGT_8w:180.5331,2.66,TARGET,SELL_TGT_8w,2.61,Double Bottom,Yes
MANH,2025-12-19,SELL_TGT_12w:179.2952,1.96,TARGET,SELL_TGT_12w,2.61,Double Bottom,Yes
MANH,2025-12-19,SELL_TGT_18w:179.2952,1.96,TARGET,SELL_TGT_18w,2.61,Double Bottom,Yes
MANH,2025-12-19,SELL_TGT_30w:179.2952,1.96,TARGET,SELL_TGT_30w,2.61,Double Bottom,Yes
BB,2025-12-19,Stage: Accumulation,85.0,WATCH,STAGE,,,No
BB,2025-12-19,SELL_TGT_6w:4.25,12.73,TARGET,SELL_TGT_6w,4.89,,No
BB,2025-12-19,SELL_TGT_8w:4.81,27.59,TARGET,SELL_TGT_8w,4.89,,No
BB,2025-12-19,SELL_TGT_12w:4.9734,31.92,TARGET,SELL_TGT_12w,4.89,,No
BB,2025-12-19,SELL_TGT_18w:4.9734,31.92,TARGET,SELL_TGT_18w,4.89,,No
BB,2025-12-19,SELL_TGT_30w:4.9734,31.92,TARGET,SELL_TGT_30w,4.89,,No
SizePct
BB,2025-12-20,MACD Bearish below zero,50.0,SELL,MACD Bearish below zero,4.89,-,No,2.5
NUKZ,2025-12-19,Stage: Accumulation,65.0,WATCH,STAGE,,,No
NUKZ,2025-12-19,SELL_TGT_6w:67.3426,3.25,TARGET,SELL_TGT_6w,2.44,,No
NUKZ,2025-12-19,SELL_TGT_8w:67.3426,3.25,TARGET,SELL_TGT_8w,2.44,,No
NUKZ,2025-12-19,SELL_TGT_12w:66.8511,2.5,TARGET,SELL_TGT_12w,2.44,,No
NUKZ,2025-12-19,SELL_TGT_18w:66.8511,2.5,TARGET,SELL_TGT_18w,2.44,,No
NUKZ,2025-12-19,SELL_TGT_30w:66.8511,2.5,TARGET,SELL_TGT_30w,2.44,,No
SizePct
NUKZ,2025-12-20,MACD Bearish below zero,50.0,SELL,MACD Bearish below zero,2.44,-,No,2.5
SizePct
NUKZ,2025-12-20,Watch: Near 50-DEMA with MACD/ADX/Vol OK,45.0,WATCH,Near50,2.44,-,No,0.0
MYE,2025-12-19,Stage: Mark-Up,85.0,WATCH,STAGE,,Ascending Triangle,Yes
MYE,2025-12-19,SELL_TGT_6w:19.7183,1.96,TARGET,SELL_TGT_6w,2.17,Ascending Triangle,Yes
MYE,2025-12-19,SELL_TGT_8w:19.7183,1.96,TARGET,SELL_TGT_8w,2.17,Ascending Triangle,Yes
MYE,2025-12-19,SELL_TGT_12w:19.6171,1.43,TARGET,SELL_TGT_12w,2.17,Ascending Triangle,Yes
MYE,2025-12-19,SELL_TGT_18w:19.6171,1.43,TARGET,SELL_TGT_18w,2.17,Ascending Triangle,Yes
MYE,2025-12-19,SELL_TGT_30w:19.6171,1.43,TARGET,SELL_TGT_30w,2.17,Ascending Triangle,Yes
SizePct
MYE,2025-12-20,Watch: Near 50-DEMA with MACD/ADX/Vol OK,45.0,WATCH,Near50,2.17,Ascending Triangle,No,0.0
VICI,2025-12-19,Stage: Accumulation,70.0,WATCH,STAGE,,Triple Bottom,Yes
VICI,2025-12-19,SELL_TGT_6w:28.6431,3.4,TARGET,SELL_TGT_6w,1.68,Triple Bottom,Yes
VICI,2025-12-19,SELL_TGT_8w:28.6431,3.4,TARGET,SELL_TGT_8w,1.68,Triple Bottom,Yes
VICI,2025-12-19,SELL_TGT_12w:28.5252,2.98,TARGET,SELL_TGT_12w,1.68,Triple Bottom,Yes
VICI,2025-12-19,SELL_TGT_18w:28.5252,2.98,TARGET,SELL_TGT_18w,1.68,Triple Bottom,Yes
VICI,2025-12-19,SELL_TGT_30w:28.5252,2.98,TARGET,SELL_TGT_30w,1.68,Triple Bottom,Yes
GXO,2025-12-19,Stage: Mark-Up,85.0,WATCH,STAGE,,Ascending Triangle,No
GXO,2025-12-19,SELL_TGT_6w:53.8229,1.0,TARGET,SELL_TGT_6w,2.39,Ascending Triangle,No
GXO,2025-12-19,SELL_TGT_8w:57.3957,7.7,TARGET,SELL_TGT_8w,2.39,Ascending Triangle,No
GXO,2025-12-19,SELL_TGT_12w:56.9995,6.96,TARGET,SELL_TGT_12w,2.39,Ascending Triangle,No
GXO,2025-12-19,SELL_TGT_18w:56.9995,6.96,TARGET,SELL_TGT_18w,2.39,Ascending Triangle,No
GXO,2025-12-19,SELL_TGT_30w:56.9995,6.96,TARGET,SELL_TGT_30w,2.39,Ascending Triangle,No
SizePct
GXO,2025-12-20,Watch: Near 50-DEMA with MACD/ADX/Vol OK,45.0,WATCH,Near50,2.39,Ascending Triangle,No,0.0
KRNT,2025-12-19,Stage: Accumulation,50.0,WATCH,STAGE,,Triple Bottom,Yes
KRNT,2025-12-19,SELL_TGT_6w:14.5238,1.0,TARGET,SELL_TGT_6w,3.92,Triple Bottom,Yes
KRNT,2025-12-19,SELL_TGT_8w:14.5238,1.0,TARGET,SELL_TGT_8w,3.92,Triple Bottom,Yes
KRNT,2025-12-19,SELL_TGT_12w:14.5238,1.0,TARGET,SELL_TGT_12w,3.92,Triple Bottom,Yes
KRNT,2025-12-19,SELL_TGT_18w:14.5238,1.0,TARGET,SELL_TGT_18w,3.92,Triple Bottom,Yes
KRNT,2025-12-19,SELL_TGT_30w:14.5238,1.0,TARGET,SELL_TGT_30w,3.92,Triple Bottom,Yes
H,2025-12-19,Stage: Mark-Up,85.0,WATCH,STAGE,,,No
H,2025-12-19,SELL_TGT_6w:166.0153,0.88,TARGET,SELL_TGT_6w,2.76,,No
H,2025-12-19,SELL_TGT_8w:166.0153,0.88,TARGET,SELL_TGT_8w,2.76,,No
H,2025-12-19,SELL_TGT_12w:165.0121,0.27,TARGET,SELL_TGT_12w,2.76,,No
H,2025-12-19,SELL_TGT_18w:165.0121,0.27,TARGET,SELL_TGT_18w,2.76,,No
H,2025-12-19,SELL_TGT_30w:165.0121,0.27,TARGET,SELL_TGT_30w,2.76,,No
SizePct
H,2025-12-20,Watch: Near 50-DEMA with MACD/ADX/Vol OK,45.0,WATCH,Near50,2.76,-,No,0.0
EXLS,2025-12-19,Stage: Accumulation,85.0,WATCH,STAGE,,Double Bottom,No
EXLS,2025-12-19,SELL_TGT_6w:43.531,1.0,TARGET,SELL_TGT_6w,1.76,Double Bottom,No
EXLS,2025-12-19,SELL_TGT_8w:43.531,1.0,TARGET,SELL_TGT_8w,1.76,Double Bottom,No
EXLS,2025-12-19,SELL_TGT_12w:43.531,1.0,TARGET,SELL_TGT_12w,1.76,Double Bottom,No
EXLS,2025-12-19,SELL_TGT_18w:43.531,1.0,TARGET,SELL_TGT_18w,1.76,Double Bottom,No
EXLS,2025-12-19,SELL_TGT_30w:43.531,1.0,TARGET,SELL_TGT_30w,1.76,Double Bottom,No
SizePct
EXLS,2025-12-20,Watch: Near 50-DEMA with MACD/ADX/Vol OK,45.0,WATCH,Near50,1.76,Double Bottom,No,0.0
CVLT,2025-12-19,Stage: Mark-Down,65.0,WATCH,STAGE,,,No
CVLT,2025-12-19,SELL_TGT_6w:126.4419,1.0,TARGET,SELL_TGT_6w,3.01,,No
CVLT,2025-12-19,SELL_TGT_8w:137.0002,9.43,TARGET,SELL_TGT_8w,3.01,,No
CVLT,2025-12-19,SELL_TGT_12w:174.1104,39.08,TARGET,SELL_TGT_12w,3.01,,No
CVLT,2025-12-19,SELL_TGT_18w:174.1104,39.08,TARGET,SELL_TGT_18w,3.01,,No
CVLT,2025-12-19,SELL_TGT_30w:174.1104,39.08,TARGET,SELL_TGT_30w,3.01,,No
OUST,2025-12-19,Stage: Accumulation,85.0,WATCH,STAGE,,,No
OUST,2025-12-19,SELL_TGT_6w:25.6018,15.17,TARGET,SELL_TGT_6w,7.92,,No
OUST,2025-12-19,SELL_TGT_8w:25.6018,15.17,TARGET,SELL_TGT_8w,7.92,,No
OUST,2025-12-19,SELL_TGT_12w:24.943,12.2,TARGET,SELL_TGT_12w,7.92,,No
OUST,2025-12-19,SELL_TGT_18w:24.943,12.2,TARGET,SELL_TGT_18w,7.92,,No
OUST,2025-12-19,SELL_TGT_30w:24.943,12.2,TARGET,SELL_TGT_30w,7.92,,No
SizePct
OUST,2025-12-20,MACD Bearish below zero,45.6,SELL,MACD Bearish below zero,7.92,-,No,2.28
PAR,2025-12-19,Stage: Mark-Down,65.0,WATCH,STAGE,,Double Bottom,Yes
PAR,2025-12-19,SELL_TGT_6w:37.6284,1.34,TARGET,SELL_TGT_6w,4.0,Double Bottom,Yes
PAR,2025-12-19,SELL_TGT_8w:37.6284,1.34,TARGET,SELL_TGT_8w,4.0,Double Bottom,Yes
PAR,2025-12-19,SELL_TGT_12w:37.2807,0.41,TARGET,SELL_TGT_12w,4.0,Double Bottom,Yes
PAR,2025-12-19,SELL_TGT_18w:37.2807,0.41,TARGET,SELL_TGT_18w,4.0,Double Bottom,Yes
PAR,2025-12-19,SELL_TGT_30w:37.2807,0.41,TARGET,SELL_TGT_30w,4.0,Double Bottom,Yes
UVE,2025-12-19,Stage: Mark-Up,85.0,WATCH,STAGE,,Cup and Handle,No
UVE,2025-12-19,SELL_TGT_6w:34.0302,0.41,TARGET,SELL_TGT_6w,2.75,Cup and Handle,No
UVE,2025-12-19,SELL_TGT_8w:35.4703,4.66,TARGET,SELL_TGT_8w,2.75,Cup and Handle,No
UVE,2025-12-19,SELL_TGT_12w:35.2238,3.94,TARGET,SELL_TGT_12w,2.75,Cup and Handle,No
UVE,2025-12-19,SELL_TGT_18w:35.2238,3.94,TARGET,SELL_TGT_18w,2.75,Cup and Handle,No
UVE,2025-12-19,SELL_TGT_30w:35.2238,3.94,TARGET,SELL_TGT_30w,2.75,Cup and Handle,No
SizePct
UVE,2025-12-20,Watch: Near 50-DEMA with MACD/ADX/Vol OK,45.0,WATCH,Near50,2.75,Cup and Handle,No,0.0
KC,2025-12-19,Stage: Accumulation,100.0,WATCH,STAGE,,,No
KC,2025-12-19,SELL_TGT_6w:11.848,4.76,TARGET,SELL_TGT_6w,3.82,,No
KC,2025-12-19,SELL_TGT_8w:11.848,4.76,TARGET,SELL_TGT_8w,3.82,,No
KC,2025-12-19,SELL_TGT_12w:11.7,3.45,TARGET,SELL_TGT_12w,3.82,,No
KC,2025-12-19,SELL_TGT_18w:11.7,3.45,TARGET,SELL_TGT_18w,3.82,,No
KC,2025-12-19,SELL_TGT_30w:11.7,3.45,TARGET,SELL_TGT_30w,3.82,,No
SizePct
KC,2025-12-20,MACD Bearish below zero,50.0,SELL,MACD Bearish below zero,3.82,-,No,2.5
SHOP,2025-12-19,Stage: Mark-Up,85.0,WATCH,STAGE,,Double Bottom,No
SHOP,2025-12-19,SELL_TGT_6w:171.2657,1.0,TARGET,SELL_TGT_6w,4.31,Double Bottom,No
SHOP,2025-12-19,SELL_TGT_8w:171.2011,0.96,TARGET,SELL_TGT_8w,4.31,Double Bottom,No
SHOP,2025-12-19,SELL_TGT_12w:177.7586,4.83,TARGET,SELL_TGT_12w,4.31,Double Bottom,No
SHOP,2025-12-19,SELL_TGT_18w:177.7586,4.83,TARGET,SELL_TGT_18w,4.31,Double Bottom,No
SHOP,2025-12-19,SELL_TGT_30w:177.7586,4.83,TARGET,SELL_TGT_30w,4.31,Double Bottom,No
SizePct
SHOP,2025-12-20,Watch: Near 50-DEMA with MACD/ADX/Vol OK,45.0,WATCH,Near50,4.31,Double Bottom,No,0.0
AMBA,2025-12-19,Stage: Accumulation,100.0,WATCH,STAGE,,Triple Bottom,No
AMBA,2025-12-19,SELL_TGT_6w:78.4739,8.21,TARGET,SELL_TGT_6w,4.57,Triple Bottom,No
AMBA,2025-12-19,SELL_TGT_8w:78.4739,8.21,TARGET,SELL_TGT_8w,4.57,Triple Bottom,No
AMBA,2025-12-19,SELL_TGT_12w:77.4898,6.85,TARGET,SELL_TGT_12w,4.57,Triple Bottom,No
AMBA,2025-12-19,SELL_TGT_18w:77.4898,6.85,TARGET,SELL_TGT_18w,4.57,Triple Bottom,No
AMBA,2025-12-19,SELL_TGT_30w:77.4898,6.85,TARGET,SELL_TGT_30w,4.57,Triple Bottom,No
SizePct
AMBA,2025-12-20,MACD Bearish below zero,50.0,SELL,MACD Bearish below zero,4.57,Triple Bottom,No,2.5
CVCO,2025-12-19,Stage: Mark-Up,85.0,WATCH,STAGE,,,No
CVCO,2025-12-19,SELL_TGT_6w:605.6259,0.1,TARGET,SELL_TGT_6w,3.58,,No
CVCO,2025-12-19,SELL_TGT_8w:605.6259,0.1,TARGET,SELL_TGT_8w,3.58,,No
CVCO,2025-12-19,SELL_TGT_12w:611.0601,1.0,TARGET,SELL_TGT_12w,3.58,,No
CVCO,2025-12-19,SELL_TGT_18w:611.0601,1.0,TARGET,SELL_TGT_18w,3.58,,No
CVCO,2025-12-19,SELL_TGT_30w:611.0601,1.0,TARGET,SELL_TGT_30w,3.58,,No
SizePct
CVCO,2025-12-20,Watch: Near 50-DEMA with MACD/ADX/Vol OK,45.0,WATCH,Near50,3.58,-,No,0.0
DVAX,2025-12-19,Stage: Accumulation,85.0,WATCH,STAGE,,Triple Bottom,Yes
DVAX,2025-12-19,SELL_TGT_6w:11.4903,5.8,TARGET,SELL_TGT_6w,2.12,Triple Bottom,Yes
DVAX,2025-12-19,SELL_TGT_8w:11.4903,5.8,TARGET,SELL_TGT_8w,2.12,Triple Bottom,Yes
DVAX,2025-12-19,SELL_TGT_12w:11.4305,5.25,TARGET,SELL_TGT_12w,2.12,Triple Bottom,Yes
DVAX,2025-12-19,SELL_TGT_18w:11.4305,5.25,TARGET,SELL_TGT_18w,2.12,Triple Bottom,Yes
DVAX,2025-12-19,SELL_TGT_30w:11.4305,5.25,TARGET,SELL_TGT_30w,2.12,Triple Bottom,Yes
SizePct
DVAX,2025-12-20,Watch: Near 50-DEMA with MACD/ADX/Vol OK,45.0,WATCH,Near50,2.12,Triple Bottom,No,0.0
CVV,2025-12-19,Stage: Accumulation,85.0,WATCH,STAGE,,Double Bottom,No
CVV,2025-12-19,SELL_TGT_6w:3.5847,20.29,TARGET,SELL_TGT_6w,5.64,Double Bottom,No
CVV,2025-12-19,SELL_TGT_8w:3.5847,20.29,TARGET,SELL_TGT_8w,5.64,Double Bottom,No
CVV,2025-12-19,SELL_TGT_12w:3.5345,18.61,TARGET,SELL_TGT_12w,5.64,Double Bottom,No
CVV,2025-12-19,SELL_TGT_18w:3.5345,18.61,TARGET,SELL_TGT_18w,5.64,Double Bottom,No
CVV,2025-12-19,SELL_TGT_30w:3.5345,18.61,TARGET,SELL_TGT_30w,5.64,Double Bottom,No
SizePct
CVV,2025-12-20,MACD Bearish below zero,49.0,SELL,MACD Bearish below zero,5.64,Double Bottom,No,2.45
OVV,2025-12-19,Stage: Mark-Down,85.0,WATCH,STAGE,,,Yes
OVV,2025-12-19,SELL_TGT_6w:42.8734,14.67,TARGET,SELL_TGT_6w,3.37,,Yes
OVV,2025-12-19,SELL_TGT_8w:42.8734,14.67,TARGET,SELL_TGT_8w,3.37,,Yes
OVV,2025-12-19,SELL_TGT_12w:42.5889,13.9,TARGET,SELL_TGT_12w,3.37,,Yes
OVV,2025-12-19,SELL_TGT_18w:42.5889,13.9,TARGET,SELL_TGT_18w,3.37,,Yes
OVV,2025-12-19,SELL_TGT_30w:42.5889,13.9,TARGET,SELL_TGT_30w,3.37,,Yes
SizePct
OVV,2025-12-20,MACD Bearish below zero,50.0,SELL,MACD Bearish below zero,3.37,-,No,2.5
VLRS,2025-12-19,Stage: Mark-Up,85.0,WATCH,STAGE,,,No
VLRS,2025-12-19,SELL_TGT_6w:9.5849,1.0,TARGET,SELL_TGT_6w,4.06,,No
VLRS,2025-12-19,SELL_TGT_8w:9.5849,1.0,TARGET,SELL_TGT_8w,4.06,,No
VLRS,2025-12-19,SELL_TGT_12w:9.5849,1.0,TARGET,SELL_TGT_12w,4.06,,No
VLRS,2025-12-19,SELL_TGT_18w:9.5849,1.0,TARGET,SELL_TGT_18w,4.06,,No
VLRS,2025-12-19,SELL_TGT_30w:9.5849,1.0,TARGET,SELL_TGT_30w,4.06,,No
SizePct
VLRS,2025-12-20,Overbought (>27% above 200 DEMA),45.0,SELL,Overbought (>27% above 200 DEMA),4.06,-,No,2.25
SizePct
VLRS,2025-12-20,Watch: Near 50-DEMA with MACD/ADX/Vol OK,45.0,WATCH,Near50,4.06,-,No,0.0
OFG,2025-12-19,Stage: Accumulation,85.0,WATCH,STAGE,,Ascending Triangle,No
OFG,2025-12-19,SELL_TGT_6w:42.723,1.0,TARGET,SELL_TGT_6w,1.84,Ascending Triangle,No
OFG,2025-12-19,SELL_TGT_8w:42.723,1.0,TARGET,SELL_TGT_8w,1.84,Ascending Triangle,No
OFG,2025-12-19,SELL_TGT_12w:42.723,1.0,TARGET,SELL_TGT_12w,1.84,Ascending Triangle,No
OFG,2025-12-19,SELL_TGT_18w:42.723,1.0,TARGET,SELL_TGT_18w,1.84,Ascending Triangle,No
OFG,2025-12-19,SELL_TGT_30w:42.723,1.0,TARGET,SELL_TGT_30w,1.84,Ascending Triangle,No
SizePct
OFG,2025-12-20,Watch: Near 50-DEMA with MACD/ADX/Vol OK,45.0,WATCH,Near50,1.84,Ascending Triangle,No,0.0
FIS,2025-12-19,Stage: Accumulation,100.0,WATCH,STAGE,,Triple Bottom,Yes
FIS,2025-12-19,SELL_TGT_6w:67.6896,2.48,TARGET,SELL_TGT_6w,1.96,Triple Bottom,Yes
FIS,2025-12-19,SELL_TGT_8w:67.6896,2.48,TARGET,SELL_TGT_8w,1.96,Triple Bottom,Yes
FIS,2025-12-19,SELL_TGT_12w:67.3627,1.99,TARGET,SELL_TGT_12w,1.96,Triple Bottom,Yes
FIS,2025-12-19,SELL_TGT_18w:67.3627,1.99,TARGET,SELL_TGT_18w,1.96,Triple Bottom,Yes
FIS,2025-12-19,SELL_TGT_30w:67.3627,1.99,TARGET,SELL_TGT_30w,1.96,Triple Bottom,Yes
BITO,2025-12-19,Stage: Accumulation,65.0,WATCH,STAGE,,,Yes
BITO,2025-12-19,SELL_TGT_6w:13.7568,5.9,TARGET,SELL_TGT_6w,4.51,,Yes
BITO,2025-12-19,SELL_TGT_8w:13.7568,5.9,TARGET,SELL_TGT_8w,4.51,,Yes
BITO,2025-12-19,SELL_TGT_12w:13.6013,4.71,TARGET,SELL_TGT_12w,4.51,,Yes
BITO,2025-12-19,SELL_TGT_18w:13.6013,4.71,TARGET,SELL_TGT_18w,4.51,,Yes
BITO,2025-12-19,SELL_TGT_30w:13.6013,4.71,TARGET,SELL_TGT_30w,4.51,,Yes
DLR,2025-12-19,Stage: Mark-Down,85.0,WATCH,STAGE,,,Yes
DLR,2025-12-19,SELL_TGT_6w:164.5318,9.7,TARGET,SELL_TGT_6w,2.81,,Yes
DLR,2025-12-19,SELL_TGT_8w:164.5318,9.7,TARGET,SELL_TGT_8w,2.81,,Yes
DLR,2025-12-19,SELL_TGT_12w:163.553,9.04,TARGET,SELL_TGT_12w,2.81,,Yes
DLR,2025-12-19,SELL_TGT_18w:163.553,9.04,TARGET,SELL_TGT_18w,2.81,,Yes
DLR,2025-12-19,SELL_TGT_30w:163.553,9.04,TARGET,SELL_TGT_30w,2.81,,Yes
SizePct
DLR,2025-12-20,MACD Bearish below zero,50.0,SELL,MACD Bearish below zero,2.81,-,No,2.5
HSTM,2025-12-19,Stage: Mark-Down,85.0,WATCH,STAGE,,,Yes
HSTM,2025-12-19,SELL_TGT_6w:25.7848,7.71,TARGET,SELL_TGT_6w,2.46,,Yes
HSTM,2025-12-19,SELL_TGT_8w:25.7848,7.71,TARGET,SELL_TGT_8w,2.46,,Yes
HSTM,2025-12-19,SELL_TGT_12w:25.6346,7.08,TARGET,SELL_TGT_12w,2.46,,Yes
HSTM,2025-12-19,SELL_TGT_18w:25.6346,7.08,TARGET,SELL_TGT_18w,2.46,,Yes
HSTM,2025-12-19,SELL_TGT_30w:25.6346,7.08,TARGET,SELL_TGT_30w,2.46,,Yes
SizePct
HSTM,2025-12-20,MACD Bearish below zero,50.0,SELL,MACD Bearish below zero,2.46,-,No,2.5
CEVA,2025-12-19,Stage: Accumulation,65.0,WATCH,STAGE,,,Yes
CEVA,2025-12-19,SELL_TGT_6w:23.0719,8.68,TARGET,SELL_TGT_6w,4.85,,Yes
CEVA,2025-12-19,SELL_TGT_8w:23.0719,8.68,TARGET,SELL_TGT_8w,4.85,,Yes
CEVA,2025-12-19,SELL_TGT_12w:22.7464,7.14,TARGET,SELL_TGT_12w,4.85,,Yes
CEVA,2025-12-19,SELL_TGT_18w:22.7464,7.14,TARGET,SELL_TGT_18w,4.85,,Yes
CEVA,2025-12-19,SELL_TGT_30w:22.7464,7.14,TARGET,SELL_TGT_30w,4.85,,Yes
CCBG,2025-12-19,Stage: Mark-Up,85.0,WATCH,STAGE,,,No
CCBG,2025-12-19,SELL_TGT_6w:44.5387,1.69,TARGET,SELL_TGT_6w,2.78,,No
CCBG,2025-12-19,SELL_TGT_8w:44.5387,1.69,TARGET,SELL_TGT_8w,2.78,,No
CCBG,2025-12-19,SELL_TGT_12w:44.238,1.0,TARGET,SELL_TGT_12w,2.78,,No
CCBG,2025-12-19,SELL_TGT_18w:44.238,1.0,TARGET,SELL_TGT_18w,2.78,,No
CCBG,2025-12-19,SELL_TGT_30w:44.238,1.0,TARGET,SELL_TGT_30w,2.78,,No
SizePct
CCBG,2025-12-20,Watch: Near 50-DEMA with MACD/ADX/Vol OK,45.0,WATCH,Near50,2.78,-,No,0.0
DXCM,2025-12-19,Stage: Accumulation,85.0,WATCH,STAGE,,Triple Bottom,Yes
DXCM,2025-12-19,SELL_TGT_6w:68.8512,4.23,TARGET,SELL_TGT_6w,2.89,Triple Bottom,Yes
DXCM,2025-12-19,SELL_TGT_8w:68.8512,4.23,TARGET,SELL_TGT_8w,2.89,Triple Bottom,Yes
DXCM,2025-12-19,SELL_TGT_12w:68.2387,3.3,TARGET,SELL_TGT_12w,2.89,Triple Bottom,Yes
DXCM,2025-12-19,SELL_TGT_18w:68.2387,3.3,TARGET,SELL_TGT_18w,2.89,Triple Bottom,Yes
DXCM,2025-12-19,SELL_TGT_30w:68.2387,3.3,TARGET,SELL_TGT_30w,2.89,Triple Bottom,Yes
EHAB,2025-12-19,Stage: Distribution,80.0,WATCH,STAGE,,,No
EHAB,2025-12-19,SELL_TGT_6w:9.79,2.41,TARGET,SELL_TGT_6w,2.73,,No
EHAB,2025-12-19,SELL_TGT_8w:9.79,2.41,TARGET,SELL_TGT_8w,2.73,,No
EHAB,2025-12-19,SELL_TGT_12w:9.7234,1.71,TARGET,SELL_TGT_12w,2.73,,No
EHAB,2025-12-19,SELL_TGT_18w:9.7234,1.71,TARGET,SELL_TGT_18w,2.73,,No
EHAB,2025-12-19,SELL_TGT_30w:9.7234,1.71,TARGET,SELL_TGT_30w,2.73,,No
EVTC,2025-12-19,Stage: Accumulation,85.0,WATCH,STAGE,,Triple Bottom,Yes
EVTC,2025-12-19,SELL_TGT_6w:30.5889,5.33,TARGET,SELL_TGT_6w,3.06,Triple Bottom,Yes
EVTC,2025-12-19,SELL_TGT_8w:30.5889,5.33,TARGET,SELL_TGT_8w,3.06,Triple Bottom,Yes
EVTC,2025-12-19,SELL_TGT_12w:30.3948,4.67,TARGET,SELL_TGT_12w,3.06,Triple Bottom,Yes
EVTC,2025-12-19,SELL_TGT_18w:30.3948,4.67,TARGET,SELL_TGT_18w,3.06,Triple Bottom,Yes
EVTC,2025-12-19,SELL_TGT_30w:30.3948,4.67,TARGET,SELL_TGT_30w,3.06,Triple Bottom,Yes
CF,2025-12-19,Stage: Accumulation,100.0,WATCH,STAGE,,,Yes
CF,2025-12-19,SELL_TGT_6w:80.1679,1.87,TARGET,SELL_TGT_6w,2.27,,Yes
CF,2025-12-19,SELL_TGT_8w:80.1679,1.87,TARGET,SELL_TGT_8w,2.27,,Yes
CF,2025-12-19,SELL_TGT_12w:79.6532,1.21,TARGET,SELL_TGT_12w,2.27,,Yes
CF,2025-12-19,SELL_TGT_18w:79.6532,1.21,TARGET,SELL_TGT_18w,2.27,,Yes
CF,2025-12-19,SELL_TGT_30w:79.6532,1.21,TARGET,SELL_TGT_30w,2.27,,Yes
TCMD,2025-12-19,Stage: Mark-Up,65.0,WATCH,STAGE,,,No
TCMD,2025-12-19,SELL_TGT_6w:29.2092,1.0,TARGET,SELL_TGT_6w,3.59,,No
TCMD,2025-12-19,SELL_TGT_8w:29.2092,1.0,TARGET,SELL_TGT_8w,3.59,,No
TCMD,2025-12-19,SELL_TGT_12w:29.2092,1.0,TARGET,SELL_TGT_12w,3.59,,No
TCMD,2025-12-19,SELL_TGT_18w:29.2092,1.0,TARGET,SELL_TGT_18w,3.59,,No
TCMD,2025-12-19,SELL_TGT_30w:29.2092,1.0,TARGET,SELL_TGT_30w,3.59,,No
SizePct
TCMD,2025-12-20,Overbought (>27% above 200 DEMA),30.0,SELL,Overbought (>27% above 200 DEMA),3.59,-,No,1.5
GRC,2025-12-19,Stage: Mark-Up,85.0,WATCH,STAGE,,,No
GRC,2025-12-19,SELL_TGT_6w:49.591,1.0,TARGET,SELL_TGT_6w,2.78,,No
GRC,2025-12-19,SELL_TGT_8w:49.591,1.0,TARGET,SELL_TGT_8w,2.78,,No
GRC,2025-12-19,SELL_TGT_12w:49.591,1.0,TARGET,SELL_TGT_12w,2.78,,No
GRC,2025-12-19,SELL_TGT_18w:49.591,1.0,TARGET,SELL_TGT_18w,2.78,,No
GRC,2025-12-19,SELL_TGT_30w:49.591,1.0,TARGET,SELL_TGT_30w,2.78,,No
SizePct
GRC,2025-12-20,Watch: Near 50-DEMA with MACD/ADX/Vol OK,45.0,WATCH,Near50,2.78,-,No,0.0
VST,2025-12-19,Stage: Accumulation,85.0,WATCH,STAGE,,,No
VST,2025-12-19,SELL_TGT_6w:176.9896,8.56,TARGET,SELL_TGT_6w,5.28,,No
VST,2025-12-19,SELL_TGT_8w:176.9896,8.56,TARGET,SELL_TGT_8w,5.28,,No
VST,2025-12-19,SELL_TGT_12w:174.9827,7.33,TARGET,SELL_TGT_12w,5.28,,No
VST,2025-12-19,SELL_TGT_18w:174.9827,7.33,TARGET,SELL_TGT_18w,5.28,,No
VST,2025-12-19,SELL_TGT_30w:174.9827,7.33,TARGET,SELL_TGT_30w,5.28,,No
NIO,2025-12-19,Stage: Accumulation,100.0,WATCH,STAGE,,,Yes
NIO,2025-12-19,SELL_TGT_6w:6.0398,21.04,TARGET,SELL_TGT_6w,3.64,,Yes
NIO,2025-12-19,SELL_TGT_8w:7.4198,48.69,TARGET,SELL_TGT_8w,3.64,,Yes
NIO,2025-12-19,SELL_TGT_12w:7.3396,47.09,TARGET,SELL_TGT_12w,3.64,,Yes
NIO,2025-12-19,SELL_TGT_18w:7.3396,47.09,TARGET,SELL_TGT_18w,3.64,,Yes
NIO,2025-12-19,SELL_TGT_30w:7.3396,47.09,TARGET,SELL_TGT_30w,3.64,,Yes
MA,2025-12-19,Stage: Accumulation,85.0,WATCH,STAGE,,Cup and Handle,No
MA,2025-12-19,SELL_TGT_6w:577.9523,1.0,TARGET,SELL_TGT_6w,1.85,Cup and Handle,No
MA,2025-12-19,SELL_TGT_8w:577.9523,1.0,TARGET,SELL_TGT_8w,1.85,Cup and Handle,No
MA,2025-12-19,SELL_TGT_12w:577.9523,1.0,TARGET,SELL_TGT_12w,1.85,Cup and Handle,No
MA,2025-12-19,SELL_TGT_18w:577.9523,1.0,TARGET,SELL_TGT_18w,1.85,Cup and Handle,No
MA,2025-12-19,SELL_TGT_30w:577.9523,1.0,TARGET,SELL_TGT_30w,1.85,Cup and Handle,No
SizePct
MA,2025-12-20,Watch: Near 50-DEMA with MACD/ADX/Vol OK,45.0,WATCH,Near50,1.85,Cup and Handle,No,0.0
GRPN,2025-12-19,Stage: Accumulation,65.0,WATCH,STAGE,,Double Bottom,No
GRPN,2025-12-19,SELL_TGT_6w:18.5198,11.43,TARGET,SELL_TGT_6w,4.83,Double Bottom,No
GRPN,2025-12-19,SELL_TGT_8w:18.5198,11.43,TARGET,SELL_TGT_8w,4.83,Double Bottom,No
GRPN,2025-12-19,SELL_TGT_12w:18.2796,9.99,TARGET,SELL_TGT_12w,4.83,Double Bottom,No
GRPN,2025-12-19,SELL_TGT_18w:18.2796,9.99,TARGET,SELL_TGT_18w,4.83,Double Bottom,No
GRPN,2025-12-19,SELL_TGT_30w:18.2796,9.99,TARGET,SELL_TGT_30w,4.83,Double Bottom,No
INOD,2025-12-19,Stage: Accumulation,100.0,WATCH,STAGE,,,No
INOD,2025-12-19,SELL_TGT_6w:59.0914,11.49,TARGET,SELL_TGT_6w,6.12,,No
INOD,2025-12-19,SELL_TGT_8w:59.0914,11.49,TARGET,SELL_TGT_8w,6.12,,No
INOD,2025-12-19,SELL_TGT_12w:57.8656,9.18,TARGET,SELL_TGT_12w,6.12,,No
INOD,2025-12-19,SELL_TGT_18w:57.8656,9.18,TARGET,SELL_TGT_18w,6.12,,No
INOD,2025-12-19,SELL_TGT_30w:57.8656,9.18,TARGET,SELL_TGT_30w,6.12,,No
SizePct
INOD,2025-12-20,MACD Bearish below zero,48.3,SELL,MACD Bearish below zero,6.12,-,No,2.42
TER,2025-12-19,Stage: Mark-Up,85.0,WATCH,STAGE,,Cup and Handle,No
TER,2025-12-19,SELL_TGT_6w:202.0659,3.53,TARGET,SELL_TGT_6w,3.96,Cup and Handle,No
TER,2025-12-19,SELL_TGT_8w:202.0659,3.53,TARGET,SELL_TGT_8w,3.96,Cup and Handle,No
TER,2025-12-19,SELL_TGT_12w:200.1098,2.53,TARGET,SELL_TGT_12w,3.96,Cup and Handle,No
TER,2025-12-19,SELL_TGT_18w:200.1098,2.53,TARGET,SELL_TGT_18w,3.96,Cup and Handle,No
TER,2025-12-19,SELL_TGT_30w:200.1098,2.53,TARGET,SELL_TGT_30w,3.96,Cup and Handle,No
SizePct
TER,2025-12-20,Overbought (>27% above 200 DEMA),30.0,SELL,Overbought (>27% above 200 DEMA),3.96,Cup and Handle,No,1.5
SizePct
TER,2025-12-20,Watch: Near 50-DEMA with MACD/ADX/Vol OK,45.0,WATCH,Near50,3.96,Cup and Handle,No,0.0
BMBL,2025-12-19,Stage: Accumulation,65.0,WATCH,STAGE,,Inverse Head and Shoulders,No
BMBL,2025-12-19,SELL_TGT_6w:3.796,9.71,TARGET,SELL_TGT_6w,4.95,Inverse Head and Shoulders,No
BMBL,2025-12-19,SELL_TGT_8w:3.796,9.71,TARGET,SELL_TGT_8w,4.95,Inverse Head and Shoulders,No
BMBL,2025-12-19,SELL_TGT_12w:3.7266,7.71,TARGET,SELL_TGT_12w,4.95,Inverse Head and Shoulders,No
BMBL,2025-12-19,SELL_TGT_18w:3.7266,7.71,TARGET,SELL_TGT_18w,4.95,Inverse Head and Shoulders,No
BMBL,2025-12-19,SELL_TGT_30w:3.7266,7.71,TARGET,SELL_TGT_30w,4.95,Inverse Head and Shoulders,No
EXOD,2025-12-19,Stage: Accumulation,65.0,WATCH,STAGE,,,Yes
EXOD,2025-12-19,SELL_TGT_6w:16.4449,6.03,TARGET,SELL_TGT_6w,8.19,,Yes
EXOD,2025-12-19,SELL_TGT_8w:16.4449,6.03,TARGET,SELL_TGT_8w,8.19,,Yes
EXOD,2025-12-19,SELL_TGT_12w:16.0282,3.34,TARGET,SELL_TGT_12w,8.19,,Yes
EXOD,2025-12-19,SELL_TGT_18w:16.0282,3.34,TARGET,SELL_TGT_18w,8.19,,Yes
EXOD,2025-12-19,SELL_TGT_30w:16.0282,3.34,TARGET,SELL_TGT_30w,8.19,,Yes
REMX,2025-12-19,Stage: Mark-Up,85.0,WATCH,STAGE,,,No
REMX,2025-12-19,SELL_TGT_6w:74.0571,2.04,TARGET,SELL_TGT_6w,3.06,,No
REMX,2025-12-19,SELL_TGT_8w:74.0571,2.04,TARGET,SELL_TGT_8w,3.06,,No
REMX,2025-12-19,SELL_TGT_12w:73.3752,1.1,TARGET,SELL_TGT_12w,3.06,,No
REMX,2025-12-19,SELL_TGT_18w:73.3752,1.1,TARGET,SELL_TGT_18w,3.06,,No
REMX,2025-12-19,SELL_TGT_30w:73.3752,1.1,TARGET,SELL_TGT_30w,3.06,,No
SizePct
REMX,2025-12-20,Watch: Near 50-DEMA with MACD/ADX/Vol OK,45.0,WATCH,Near50,3.06,-,No,0.0
TTWO,2025-12-19,Stage: Mark-Up,70.0,WATCH,STAGE,,Inverse Head and Shoulders,Yes
TTWO,2025-12-19,SELL_TGT_6w:249.4882,0.84,TARGET,SELL_TGT_6w,1.83,Inverse Head and Shoulders,Yes
TTWO,2025-12-19,SELL_TGT_8w:249.4882,0.84,TARGET,SELL_TGT_8w,1.83,Inverse Head and Shoulders,Yes
TTWO,2025-12-19,SELL_TGT_12w:248.2537,0.35,TARGET,SELL_TGT_12w,1.83,Inverse Head and Shoulders,Yes
TTWO,2025-12-19,SELL_TGT_18w:248.2537,0.35,TARGET,SELL_TGT_18w,1.83,Inverse Head and Shoulders,Yes
TTWO,2025-12-19,SELL_TGT_30w:248.2537,0.35,TARGET,SELL_TGT_30w,1.83,Inverse Head and Shoulders,Yes
SizePct
TTWO,2025-12-20,Watch: Near 50-DEMA with MACD/ADX/Vol OK,45.0,WATCH,Near50,1.83,Inverse Head and Shoulders,No,0.0
ETD,2025-12-19,Stage: Accumulation,65.0,WATCH,STAGE,,Triple Bottom,Yes
ETD,2025-12-19,SELL_TGT_6w:25.0243,6.08,TARGET,SELL_TGT_6w,2.41,Triple Bottom,Yes
ETD,2025-12-19,SELL_TGT_8w:25.0243,6.08,TARGET,SELL_TGT_8w,2.41,Triple Bottom,Yes
ETD,2025-12-19,SELL_TGT_12w:24.8671,5.41,TARGET,SELL_TGT_12w,2.41,Triple Bottom,Yes
ETD,2025-12-19,SELL_TGT_18w:24.8671,5.41,TARGET,SELL_TGT_18w,2.41,Triple Bottom,Yes
ETD,2025-12-19,SELL_TGT_30w:24.8671,5.41,TARGET,SELL_TGT_30w,2.41,Triple Bottom,Yes
CRWD,2025-12-19,Stage: Accumulation,85.0,WATCH,STAGE,,Double Bottom,No
CRWD,2025-12-19,SELL_TGT_6w:523.6824,8.81,TARGET,SELL_TGT_6w,3.65,Double Bottom,No
CRWD,2025-12-19,SELL_TGT_8w:523.6824,8.81,TARGET,SELL_TGT_8w,3.65,Double Bottom,No
CRWD,2025-12-19,SELL_TGT_12w:519.5373,7.95,TARGET,SELL_TGT_12w,3.65,Double Bottom,No
CRWD,2025-12-19,SELL_TGT_18w:519.5373,7.95,TARGET,SELL_TGT_18w,3.65,Double Bottom,No
CRWD,2025-12-19,SELL_TGT_30w:519.5373,7.95,TARGET,SELL_TGT_30w,3.65,Double Bottom,No
SizePct
CRWD,2025-12-20,MACD Bearish below zero,50.0,SELL,MACD Bearish below zero,3.65,Double Bottom,No,2.5
PHM,2025-12-19,Stage: Accumulation,70.0,WATCH,STAGE,,,No
PHM,2025-12-19,SELL_TGT_6w:130.3099,8.83,TARGET,SELL_TGT_6w,2.81,,No
PHM,2025-12-19,SELL_TGT_8w:130.3099,8.83,TARGET,SELL_TGT_8w,2.81,,No
PHM,2025-12-19,SELL_TGT_12w:129.4764,8.13,TARGET,SELL_TGT_12w,2.81,,No
PHM,2025-12-19,SELL_TGT_18w:129.4764,8.13,TARGET,SELL_TGT_18w,2.81,,No
PHM,2025-12-19,SELL_TGT_30w:129.4764,8.13,TARGET,SELL_TGT_30w,2.81,,No
UAL,2025-12-19,Stage: Mark-Up,85.0,WATCH,STAGE,,,No
UAL,2025-12-19,SELL_TGT_6w:115.1299,1.0,TARGET,SELL_TGT_6w,3.15,,No
UAL,2025-12-19,SELL_TGT_8w:115.1299,1.0,TARGET,SELL_TGT_8w,3.15,,No
UAL,2025-12-19,SELL_TGT_12w:115.1299,1.0,TARGET,SELL_TGT_12w,3.15,,No
UAL,2025-12-19,SELL_TGT_18w:115.1299,1.0,TARGET,SELL_TGT_18w,3.15,,No
UAL,2025-12-19,SELL_TGT_30w:115.1299,1.0,TARGET,SELL_TGT_30w,3.15,,No
SizePct
UAL,2025-12-20,Watch: Near 50-DEMA with MACD/ADX/Vol OK,45.0,WATCH,Near50,3.15,-,No,0.0
HACK,2025-12-19,Stage: Accumulation,100.0,WATCH,STAGE,,Double Bottom,No
HACK,2025-12-19,SELL_TGT_6w:85.7328,4.96,TARGET,SELL_TGT_6w,1.57,Double Bottom,No
HACK,2025-12-19,SELL_TGT_8w:85.7328,4.96,TARGET,SELL_TGT_8w,1.57,Double Bottom,No
HACK,2025-12-19,SELL_TGT_12w:85.368,4.52,TARGET,SELL_TGT_12w,1.57,Double Bottom,No
HACK,2025-12-19,SELL_TGT_18w:85.368,4.52,TARGET,SELL_TGT_18w,1.57,Double Bottom,No
HACK,2025-12-19,SELL_TGT_30w:85.368,4.52,TARGET,SELL_TGT_30w,1.57,Double Bottom,No
SizePct
HACK,2025-12-20,MACD Bearish below zero,50.0,SELL,MACD Bearish below zero,1.57,Double Bottom,No,2.5
SNOW,2025-12-19,Stage: Accumulation,85.0,WATCH,STAGE,,,No
SNOW,2025-12-19,SELL_TGT_6w:264.8192,19.04,TARGET,SELL_TGT_6w,4.39,,No
SNOW,2025-12-19,SELL_TGT_8w:264.8192,19.04,TARGET,SELL_TGT_8w,4.39,,No
SNOW,2025-12-19,SELL_TGT_12w:262.5587,18.03,TARGET,SELL_TGT_12w,4.39,,No
SNOW,2025-12-19,SELL_TGT_18w:262.5587,18.03,TARGET,SELL_TGT_18w,4.39,,No
SNOW,2025-12-19,SELL_TGT_30w:262.5587,18.03,TARGET,SELL_TGT_30w,4.39,,No
SizePct
SNOW,2025-12-20,MACD Bearish below zero,50.0,SELL,MACD Bearish below zero,4.39,-,No,2.5
EQIX,2025-12-19,Stage: Accumulation,70.0,WATCH,STAGE,,Triple Bottom,Yes
EQIX,2025-12-19,SELL_TGT_6w:779.9955,2.83,TARGET,SELL_TGT_6w,2.44,Triple Bottom,Yes
EQIX,2025-12-19,SELL_TGT_8w:840.4355,10.8,TARGET,SELL_TGT_8w,2.44,Triple Bottom,Yes
EQIX,2025-12-19,SELL_TGT_12w:844.5391,11.34,TARGET,SELL_TGT_12w,2.44,Triple Bottom,Yes
EQIX,2025-12-19,SELL_TGT_18w:844.5391,11.34,TARGET,SELL_TGT_18w,2.44,Triple Bottom,Yes
EQIX,2025-12-19,SELL_TGT_30w:844.5391,11.34,TARGET,SELL_TGT_30w,2.44,Triple Bottom,Yes
ULCC,2025-12-19,Stage: Accumulation,85.0,WATCH,STAGE,,,No
ULCC,2025-12-19,SELL_TGT_6w:5.9171,20.76,TARGET,SELL_TGT_6w,7.86,,No
ULCC,2025-12-19,SELL_TGT_8w:5.9171,20.76,TARGET,SELL_TGT_8w,7.86,,No
ULCC,2025-12-19,SELL_TGT_12w:5.8486,19.36,TARGET,SELL_TGT_12w,7.86,,No
ULCC,2025-12-19,SELL_TGT_18w:5.8486,19.36,TARGET,SELL_TGT_18w,7.86,,No
ULCC,2025-12-19,SELL_TGT_30w:5.8486,19.36,TARGET,SELL_TGT_30w,7.86,,No
MISL,2025-12-19,Stage: Mark-Up,85.0,WATCH,STAGE,,Cup and Handle,No
MISL,2025-12-19,SELL_TGT_6w:43.026,1.0,TARGET,SELL_TGT_6w,1.9,Cup and Handle,No
MISL,2025-12-19,SELL_TGT_8w:42.7967,0.46,TARGET,SELL_TGT_8w,1.9,Cup and Handle,No
MISL,2025-12-19,SELL_TGT_12w:43.4745,2.05,TARGET,SELL_TGT_12w,1.9,Cup and Handle,No
MISL,2025-12-19,SELL_TGT_18w:43.4745,2.05,TARGET,SELL_TGT_18w,1.9,Cup and Handle,No
MISL,2025-12-19,SELL_TGT_30w:43.4745,2.05,TARGET,SELL_TGT_30w,1.9,Cup and Handle,No
SizePct
MISL,2025-12-20,Watch: Near 50-DEMA with MACD/ADX/Vol OK,45.0,WATCH,Near50,1.9,Cup and Handle,No,0.0
DRI,2025-12-19,Stage: Accumulation,70.0,WATCH,STAGE,,Cup and Handle,No
DRI,2025-12-19,SELL_TGT_6w:191.7687,1.0,TARGET,SELL_TGT_6w,2.46,Cup and Handle,No
DRI,2025-12-19,SELL_TGT_8w:191.7687,1.0,TARGET,SELL_TGT_8w,2.46,Cup and Handle,No
DRI,2025-12-19,SELL_TGT_12w:191.7687,1.0,TARGET,SELL_TGT_12w,2.46,Cup and Handle,No
DRI,2025-12-19,SELL_TGT_18w:191.7687,1.0,TARGET,SELL_TGT_18w,2.46,Cup and Handle,No
DRI,2025-12-19,SELL_TGT_30w:191.7687,1.0,TARGET,SELL_TGT_30w,2.46,Cup and Handle,No
BABA,2025-12-19,Stage: Accumulation,50.0,WATCH,STAGE,,Double Bottom,No
BABA,2025-12-19,SELL_TGT_6w:164.2433,9.65,TARGET,SELL_TGT_6w,2.64,Double Bottom,No
BABA,2025-12-19,SELL_TGT_8w:164.2433,9.65,TARGET,SELL_TGT_8w,2.64,Double Bottom,No
BABA,2025-12-19,SELL_TGT_12w:162.8255,8.7,TARGET,SELL_TGT_12w,2.64,Double Bottom,No
BABA,2025-12-19,SELL_TGT_18w:162.8255,8.7,TARGET,SELL_TGT_18w,2.64,Double Bottom,No
BABA,2025-12-19,SELL_TGT_30w:162.8255,8.7,TARGET,SELL_TGT_30w,2.64,Double Bottom,No
SizePct
BABA,2025-12-20,MACD Bearish below zero,50.0,SELL,MACD Bearish below zero,2.64,Double Bottom,No,2.5
SXC,2025-12-19,Stage: Accumulation,85.0,WATCH,STAGE,,Cup and Handle,Yes
SXC,2025-12-19,SELL_TGT_6w:7.3306,2.24,TARGET,SELL_TGT_6w,3.11,Cup and Handle,Yes
SXC,2025-12-19,SELL_TGT_8w:7.3306,2.24,TARGET,SELL_TGT_8w,3.11,Cup and Handle,Yes
SXC,2025-12-19,SELL_TGT_12w:7.2711,1.41,TARGET,SELL_TGT_12w,3.11,Cup and Handle,Yes
SXC,2025-12-19,SELL_TGT_18w:7.2711,1.41,TARGET,SELL_TGT_18w,3.11,Cup and Handle,Yes
SXC,2025-12-19,SELL_TGT_30w:7.2711,1.41,TARGET,SELL_TGT_30w,3.11,Cup and Handle,Yes
MRVL,2025-12-19,Stage: Accumulation,100.0,WATCH,STAGE,,,No
MRVL,2025-12-19,SELL_TGT_6w:101.1705,20.31,TARGET,SELL_TGT_6w,5.74,,No
MRVL,2025-12-19,SELL_TGT_8w:101.1705,20.31,TARGET,SELL_TGT_8w,5.74,,No
MRVL,2025-12-19,SELL_TGT_12w:100.1041,19.04,TARGET,SELL_TGT_12w,5.74,,No
MRVL,2025-12-19,SELL_TGT_18w:100.1041,19.04,TARGET,SELL_TGT_18w,5.74,,No
MRVL,2025-12-19,SELL_TGT_30w:100.1041,19.04,TARGET,SELL_TGT_30w,5.74,,No
SizePct
MRVL,2025-12-20,MACD Bearish below zero,48.9,SELL,MACD Bearish below zero,5.74,-,No,2.44
ACEL,2025-12-19,Stage: Accumulation,85.0,WATCH,STAGE,,Double Bottom,No
ACEL,2025-12-19,SELL_TGT_6w:11.2103,0.45,TARGET,SELL_TGT_6w,2.39,Double Bottom,No
ACEL,2025-12-19,SELL_TGT_8w:11.2716,1.0,TARGET,SELL_TGT_8w,2.39,Double Bottom,No
ACEL,2025-12-19,SELL_TGT_12w:11.2716,1.0,TARGET,SELL_TGT_12w,2.39,Double Bottom,No
ACEL,2025-12-19,SELL_TGT_18w:11.2716,1.0,TARGET,SELL_TGT_18w,2.39,Double Bottom,No
ACEL,2025-12-19,SELL_TGT_30w:11.2716,1.0,TARGET,SELL_TGT_30w,2.39,Double Bottom,No
SizePct
ACEL,2025-12-20,Watch: Near 50-DEMA with MACD/ADX/Vol OK,45.0,WATCH,Near50,2.39,Double Bottom,No,0.0
ACAD,2025-12-19,Stage: Mark-Up,65.0,WATCH,STAGE,,Triple Bottom,No
ACAD,2025-12-19,SELL_TGT_6w:27.4259,0.98,TARGET,SELL_TGT_6w,3.16,Triple Bottom,No
ACAD,2025-12-19,SELL_TGT_8w:27.4259,0.98,TARGET,SELL_TGT_8w,3.16,Triple Bottom,No
ACAD,2025-12-19,SELL_TGT_12w:27.2232,0.23,TARGET,SELL_TGT_12w,3.16,Triple Bottom,No
ACAD,2025-12-19,SELL_TGT_18w:27.2232,0.23,TARGET,SELL_TGT_18w,3.16,Triple Bottom,No
ACAD,2025-12-19,SELL_TGT_30w:27.2232,0.23,TARGET,SELL_TGT_30w,3.16,Triple Bottom,No
CRSR,2025-12-19,Stage: Accumulation,65.0,WATCH,STAGE,,,No
CRSR,2025-12-19,SELL_TGT_6w:6.8038,10.81,TARGET,SELL_TGT_6w,4.5,,No
CRSR,2025-12-19,SELL_TGT_8w:6.8038,10.81,TARGET,SELL_TGT_8w,4.5,,No
CRSR,2025-12-19,SELL_TGT_12w:6.713,9.33,TARGET,SELL_TGT_12w,4.5,,No
CRSR,2025-12-19,SELL_TGT_18w:6.713,9.33,TARGET,SELL_TGT_18w,4.5,,No
CRSR,2025-12-19,SELL_TGT_30w:6.713,9.33,TARGET,SELL_TGT_30w,4.5,,No
PFE,2025-12-19,Stage: Accumulation,100.0,WATCH,STAGE,,Triple Bottom,Yes
PFE,2025-12-19,SELL_TGT_6w:25.8117,2.47,TARGET,SELL_TGT_6w,2.37,Triple Bottom,Yes
PFE,2025-12-19,SELL_TGT_8w:26.2617,4.25,TARGET,SELL_TGT_8w,2.37,Triple Bottom,Yes
PFE,2025-12-19,SELL_TGT_12w:26.1163,3.68,TARGET,SELL_TGT_12w,2.37,Triple Bottom,Yes
PFE,2025-12-19,SELL_TGT_18w:26.1163,3.68,TARGET,SELL_TGT_18w,2.37,Triple Bottom,Yes
PFE,2025-12-19,SELL_TGT_30w:26.1163,3.68,TARGET,SELL_TGT_30w,2.37,Triple Bottom,Yes
AMPL,2025-12-19,Stage: Accumulation,85.0,WATCH,STAGE,,,No
AMPL,2025-12-19,SELL_TGT_6w:11.5645,1.0,TARGET,SELL_TGT_6w,3.92,,No
AMPL,2025-12-19,SELL_TGT_8w:11.5645,1.0,TARGET,SELL_TGT_8w,3.92,,No
AMPL,2025-12-19,SELL_TGT_12w:11.5645,1.0,TARGET,SELL_TGT_12w,3.92,,No
AMPL,2025-12-19,SELL_TGT_18w:11.5645,1.0,TARGET,SELL_TGT_18w,3.92,,No
AMPL,2025-12-19,SELL_TGT_30w:11.5645,1.0,TARGET,SELL_TGT_30w,3.92,,No
SizePct
AMPL,2025-12-20,Watch: Near 50-DEMA with MACD/ADX/Vol OK,45.0,WATCH,Near50,3.92,-,No,0.0
JOYY,2025-12-19,Stage: Mark-Up,85.0,WATCH,STAGE,,Double Bottom,No
JOYY,2025-12-19,SELL_TGT_6w:67.2755,3.21,TARGET,SELL_TGT_6w,2.53,Double Bottom,No
JOYY,2025-12-19,SELL_TGT_8w:67.2755,3.21,TARGET,SELL_TGT_8w,2.53,Double Bottom,No
JOYY,2025-12-19,SELL_TGT_12w:66.8925,2.63,TARGET,SELL_TGT_12w,2.53,Double Bottom,No
JOYY,2025-12-19,SELL_TGT_18w:66.8925,2.63,TARGET,SELL_TGT_18w,2.53,Double Bottom,No
JOYY,2025-12-19,SELL_TGT_30w:66.8925,2.63,TARGET,SELL_TGT_30w,2.53,Double Bottom,No
SizePct
JOYY,2025-12-20,Watch: Near 50-DEMA with MACD/ADX/Vol OK,45.0,WATCH,Near50,2.53,Double Bottom,No,0.0
RBKB,2025-12-19,Stage: Mark-Up,85.0,WATCH,STAGE,,Ascending Triangle,No
RBKB,2025-12-19,SELL_TGT_6w:12.4937,1.0,TARGET,SELL_TGT_6w,3.31,Ascending Triangle,No
RBKB,2025-12-19,SELL_TGT_8w:12.4937,1.0,TARGET,SELL_TGT_8w,3.31,Ascending Triangle,No
RBKB,2025-12-19,SELL_TGT_12w:12.4937,1.0,TARGET,SELL_TGT_12w,3.31,Ascending Triangle,No
RBKB,2025-12-19,SELL_TGT_18w:12.4937,1.0,TARGET,SELL_TGT_18w,3.31,Ascending Triangle,No
RBKB,2025-12-19,SELL_TGT_30w:12.4937,1.0,TARGET,SELL_TGT_30w,3.31,Ascending Triangle,No
SizePct
RBKB,2025-12-20,Watch: Near 50-DEMA with MACD/ADX/Vol OK,45.0,WATCH,Near50,3.31,Ascending Triangle,No,0.0
SMCI,2025-12-19,Stage: Mark-Down,65.0,WATCH,STAGE,,Double Bottom,No
SMCI,2025-12-19,SELL_TGT_6w:35.0033,12.51,TARGET,SELL_TGT_6w,4.81,Double Bottom,No
SMCI,2025-12-19,SELL_TGT_8w:35.0033,12.51,TARGET,SELL_TGT_8w,4.81,Double Bottom,No
SMCI,2025-12-19,SELL_TGT_12w:34.4188,10.64,TARGET,SELL_TGT_12w,4.81,Double Bottom,No
SMCI,2025-12-19,SELL_TGT_18w:34.4188,10.64,TARGET,SELL_TGT_18w,4.81,Double Bottom,No
SMCI,2025-12-19,SELL_TGT_30w:34.4188,10.64,TARGET,SELL_TGT_30w,4.81,Double Bottom,No
BZH,2025-12-19,Stage: Accumulation,85.0,WATCH,STAGE,,,Yes
BZH,2025-12-19,SELL_TGT_6w:23.5464,12.34,TARGET,SELL_TGT_6w,3.61,,Yes
BZH,2025-12-19,SELL_TGT_8w:23.5464,12.34,TARGET,SELL_TGT_8w,3.61,,Yes
BZH,2025-12-19,SELL_TGT_12w:23.3439,11.37,TARGET,SELL_TGT_12w,3.61,,Yes
BZH,2025-12-19,SELL_TGT_18w:23.3439,11.37,TARGET,SELL_TGT_18w,3.61,,Yes
BZH,2025-12-19,SELL_TGT_30w:23.3439,11.37,TARGET,SELL_TGT_30w,3.61,,Yes
SizePct
BZH,2025-12-20,MACD Bearish below zero,50.0,SELL,MACD Bearish below zero,3.61,-,No,2.5
SAIC,2025-12-19,Stage: Accumulation,70.0,WATCH,STAGE,,Cup and Handle,Yes
SAIC,2025-12-19,SELL_TGT_6w:103.6756,1.64,TARGET,SELL_TGT_6w,4.01,Cup and Handle,Yes
SAIC,2025-12-19,SELL_TGT_8w:103.6756,1.64,TARGET,SELL_TGT_8w,4.01,Cup and Handle,Yes
SAIC,2025-12-19,SELL_TGT_12w:103.0327,1.01,TARGET,SELL_TGT_12w,4.01,Cup and Handle,Yes
SAIC,2025-12-19,SELL_TGT_18w:103.0327,1.01,TARGET,SELL_TGT_18w,4.01,Cup and Handle,Yes
SAIC,2025-12-19,SELL_TGT_30w:103.0327,1.01,TARGET,SELL_TGT_30w,4.01,Cup and Handle,Yes
FG,2025-12-19,Stage: Accumulation,85.0,WATCH,STAGE,,Double Bottom,Yes
FG,2025-12-19,SELL_TGT_6w:34.1305,9.57,TARGET,SELL_TGT_6w,3.7,Double Bottom,Yes
FG,2025-12-19,SELL_TGT_8w:33.2605,6.78,TARGET,SELL_TGT_8w,3.7,Double Bottom,Yes
FG,2025-12-19,SELL_TGT_12w:33.0409,6.07,TARGET,SELL_TGT_12w,3.7,Double Bottom,Yes
FG,2025-12-19,SELL_TGT_18w:33.0409,6.07,TARGET,SELL_TGT_18w,3.7,Double Bottom,Yes
FG,2025-12-19,SELL_TGT_30w:33.0409,6.07,TARGET,SELL_TGT_30w,3.7,Double Bottom,Yes
AFRM,2025-12-19,Stage: Mark-Up,85.0,WATCH,STAGE,,Triple Bottom,No
AFRM,2025-12-19,SELL_TGT_6w:76.9822,1.0,TARGET,SELL_TGT_6w,5.07,Triple Bottom,No
AFRM,2025-12-19,SELL_TGT_8w:76.9822,1.0,TARGET,SELL_TGT_8w,5.07,Triple Bottom,No
AFRM,2025-12-19,SELL_TGT_12w:76.9822,1.0,TARGET,SELL_TGT_12w,5.07,Triple Bottom,No
AFRM,2025-12-19,SELL_TGT_18w:76.9822,1.0,TARGET,SELL_TGT_18w,5.07,Triple Bottom,No
AFRM,2025-12-19,SELL_TGT_30w:76.9822,1.0,TARGET,SELL_TGT_30w,5.07,Triple Bottom,No
SizePct
AFRM,2025-12-20,Watch: Near 50-DEMA with MACD/ADX/Vol OK,45.0,WATCH,Near50,5.07,Triple Bottom,No,0.0
CTVA,2025-12-19,Stage: Accumulation,100.0,WATCH,STAGE,,Triple Bottom,Yes
CTVA,2025-12-19,SELL_TGT_6w:67.2957,1.49,TARGET,SELL_TGT_6w,1.82,Triple Bottom,Yes
CTVA,2025-12-19,SELL_TGT_8w:67.2957,1.49,TARGET,SELL_TGT_8w,1.82,Triple Bottom,Yes
CTVA,2025-12-19,SELL_TGT_12w:66.9329,0.94,TARGET,SELL_TGT_12w,1.82,Triple Bottom,Yes
CTVA,2025-12-19,SELL_TGT_18w:66.9329,0.94,TARGET,SELL_TGT_18w,1.82,Triple Bottom,Yes
CTVA,2025-12-19,SELL_TGT_30w:66.9329,0.94,TARGET,SELL_TGT_30w,1.82,Triple Bottom,Yes
SizePct
CTVA,2025-12-20,Watch: Near 50-DEMA with MACD/ADX/Vol OK,45.0,WATCH,Near50,1.82,Triple Bottom,No,0.0
RDVT,2025-12-19,Stage: Mark-Up,85.0,WATCH,STAGE,,Triple Bottom,No
RDVT,2025-12-19,SELL_TGT_6w:57.1439,3.52,TARGET,SELL_TGT_6w,4.2,Triple Bottom,No
RDVT,2025-12-19,SELL_TGT_8w:57.1439,3.52,TARGET,SELL_TGT_8w,4.2,Triple Bottom,No
RDVT,2025-12-19,SELL_TGT_12w:56.7064,2.73,TARGET,SELL_TGT_12w,4.2,Triple Bottom,No
RDVT,2025-12-19,SELL_TGT_18w:56.7064,2.73,TARGET,SELL_TGT_18w,4.2,Triple Bottom,No
RDVT,2025-12-19,SELL_TGT_30w:56.7064,2.73,TARGET,SELL_TGT_30w,4.2,Triple Bottom,No
SizePct
RDVT,2025-12-20,Watch: Near 50-DEMA with MACD/ADX/Vol OK,45.0,WATCH,Near50,4.2,Triple Bottom,No,0.0
CELH,2025-12-19,Stage: Accumulation,100.0,WATCH,STAGE,,,Yes
CELH,2025-12-19,SELL_TGT_6w:42.9394,0.33,TARGET,SELL_TGT_6w,4.22,,Yes
CELH,2025-12-19,SELL_TGT_8w:59.3294,38.62,TARGET,SELL_TGT_8w,4.22,,Yes
CELH,2025-12-19,SELL_TGT_12w:65.2389,52.43,TARGET,SELL_TGT_12w,4.22,,Yes
CELH,2025-12-19,SELL_TGT_18w:65.2389,52.43,TARGET,SELL_TGT_18w,4.22,,Yes
CELH,2025-12-19,SELL_TGT_30w:65.2389,52.43,TARGET,SELL_TGT_30w,4.22,,Yes
DHI,2025-12-19,Stage: Accumulation,70.0,WATCH,STAGE,,,No
DHI,2025-12-19,SELL_TGT_6w:164.2217,11.58,TARGET,SELL_TGT_6w,3.12,,No
DHI,2025-12-19,SELL_TGT_8w:164.2217,11.58,TARGET,SELL_TGT_8w,3.12,,No
DHI,2025-12-19,SELL_TGT_12w:163.0563,10.79,TARGET,SELL_TGT_12w,3.12,,No
DHI,2025-12-19,SELL_TGT_18w:163.0563,10.79,TARGET,SELL_TGT_18w,3.12,,No
DHI,2025-12-19,SELL_TGT_30w:163.0563,10.79,TARGET,SELL_TGT_30w,3.12,,No
GS,2025-12-19,Stage: Mark-Up,85.0,WATCH,STAGE,,,No
GS,2025-12-19,SELL_TGT_6w:912.1778,2.09,TARGET,SELL_TGT_6w,2.38,,No
GS,2025-12-19,SELL_TGT_8w:912.1778,2.09,TARGET,SELL_TGT_8w,2.38,,No
GS,2025-12-19,SELL_TGT_12w:907.563,1.58,TARGET,SELL_TGT_12w,2.38,,No
GS,2025-12-19,SELL_TGT_18w:907.563,1.58,TARGET,SELL_TGT_18w,2.38,,No
GS,2025-12-19,SELL_TGT_30w:907.563,1.58,TARGET,SELL_TGT_30w,2.38,,No
SizePct
GS,2025-12-20,Watch: Near 50-DEMA with MACD/ADX/Vol OK,45.0,WATCH,Near50,2.38,-,No,0.0
CW,2025-12-19,Stage: Mark-Up,70.0,WATCH,STAGE,,Triple Bottom,No
CW,2025-12-19,SELL_TGT_6w:566.324,2.06,TARGET,SELL_TGT_6w,3.27,Triple Bottom,No
CW,2025-12-19,SELL_TGT_8w:566.324,2.06,TARGET,SELL_TGT_8w,3.27,Triple Bottom,No
CW,2025-12-19,SELL_TGT_12w:562.4,1.35,TARGET,SELL_TGT_12w,3.27,Triple Bottom,No
CW,2025-12-19,SELL_TGT_18w:562.4,1.35,TARGET,SELL_TGT_18w,3.27,Triple Bottom,No
CW,2025-12-19,SELL_TGT_30w:562.4,1.35,TARGET,SELL_TGT_30w,3.27,Triple Bottom,No
SizePct
CW,2025-12-20,DipReclaim,64.7,BUY,DipReclaim,3.27,Triple Bottom,No,3.24
NTES,2025-12-19,Stage: Accumulation,50.0,WATCH,STAGE,,Triple Bottom,No
NTES,2025-12-19,SELL_TGT_6w:145.4863,5.85,TARGET,SELL_TGT_6w,2.07,Triple Bottom,No
NTES,2025-12-19,SELL_TGT_8w:145.4863,5.85,TARGET,SELL_TGT_8w,2.07,Triple Bottom,No
NTES,2025-12-19,SELL_TGT_12w:144.6971,5.28,TARGET,SELL_TGT_12w,2.07,Triple Bottom,No
NTES,2025-12-19,SELL_TGT_18w:144.6971,5.28,TARGET,SELL_TGT_18w,2.07,Triple Bottom,No
NTES,2025-12-19,SELL_TGT_30w:144.6971,5.28,TARGET,SELL_TGT_30w,2.07,Triple Bottom,No
SizePct
NTES,2025-12-20,MACD Bearish below zero,50.0,SELL,MACD Bearish below zero,2.07,Triple Bottom,No,2.5
XNET,2025-12-19,Stage: Accumulation,65.0,WATCH,STAGE,,,No
XNET,2025-12-19,SELL_TGT_6w:7.326,4.51,TARGET,SELL_TGT_6w,4.65,,No
XNET,2025-12-19,SELL_TGT_8w:7.326,4.51,TARGET,SELL_TGT_8w,4.65,,No
XNET,2025-12-19,SELL_TGT_12w:7.21,2.85,TARGET,SELL_TGT_12w,4.65,,No
XNET,2025-12-19,SELL_TGT_18w:7.21,2.85,TARGET,SELL_TGT_18w,4.65,,No
XNET,2025-12-19,SELL_TGT_30w:7.21,2.85,TARGET,SELL_TGT_30w,4.65,,No
DCBO,2025-12-19,Stage: Mark-Down,65.0,WATCH,STAGE,,Triple Bottom,Yes
DCBO,2025-12-19,SELL_TGT_6w:26.162,19.73,TARGET,SELL_TGT_6w,2.56,Triple Bottom,Yes
DCBO,2025-12-19,SELL_TGT_8w:26.162,19.73,TARGET,SELL_TGT_8w,2.56,Triple Bottom,Yes
DCBO,2025-12-19,SELL_TGT_12w:25.95,18.76,TARGET,SELL_TGT_12w,2.56,Triple Bottom,Yes
DCBO,2025-12-19,SELL_TGT_18w:25.95,18.76,TARGET,SELL_TGT_18w,2.56,Triple Bottom,Yes
DCBO,2025-12-19,SELL_TGT_30w:25.95,18.76,TARGET,SELL_TGT_30w,2.56,Triple Bottom,Yes
DMAT,2025-12-19,Stage: Mark-Up,85.0,WATCH,STAGE,,Triple Bottom,No
DMAT,2025-12-19,SELL_TGT_6w:26.9771,1.0,TARGET,SELL_TGT_6w,2.05,Triple Bottom,No
DMAT,2025-12-19,SELL_TGT_8w:26.9771,1.0,TARGET,SELL_TGT_8w,2.05,Triple Bottom,No
DMAT,2025-12-19,SELL_TGT_12w:26.9771,1.0,TARGET,SELL_TGT_12w,2.05,Triple Bottom,No
DMAT,2025-12-19,SELL_TGT_18w:26.9771,1.0,TARGET,SELL_TGT_18w,2.05,Triple Bottom,No
DMAT,2025-12-19,SELL_TGT_30w:26.9771,1.0,TARGET,SELL_TGT_30w,2.05,Triple Bottom,No
SizePct
DMAT,2025-12-20,Overbought (>27% above 200 DEMA),46.3,SELL,Overbought (>27% above 200 DEMA),2.05,Triple Bottom,No,2.32
SizePct
DMAT,2025-12-20,Watch: Near 50-DEMA with MACD/ADX/Vol OK,45.0,WATCH,Near50,2.05,Triple Bottom,No,0.0
GDX,2025-12-19,Stage: Mark-Up,85.0,WATCH,STAGE,,Double Bottom,No
GDX,2025-12-19,SELL_TGT_6w:88.6679,1.0,TARGET,SELL_TGT_6w,3.28,Double Bottom,No
GDX,2025-12-19,SELL_TGT_8w:88.6679,1.0,TARGET,SELL_TGT_8w,3.28,Double Bottom,No
GDX,2025-12-19,SELL_TGT_12w:88.6679,1.0,TARGET,SELL_TGT_12w,3.28,Double Bottom,No
GDX,2025-12-19,SELL_TGT_18w:88.6679,1.0,TARGET,SELL_TGT_18w,3.28,Double Bottom,No
GDX,2025-12-19,SELL_TGT_30w:88.6679,1.0,TARGET,SELL_TGT_30w,3.28,Double Bottom,No
SizePct
GDX,2025-12-20,Overbought (>27% above 200 DEMA),45.0,SELL,Overbought (>27% above 200 DEMA),3.28,Double Bottom,No,2.25
SizePct
GDX,2025-12-20,Watch: Near 50-DEMA with MACD/ADX/Vol OK,45.0,WATCH,Near50,3.28,Double Bottom,No,0.0
EBF,2025-12-19,Stage: Accumulation,70.0,WATCH,STAGE,,,Yes
EBF,2025-12-19,SELL_TGT_6w:18.3659,1.64,TARGET,SELL_TGT_6w,2.09,,Yes
EBF,2025-12-19,SELL_TGT_8w:18.3659,1.64,TARGET,SELL_TGT_8w,2.09,,Yes
EBF,2025-12-19,SELL_TGT_12w:18.2898,1.22,TARGET,SELL_TGT_12w,2.09,,Yes
EBF,2025-12-19,SELL_TGT_18w:18.2898,1.22,TARGET,SELL_TGT_18w,2.09,,Yes
EBF,2025-12-19,SELL_TGT_30w:18.2898,1.22,TARGET,SELL_TGT_30w,2.09,,Yes
SIGI,2025-12-19,Stage: Accumulation,85.0,WATCH,STAGE,,,Yes
SIGI,2025-12-19,SELL_TGT_6w:85.3753,1.0,TARGET,SELL_TGT_6w,2.28,,Yes
SIGI,2025-12-19,SELL_TGT_8w:85.3753,1.0,TARGET,SELL_TGT_8w,2.28,,Yes
SIGI,2025-12-19,SELL_TGT_12w:85.3753,1.0,TARGET,SELL_TGT_12w,2.28,,Yes
SIGI,2025-12-19,SELL_TGT_18w:85.3753,1.0,TARGET,SELL_TGT_18w,2.28,,Yes
SIGI,2025-12-19,SELL_TGT_30w:85.3753,1.0,TARGET,SELL_TGT_30w,2.28,,Yes
SizePct
SIGI,2025-12-20,Watch: Near 50-DEMA with MACD/ADX/Vol OK,45.0,WATCH,Near50,2.28,-,No,0.0
AMTM,2025-12-19,Stage: Mark-Up,65.0,WATCH,STAGE,,Triple Bottom,No
AMTM,2025-12-19,SELL_TGT_6w:29.7772,1.94,TARGET,SELL_TGT_6w,3.4,Triple Bottom,No
AMTM,2025-12-19,SELL_TGT_8w:29.7772,1.94,TARGET,SELL_TGT_8w,3.4,Triple Bottom,No
AMTM,2025-12-19,SELL_TGT_12w:29.5087,1.02,TARGET,SELL_TGT_12w,3.4,Triple Bottom,No
AMTM,2025-12-19,SELL_TGT_18w:29.5087,1.02,TARGET,SELL_TGT_18w,3.4,Triple Bottom,No
AMTM,2025-12-19,SELL_TGT_30w:29.5087,1.02,TARGET,SELL_TGT_30w,3.4,Triple Bottom,No
BY,2025-12-19,Stage: Mark-Up,85.0,WATCH,STAGE,,,No
BY,2025-12-19,SELL_TGT_6w:31.0192,1.67,TARGET,SELL_TGT_6w,1.92,,No
BY,2025-12-19,SELL_TGT_8w:31.0192,1.67,TARGET,SELL_TGT_8w,1.92,,No
BY,2025-12-19,SELL_TGT_12w:30.872,1.19,TARGET,SELL_TGT_12w,1.92,,No
BY,2025-12-19,SELL_TGT_18w:30.872,1.19,TARGET,SELL_TGT_18w,1.92,,No
BY,2025-12-19,SELL_TGT_30w:30.872,1.19,TARGET,SELL_TGT_30w,1.92,,No
SizePct
BY,2025-12-20,Watch: Near 50-DEMA with MACD/ADX/Vol OK,45.0,WATCH,Near50,1.92,-,No,0.0
FOUR,2025-12-19,Stage: Mark-Down,85.0,WATCH,STAGE,,,Yes
FOUR,2025-12-19,SELL_TGT_6w:74.3339,16.02,TARGET,SELL_TGT_6w,3.85,,Yes
FOUR,2025-12-19,SELL_TGT_8w:74.3339,16.02,TARGET,SELL_TGT_8w,3.85,,Yes
FOUR,2025-12-19,SELL_TGT_12w:73.6564,14.96,TARGET,SELL_TGT_12w,3.85,,Yes
FOUR,2025-12-19,SELL_TGT_18w:73.6564,14.96,TARGET,SELL_TGT_18w,3.85,,Yes
FOUR,2025-12-19,SELL_TGT_30w:73.6564,14.96,TARGET,SELL_TGT_30w,3.85,,Yes
SizePct
FOUR,2025-12-20,MACD Bearish below zero,50.0,SELL,MACD Bearish below zero,3.85,-,No,2.5
HUYA,2025-12-19,Stage: Accumulation,70.0,WATCH,STAGE,,,No
HUYA,2025-12-19,SELL_TGT_6w:3.3394,9.85,TARGET,SELL_TGT_6w,4.51,,No
HUYA,2025-12-19,SELL_TGT_8w:3.3394,9.85,TARGET,SELL_TGT_8w,4.51,,No
HUYA,2025-12-19,SELL_TGT_12w:3.3123,8.96,TARGET,SELL_TGT_12w,4.51,,No
HUYA,2025-12-19,SELL_TGT_18w:3.3123,8.96,TARGET,SELL_TGT_18w,4.51,,No
HUYA,2025-12-19,SELL_TGT_30w:3.3123,8.96,TARGET,SELL_TGT_30w,4.51,,No
HOUS,2025-12-19,Stage: Accumulation,65.0,WATCH,STAGE,,Triple Bottom,No
HOUS,2025-12-19,SELL_TGT_6w:14.9093,2.96,TARGET,SELL_TGT_6w,4.23,Triple Bottom,No
HOUS,2025-12-19,SELL_TGT_8w:14.9093,2.96,TARGET,SELL_TGT_8w,4.23,Triple Bottom,No
HOUS,2025-12-19,SELL_TGT_12w:14.7555,1.9,TARGET,SELL_TGT_12w,4.23,Triple Bottom,No
HOUS,2025-12-19,SELL_TGT_18w:14.7555,1.9,TARGET,SELL_TGT_18w,4.23,Triple Bottom,No
HOUS,2025-12-19,SELL_TGT_30w:14.7555,1.9,TARGET,SELL_TGT_30w,4.23,Triple Bottom,No
SizePct
HOUS,2025-12-20,Overbought (>27% above 200 DEMA),30.0,SELL,Overbought (>27% above 200 DEMA),4.23,Triple Bottom,No,1.5
DAL,2025-12-19,Stage: Mark-Up,85.0,WATCH,STAGE,,Ascending Triangle,No
DAL,2025-12-19,SELL_TGT_6w:71.7706,1.0,TARGET,SELL_TGT_6w,2.61,Ascending Triangle,No
DAL,2025-12-19,SELL_TGT_8w:71.7706,1.0,TARGET,SELL_TGT_8w,2.61,Ascending Triangle,No
DAL,2025-12-19,SELL_TGT_12w:71.7706,1.0,TARGET,SELL_TGT_12w,2.61,Ascending Triangle,No
DAL,2025-12-19,SELL_TGT_18w:71.7706,1.0,TARGET,SELL_TGT_18w,2.61,Ascending Triangle,No
DAL,2025-12-19,SELL_TGT_30w:71.7706,1.0,TARGET,SELL_TGT_30w,2.61,Ascending Triangle,No
SizePct
DAL,2025-12-20,Watch: Near 50-DEMA with MACD/ADX/Vol OK,45.0,WATCH,Near50,2.61,Ascending Triangle,No,0.0
MSI,2025-12-19,Stage: Mark-Down,65.0,WATCH,STAGE,,Double Bottom,Yes
MSI,2025-12-19,SELL_TGT_6w:376.7244,1.83,TARGET,SELL_TGT_6w,1.89,Double Bottom,Yes
MSI,2025-12-19,SELL_TGT_8w:376.7244,1.83,TARGET,SELL_TGT_8w,1.89,Double Bottom,Yes
MSI,2025-12-19,SELL_TGT_12w:374.9139,1.34,TARGET,SELL_TGT_12w,1.89,Double Bottom,Yes
MSI,2025-12-19,SELL_TGT_18w:374.9139,1.34,TARGET,SELL_TGT_18w,1.89,Double Bottom,Yes
MSI,2025-12-19,SELL_TGT_30w:374.9139,1.34,TARGET,SELL_TGT_30w,1.89,Double Bottom,Yes
GDXJ,2025-12-19,Stage: Mark-Up,85.0,WATCH,STAGE,,Double Bottom,No
GDXJ,2025-12-19,SELL_TGT_6w:118.8063,1.0,TARGET,SELL_TGT_6w,3.49,Double Bottom,No
GDXJ,2025-12-19,SELL_TGT_8w:118.8063,1.0,TARGET,SELL_TGT_8w,3.49,Double Bottom,No
GDXJ,2025-12-19,SELL_TGT_12w:118.8063,1.0,TARGET,SELL_TGT_12w,3.49,Double Bottom,No
GDXJ,2025-12-19,SELL_TGT_18w:118.8063,1.0,TARGET,SELL_TGT_18w,3.49,Double Bottom,No
GDXJ,2025-12-19,SELL_TGT_30w:118.8063,1.0,TARGET,SELL_TGT_30w,3.49,Double Bottom,No
SizePct
GDXJ,2025-12-20,Overbought (>27% above 200 DEMA),45.0,SELL,Overbought (>27% above 200 DEMA),3.49,Double Bottom,No,2.25
SizePct
GDXJ,2025-12-20,Watch: Near 50-DEMA with MACD/ADX/Vol OK,45.0,WATCH,Near50,3.49,Double Bottom,No,0.0
GRND,2025-12-19,Stage: Mark-Down,65.0,WATCH,STAGE,,,No
GRND,2025-12-19,SELL_TGT_6w:14.0289,1.0,TARGET,SELL_TGT_6w,3.1,,No
GRND,2025-12-19,SELL_TGT_8w:14.0289,1.0,TARGET,SELL_TGT_8w,3.1,,No
GRND,2025-12-19,SELL_TGT_12w:14.0289,1.0,TARGET,SELL_TGT_12w,3.1,,No
GRND,2025-12-19,SELL_TGT_18w:14.0289,1.0,TARGET,SELL_TGT_18w,3.1,,No
GRND,2025-12-19,SELL_TGT_30w:14.0289,1.0,TARGET,SELL_TGT_30w,3.1,,No
ASTE,2025-12-19,Stage: Mark-Up,85.0,WATCH,STAGE,,Double Bottom,No
ASTE,2025-12-19,SELL_TGT_6w:47.026,3.06,TARGET,SELL_TGT_6w,3.15,Double Bottom,No
ASTE,2025-12-19,SELL_TGT_8w:47.026,3.06,TARGET,SELL_TGT_8w,3.15,Double Bottom,No
ASTE,2025-12-19,SELL_TGT_12w:46.67,2.28,TARGET,SELL_TGT_12w,3.15,Double Bottom,No
ASTE,2025-12-19,SELL_TGT_18w:46.67,2.28,TARGET,SELL_TGT_18w,3.15,Double Bottom,No
ASTE,2025-12-19,SELL_TGT_30w:46.67,2.28,TARGET,SELL_TGT_30w,3.15,Double Bottom,No
SizePct
ASTE,2025-12-20,Watch: Near 50-DEMA with MACD/ADX/Vol OK,45.0,WATCH,Near50,3.15,Double Bottom,No,0.0
ASHR,2025-12-19,Stage: Accumulation,50.0,WATCH,STAGE,,Triple Bottom,No
ASHR,2025-12-19,SELL_TGT_6w:33.1238,2.42,TARGET,SELL_TGT_6w,0.97,Triple Bottom,No
ASHR,2025-12-19,SELL_TGT_8w:33.1238,2.42,TARGET,SELL_TGT_8w,0.97,Triple Bottom,No
ASHR,2025-12-19,SELL_TGT_12w:33.0263,2.12,TARGET,SELL_TGT_12w,0.97,Triple Bottom,No
ASHR,2025-12-19,SELL_TGT_18w:33.0263,2.12,TARGET,SELL_TGT_18w,0.97,Triple Bottom,No
ASHR,2025-12-19,SELL_TGT_30w:33.0263,2.12,TARGET,SELL_TGT_30w,0.97,Triple Bottom,No
QUBT,2025-12-19,Stage: Mark-Down,85.0,WATCH,STAGE,,,No
QUBT,2025-12-19,SELL_TGT_6w:12.9905,19.29,TARGET,SELL_TGT_6w,9.06,,No
QUBT,2025-12-19,SELL_TGT_8w:12.9905,19.29,TARGET,SELL_TGT_8w,9.06,,No
QUBT,2025-12-19,SELL_TGT_12w:12.5575,15.31,TARGET,SELL_TGT_12w,9.06,,No
QUBT,2025-12-19,SELL_TGT_18w:12.5575,15.31,TARGET,SELL_TGT_18w,9.06,,No
QUBT,2025-12-19,SELL_TGT_30w:12.5575,15.31,TARGET,SELL_TGT_30w,9.06,,No
SizePct
QUBT,2025-12-20,MACD Bearish below zero,43.9,SELL,MACD Bearish below zero,9.06,-,No,2.2
CCS,2025-12-19,Stage: Accumulation,85.0,WATCH,STAGE,,,Yes
CCS,2025-12-19,SELL_TGT_6w:66.3079,11.24,TARGET,SELL_TGT_6w,3.36,,Yes
CCS,2025-12-19,SELL_TGT_8w:66.3079,11.24,TARGET,SELL_TGT_8w,3.36,,Yes
CCS,2025-12-19,SELL_TGT_12w:65.7798,10.35,TARGET,SELL_TGT_12w,3.36,,Yes
CCS,2025-12-19,SELL_TGT_18w:65.7798,10.35,TARGET,SELL_TGT_18w,3.36,,Yes
CCS,2025-12-19,SELL_TGT_30w:65.7798,10.35,TARGET,SELL_TGT_30w,3.36,,Yes
NTAP,2025-12-19,Stage: Accumulation,100.0,WATCH,STAGE,,,Yes
NTAP,2025-12-19,SELL_TGT_6w:118.6695,6.05,TARGET,SELL_TGT_6w,2.67,,Yes
NTAP,2025-12-19,SELL_TGT_8w:118.6695,6.05,TARGET,SELL_TGT_8w,2.67,,Yes
NTAP,2025-12-19,SELL_TGT_12w:117.9691,5.42,TARGET,SELL_TGT_12w,2.67,,Yes
NTAP,2025-12-19,SELL_TGT_18w:117.9691,5.42,TARGET,SELL_TGT_18w,2.67,,Yes
NTAP,2025-12-19,SELL_TGT_30w:117.9691,5.42,TARGET,SELL_TGT_30w,2.67,,Yes
SizePct
NTAP,2025-12-20,MACD Bearish below zero,50.0,SELL,MACD Bearish below zero,2.67,-,No,2.5
CRM,2025-12-19,Stage: Accumulation,85.0,WATCH,STAGE,,Double Bottom,Yes
CRM,2025-12-19,SELL_TGT_6w:265.3959,2.11,TARGET,SELL_TGT_6w,2.64,Double Bottom,Yes
CRM,2025-12-19,SELL_TGT_8w:265.3959,2.11,TARGET,SELL_TGT_8w,2.64,Double Bottom,Yes
CRM,2025-12-19,SELL_TGT_12w:263.7264,1.47,TARGET,SELL_TGT_12w,2.64,Double Bottom,Yes
CRM,2025-12-19,SELL_TGT_18w:263.7264,1.47,TARGET,SELL_TGT_18w,2.64,Double Bottom,Yes
CRM,2025-12-19,SELL_TGT_30w:263.7264,1.47,TARGET,SELL_TGT_30w,2.64,Double Bottom,Yes
SizePct
CRM,2025-12-20,Watch: Near 50-DEMA with MACD/ADX/Vol OK,45.0,WATCH,Near50,2.64,Double Bottom,No,0.0
DASH,2025-12-19,Stage: Mark-Up,85.0,WATCH,STAGE,,,Yes
DASH,2025-12-19,SELL_TGT_6w:236.5925,1.0,TARGET,SELL_TGT_6w,3.84,,Yes
DASH,2025-12-19,SELL_TGT_8w:236.5925,1.0,TARGET,SELL_TGT_8w,3.84,,Yes
DASH,2025-12-19,SELL_TGT_12w:236.5925,1.0,TARGET,SELL_TGT_12w,3.84,,Yes
DASH,2025-12-19,SELL_TGT_18w:236.5925,1.0,TARGET,SELL_TGT_18w,3.84,,Yes
DASH,2025-12-19,SELL_TGT_30w:236.5925,1.0,TARGET,SELL_TGT_30w,3.84,,Yes
SizePct
DASH,2025-12-20,Watch: Near 50-DEMA with MACD/ADX/Vol OK,45.0,WATCH,Near50,3.84,-,No,0.0
TDY,2025-12-19,Stage: Accumulation,70.0,WATCH,STAGE,,,Yes
TDY,2025-12-19,SELL_TGT_6w:523.1338,2.57,TARGET,SELL_TGT_6w,2.1,,Yes
TDY,2025-12-19,SELL_TGT_8w:523.1338,2.57,TARGET,SELL_TGT_8w,2.1,,Yes
TDY,2025-12-19,SELL_TGT_12w:520.7296,2.1,TARGET,SELL_TGT_12w,2.1,,Yes
TDY,2025-12-19,SELL_TGT_18w:520.7296,2.1,TARGET,SELL_TGT_18w,2.1,,Yes
TDY,2025-12-19,SELL_TGT_30w:520.7296,2.1,TARGET,SELL_TGT_30w,2.1,,Yes
SSNC,2025-12-19,Stage: Mark-Up,85.0,WATCH,STAGE,,Triple Bottom,No
SSNC,2025-12-19,SELL_TGT_6w:87.8778,0.15,TARGET,SELL_TGT_6w,1.61,Triple Bottom,No
SSNC,2025-12-19,SELL_TGT_8w:87.8778,0.15,TARGET,SELL_TGT_8w,1.61,Triple Bottom,No
SSNC,2025-12-19,SELL_TGT_12w:88.6275,1.0,TARGET,SELL_TGT_12w,1.61,Triple Bottom,No
SSNC,2025-12-19,SELL_TGT_18w:88.6275,1.0,TARGET,SELL_TGT_18w,1.61,Triple Bottom,No
SSNC,2025-12-19,SELL_TGT_30w:88.6275,1.0,TARGET,SELL_TGT_30w,1.61,Triple Bottom,No
SizePct
SSNC,2025-12-20,Watch: Near 50-DEMA with MACD/ADX/Vol OK,45.0,WATCH,Near50,1.61,Triple Bottom,No,0.0
BZ,2025-12-19,Stage: Accumulation,70.0,WATCH,STAGE,,,No
BZ,2025-12-19,SELL_TGT_6w:22.2215,6.73,TARGET,SELL_TGT_6w,3.45,,No
BZ,2025-12-19,SELL_TGT_8w:22.2215,6.73,TARGET,SELL_TGT_8w,3.45,,No
BZ,2025-12-19,SELL_TGT_12w:22.0425,5.87,TARGET,SELL_TGT_12w,3.45,,No
BZ,2025-12-19,SELL_TGT_18w:22.0425,5.87,TARGET,SELL_TGT_18w,3.45,,No
BZ,2025-12-19,SELL_TGT_30w:22.0425,5.87,TARGET,SELL_TGT_30w,3.45,,No
SizePct
BZ,2025-12-20,MACD Bearish below zero,50.0,SELL,MACD Bearish below zero,3.45,-,No,2.5
BYD,2025-12-19,Stage: Mark-Up,85.0,WATCH,STAGE,,,No
BYD,2025-12-19,SELL_TGT_6w:87.2337,1.0,TARGET,SELL_TGT_6w,1.76,,No
BYD,2025-12-19,SELL_TGT_8w:87.2337,1.0,TARGET,SELL_TGT_8w,1.76,,No
BYD,2025-12-19,SELL_TGT_12w:87.2337,1.0,TARGET,SELL_TGT_12w,1.76,,No
BYD,2025-12-19,SELL_TGT_18w:87.2337,1.0,TARGET,SELL_TGT_18w,1.76,,No
BYD,2025-12-19,SELL_TGT_30w:87.2337,1.0,TARGET,SELL_TGT_30w,1.76,,No
SizePct
BYD,2025-12-20,Watch: Near 50-DEMA with MACD/ADX/Vol OK,45.0,WATCH,Near50,1.76,-,No,0.0
CRDO,2025-12-19,Stage: Distribution,60.0,WATCH,STAGE,,,No
CRDO,2025-12-19,SELL_TGT_6w:208.9293,39.17,TARGET,SELL_TGT_6w,8.98,,No
CRDO,2025-12-19,SELL_TGT_8w:208.9293,39.17,TARGET,SELL_TGT_8w,8.98,,No
CRDO,2025-12-19,SELL_TGT_12w:205.6821,37.0,TARGET,SELL_TGT_12w,8.98,,No
CRDO,2025-12-19,SELL_TGT_18w:205.6821,37.0,TARGET,SELL_TGT_18w,8.98,,No
CRDO,2025-12-19,SELL_TGT_30w:205.6821,37.0,TARGET,SELL_TGT_30w,8.98,,No
SizePct
CRDO,2025-12-20,Overbought (>27% above 200 DEMA),26.8,SELL,Overbought (>27% above 200 DEMA),8.98,-,No,1.34
SizePct
CRDO,2025-12-20,MACD Bearish below zero,26.8,SELL,MACD Bearish below zero,8.98,-,No,1.34
HOOD,2025-12-19,Stage: Accumulation,65.0,WATCH,STAGE,,,No
HOOD,2025-12-19,SELL_TGT_6w:136.8665,12.79,TARGET,SELL_TGT_6w,5.9,,No
HOOD,2025-12-19,SELL_TGT_8w:136.8665,12.79,TARGET,SELL_TGT_8w,5.9,,No
HOOD,2025-12-19,SELL_TGT_12w:134.9441,11.2,TARGET,SELL_TGT_12w,5.9,,No
HOOD,2025-12-19,SELL_TGT_18w:134.9441,11.2,TARGET,SELL_TGT_18w,5.9,,No
HOOD,2025-12-19,SELL_TGT_30w:134.9441,11.2,TARGET,SELL_TGT_30w,5.9,,No
SizePct
HOOD,2025-12-20,MACD Bearish below zero,40.8,SELL,MACD Bearish below zero,5.9,-,No,2.04
JBI,2025-12-19,Stage: Mark-Down,65.0,WATCH,STAGE,,Double Bottom,Yes
JBI,2025-12-19,SELL_TGT_6w:6.9,1.77,TARGET,SELL_TGT_6w,4.41,Double Bottom,Yes
JBI,2025-12-19,SELL_TGT_8w:6.9,1.77,TARGET,SELL_TGT_8w,4.41,Double Bottom,Yes
JBI,2025-12-19,SELL_TGT_12w:6.8134,0.49,TARGET,SELL_TGT_12w,4.41,Double Bottom,Yes
JBI,2025-12-19,SELL_TGT_18w:6.8134,0.49,TARGET,SELL_TGT_18w,4.41,Double Bottom,Yes
JBI,2025-12-19,SELL_TGT_30w:6.8134,0.49,TARGET,SELL_TGT_30w,4.41,Double Bottom,Yes
NVGS,2025-12-19,Stage: Mark-Up,85.0,WATCH,STAGE,,,No
NVGS,2025-12-19,SELL_TGT_6w:18.1531,4.93,TARGET,SELL_TGT_6w,1.86,,No
NVGS,2025-12-19,SELL_TGT_8w:18.1531,4.93,TARGET,SELL_TGT_8w,1.86,,No
NVGS,2025-12-19,SELL_TGT_12w:18.0618,4.4,TARGET,SELL_TGT_12w,1.86,,No
NVGS,2025-12-19,SELL_TGT_18w:18.0618,4.4,TARGET,SELL_TGT_18w,1.86,,No
NVGS,2025-12-19,SELL_TGT_30w:18.0618,4.4,TARGET,SELL_TGT_30w,1.86,,No
SizePct
NVGS,2025-12-20,Watch: Near 50-DEMA with MACD/ADX/Vol OK,45.0,WATCH,Near50,1.86,-,No,0.0
CPNG,2025-12-19,Stage: Mark-Down,85.0,WATCH,STAGE,,Inverse Head and Shoulders,Yes
CPNG,2025-12-19,SELL_TGT_6w:28.1451,21.32,TARGET,SELL_TGT_6w,3.49,Inverse Head and Shoulders,Yes
CPNG,2025-12-19,SELL_TGT_8w:28.1451,21.32,TARGET,SELL_TGT_8w,3.49,Inverse Head and Shoulders,Yes
CPNG,2025-12-19,SELL_TGT_12w:27.9486,20.47,TARGET,SELL_TGT_12w,3.49,Inverse Head and Shoulders,Yes
CPNG,2025-12-19,SELL_TGT_18w:27.9486,20.47,TARGET,SELL_TGT_18w,3.49,Inverse Head and Shoulders,Yes
CPNG,2025-12-19,SELL_TGT_30w:27.9486,20.47,TARGET,SELL_TGT_30w,3.49,Inverse Head and Shoulders,Yes
SizePct
CPNG,2025-12-20,MACD Bearish below zero,50.0,SELL,MACD Bearish below zero,3.49,Inverse Head and Shoulders,No,2.5
QNCCF,2025-12-19,Stage: Mark-Up,85.0,WATCH,STAGE,,Cup and Handle,No
QNCCF,2025-12-19,SELL_TGT_6w:3.838,1.0,TARGET,SELL_TGT_6w,8.36,Cup and Handle,No
QNCCF,2025-12-19,SELL_TGT_8w:3.838,1.0,TARGET,SELL_TGT_8w,8.36,Cup and Handle,No
QNCCF,2025-12-19,SELL_TGT_12w:3.838,1.0,TARGET,SELL_TGT_12w,8.36,Cup and Handle,No
QNCCF,2025-12-19,SELL_TGT_18w:3.838,1.0,TARGET,SELL_TGT_18w,8.36,Cup and Handle,No
QNCCF,2025-12-19,SELL_TGT_30w:3.838,1.0,TARGET,SELL_TGT_30w,8.36,Cup and Handle,No
SizePct
QNCCF,2025-12-20,Overbought (>27% above 200 DEMA),40.0,SELL,Overbought (>27% above 200 DEMA),8.36,Cup and Handle,No,2.0
SizePct
QNCCF,2025-12-20,Watch: Near 50-DEMA with MACD/ADX/Vol OK,45.0,WATCH,Near50,8.36,Cup and Handle,No,0.0
CNC,2025-12-19,Stage: Accumulation,85.0,WATCH,STAGE,,Double Bottom,Yes
CNC,2025-12-19,SELL_TGT_6w:41.2204,5.64,TARGET,SELL_TGT_6w,3.27,Double Bottom,Yes
CNC,2025-12-19,SELL_TGT_8w:41.2204,5.64,TARGET,SELL_TGT_8w,3.27,Double Bottom,Yes
CNC,2025-12-19,SELL_TGT_12w:40.8739,4.75,TARGET,SELL_TGT_12w,3.27,Double Bottom,Yes
CNC,2025-12-19,SELL_TGT_18w:40.8739,4.75,TARGET,SELL_TGT_18w,3.27,Double Bottom,Yes
CNC,2025-12-19,SELL_TGT_30w:40.8739,4.75,TARGET,SELL_TGT_30w,3.27,Double Bottom,Yes
BPOP,2025-12-19,Stage: Mark-Up,85.0,WATCH,STAGE,,Triple Bottom,No
BPOP,2025-12-19,SELL_TGT_6w:126.1995,1.0,TARGET,SELL_TGT_6w,2.09,Triple Bottom,No
BPOP,2025-12-19,SELL_TGT_8w:126.1995,1.0,TARGET,SELL_TGT_8w,2.09,Triple Bottom,No
BPOP,2025-12-19,SELL_TGT_12w:126.1995,1.0,TARGET,SELL_TGT_12w,2.09,Triple Bottom,No
BPOP,2025-12-19,SELL_TGT_18w:126.1995,1.0,TARGET,SELL_TGT_18w,2.09,Triple Bottom,No
BPOP,2025-12-19,SELL_TGT_30w:126.1995,1.0,TARGET,SELL_TGT_30w,2.09,Triple Bottom,No
SizePct
BPOP,2025-12-20,Watch: Near 50-DEMA with MACD/ADX/Vol OK,45.0,WATCH,Near50,2.09,Triple Bottom,No,0.0
JNJ,2025-12-19,Stage: Mark-Up,65.0,WATCH,STAGE,,Triple Bottom,No
JNJ,2025-12-19,SELL_TGT_6w:206.6271,0.12,TARGET,SELL_TGT_6w,1.91,Triple Bottom,No
JNJ,2025-12-19,SELL_TGT_8w:206.6271,0.12,TARGET,SELL_TGT_8w,1.91,Triple Bottom,No
JNJ,2025-12-19,SELL_TGT_12w:208.4337,1.0,TARGET,SELL_TGT_12w,1.91,Triple Bottom,No
JNJ,2025-12-19,SELL_TGT_18w:208.4337,1.0,TARGET,SELL_TGT_18w,1.91,Triple Bottom,No
JNJ,2025-12-19,SELL_TGT_30w:208.4337,1.0,TARGET,SELL_TGT_30w,1.91,Triple Bottom,No
SizePct
JNJ,2025-12-20,Watch: Near 50-DEMA with MACD/ADX/Vol OK,45.0,WATCH,Near50,1.91,Triple Bottom,No,0.0
NNI,2025-12-19,Stage: Mark-Up,85.0,WATCH,STAGE,,Double Bottom,No
NNI,2025-12-19,SELL_TGT_6w:139.9759,1.0,TARGET,SELL_TGT_6w,2.19,Double Bottom,No
NNI,2025-12-19,SELL_TGT_8w:139.9759,1.0,TARGET,SELL_TGT_8w,2.19,Double Bottom,No
NNI,2025-12-19,SELL_TGT_12w:139.9759,1.0,TARGET,SELL_TGT_12w,2.19,Double Bottom,No
NNI,2025-12-19,SELL_TGT_18w:139.9759,1.0,TARGET,SELL_TGT_18w,2.19,Double Bottom,No
NNI,2025-12-19,SELL_TGT_30w:139.9759,1.0,TARGET,SELL_TGT_30w,2.19,Double Bottom,No
SizePct
NNI,2025-12-20,Watch: Near 50-DEMA with MACD/ADX/Vol OK,45.0,WATCH,Near50,2.19,Double Bottom,No,0.0
III,2025-12-19,Stage: Mark-Up,85.0,WATCH,STAGE,,,No
III,2025-12-19,SELL_TGT_6w:6.1027,3.09,TARGET,SELL_TGT_6w,3.03,,No
III,2025-12-19,SELL_TGT_8w:6.1027,3.09,TARGET,SELL_TGT_8w,3.03,,No
III,2025-12-19,SELL_TGT_12w:6.0545,2.27,TARGET,SELL_TGT_12w,3.03,,No
III,2025-12-19,SELL_TGT_18w:6.0545,2.27,TARGET,SELL_TGT_18w,3.03,,No
III,2025-12-19,SELL_TGT_30w:6.0545,2.27,TARGET,SELL_TGT_30w,3.03,,No
SizePct
III,2025-12-20,Watch: Near 50-DEMA with MACD/ADX/Vol OK,45.0,WATCH,Near50,3.03,-,No,0.0
SPOT,2025-12-19,Stage: Accumulation,100.0,WATCH,STAGE,,Double Bottom,No
SPOT,2025-12-19,SELL_TGT_6w:612.5625,5.22,TARGET,SELL_TGT_6w,3.32,Double Bottom,No
SPOT,2025-12-19,SELL_TGT_8w:612.5625,5.22,TARGET,SELL_TGT_8w,3.32,Double Bottom,No
SPOT,2025-12-19,SELL_TGT_12w:607.6309,4.38,TARGET,SELL_TGT_12w,3.32,Double Bottom,No
SPOT,2025-12-19,SELL_TGT_18w:607.6309,4.38,TARGET,SELL_TGT_18w,3.32,Double Bottom,No
SPOT,2025-12-19,SELL_TGT_30w:607.6309,4.38,TARGET,SELL_TGT_30w,3.32,Double Bottom,No
ASA,2025-12-19,Stage: Mark-Up,85.0,WATCH,STAGE,,Double Bottom,No
ASA,2025-12-19,SELL_TGT_6w:59.5496,1.0,TARGET,SELL_TGT_6w,3.32,Double Bottom,No
ASA,2025-12-19,SELL_TGT_8w:59.5496,1.0,TARGET,SELL_TGT_8w,3.32,Double Bottom,No
ASA,2025-12-19,SELL_TGT_12w:59.5496,1.0,TARGET,SELL_TGT_12w,3.32,Double Bottom,No
ASA,2025-12-19,SELL_TGT_18w:59.5496,1.0,TARGET,SELL_TGT_18w,3.32,Double Bottom,No
ASA,2025-12-19,SELL_TGT_30w:59.5496,1.0,TARGET,SELL_TGT_30w,3.32,Double Bottom,No
SizePct
ASA,2025-12-20,Overbought (>27% above 200 DEMA),45.0,SELL,Overbought (>27% above 200 DEMA),3.32,Double Bottom,No,2.25
SizePct
ASA,2025-12-20,Watch: Near 50-DEMA with MACD/ADX/Vol OK,45.0,WATCH,Near50,3.32,Double Bottom,No,0.0
ADP,2025-12-19,Stage: Accumulation,100.0,WATCH,STAGE,,Triple Bottom,Yes
ADP,2025-12-19,SELL_TGT_6w:264.5482,2.56,TARGET,SELL_TGT_6w,1.56,Triple Bottom,Yes
ADP,2025-12-19,SELL_TGT_8w:264.5482,2.56,TARGET,SELL_TGT_8w,1.56,Triple Bottom,Yes
ADP,2025-12-19,SELL_TGT_12w:288.7237,11.93,TARGET,SELL_TGT_12w,1.56,Triple Bottom,Yes
ADP,2025-12-19,SELL_TGT_18w:305.3637,18.39,TARGET,SELL_TGT_18w,1.56,Triple Bottom,Yes
ADP,2025-12-19,SELL_TGT_30w:307.4937,19.21,TARGET,SELL_TGT_30w,1.56,Triple Bottom,Yes
IDT,2025-12-19,Stage: Accumulation,85.0,WATCH,STAGE,,Double Bottom,No
IDT,2025-12-19,SELL_TGT_6w:53.3279,3.61,TARGET,SELL_TGT_6w,4.04,Double Bottom,No
IDT,2025-12-19,SELL_TGT_8w:53.3279,3.61,TARGET,SELL_TGT_8w,4.04,Double Bottom,No
IDT,2025-12-19,SELL_TGT_12w:52.8864,2.75,TARGET,SELL_TGT_12w,4.04,Double Bottom,No
IDT,2025-12-19,SELL_TGT_18w:52.8864,2.75,TARGET,SELL_TGT_18w,4.04,Double Bottom,No
IDT,2025-12-19,SELL_TGT_30w:52.8864,2.75,TARGET,SELL_TGT_30w,4.04,Double Bottom,No
KGC,2025-12-19,Stage: Mark-Up,85.0,WATCH,STAGE,,Double Bottom,No
KGC,2025-12-19,SELL_TGT_6w:28.867,0.97,TARGET,SELL_TGT_6w,3.7,Double Bottom,No
KGC,2025-12-19,SELL_TGT_8w:28.867,0.97,TARGET,SELL_TGT_8w,3.7,Double Bottom,No
KGC,2025-12-19,SELL_TGT_12w:28.625,0.12,TARGET,SELL_TGT_12w,3.7,Double Bottom,No
KGC,2025-12-19,SELL_TGT_18w:28.625,0.12,TARGET,SELL_TGT_18w,3.7,Double Bottom,No
KGC,2025-12-19,SELL_TGT_30w:28.625,0.12,TARGET,SELL_TGT_30w,3.7,Double Bottom,No
SizePct
KGC,2025-12-20,Overbought (>27% above 200 DEMA),45.0,SELL,Overbought (>27% above 200 DEMA),3.7,Double Bottom,No,2.25
SizePct
KGC,2025-12-20,Watch: Near 50-DEMA with MACD/ADX/Vol OK,45.0,WATCH,Near50,3.7,Double Bottom,No,0.0
TMHC,2025-12-19,Stage: Accumulation,85.0,WATCH,STAGE,,,No
TMHC,2025-12-19,SELL_TGT_6w:64.4229,7.75,TARGET,SELL_TGT_6w,2.7,,No
TMHC,2025-12-19,SELL_TGT_8w:64.4229,7.75,TARGET,SELL_TGT_8w,2.7,,No
TMHC,2025-12-19,SELL_TGT_12w:64.0582,7.14,TARGET,SELL_TGT_12w,2.7,,No
TMHC,2025-12-19,SELL_TGT_18w:64.0582,7.14,TARGET,SELL_TGT_18w,2.7,,No
TMHC,2025-12-19,SELL_TGT_30w:64.0582,7.14,TARGET,SELL_TGT_30w,2.7,,No
LDOS,2025-12-19,Stage: Accumulation,50.0,WATCH,STAGE,,Double Bottom,No
LDOS,2025-12-19,SELL_TGT_6w:194.999,5.59,TARGET,SELL_TGT_6w,2.45,Double Bottom,No
LDOS,2025-12-19,SELL_TGT_8w:194.999,5.59,TARGET,SELL_TGT_8w,2.45,Double Bottom,No
LDOS,2025-12-19,SELL_TGT_12w:193.9584,5.02,TARGET,SELL_TGT_12w,2.45,Double Bottom,No
LDOS,2025-12-19,SELL_TGT_18w:193.9584,5.02,TARGET,SELL_TGT_18w,2.45,Double Bottom,No
LDOS,2025-12-19,SELL_TGT_30w:193.9584,5.02,TARGET,SELL_TGT_30w,2.45,Double Bottom,No
SizePct
LDOS,2025-12-20,MACD Bearish below zero,50.0,SELL,MACD Bearish below zero,2.45,Double Bottom,No,2.5
SizePct
LDOS,2025-12-20,Watch: Near 50-DEMA with MACD/ADX/Vol OK,45.0,WATCH,Near50,2.45,Double Bottom,No,0.0
SPIR,2025-12-19,Stage: Mark-Down,85.0,WATCH,STAGE,,,Yes
SPIR,2025-12-19,SELL_TGT_6w:9.895,25.57,TARGET,SELL_TGT_6w,9.99,,Yes
SPIR,2025-12-19,SELL_TGT_8w:9.895,25.57,TARGET,SELL_TGT_8w,9.99,,Yes
SPIR,2025-12-19,SELL_TGT_12w:9.6984,23.08,TARGET,SELL_TGT_12w,9.99,,Yes
SPIR,2025-12-19,SELL_TGT_18w:9.6984,23.08,TARGET,SELL_TGT_18w,9.99,,Yes
SPIR,2025-12-19,SELL_TGT_30w:9.6984,23.08,TARGET,SELL_TGT_30w,9.99,,Yes
SizePct
SPIR,2025-12-20,MACD Bearish below zero,42.5,SELL,MACD Bearish below zero,9.99,-,No,2.13
ARM,2025-12-19,Stage: Mark-Down,85.0,WATCH,STAGE,,,Yes
ARM,2025-12-19,SELL_TGT_6w:141.7179,24.28,TARGET,SELL_TGT_6w,4.48,,Yes
ARM,2025-12-19,SELL_TGT_8w:141.7179,24.28,TARGET,SELL_TGT_8w,4.48,,Yes
ARM,2025-12-19,SELL_TGT_12w:140.0298,22.8,TARGET,SELL_TGT_12w,4.48,,Yes
ARM,2025-12-19,SELL_TGT_18w:140.0298,22.8,TARGET,SELL_TGT_18w,4.48,,Yes
ARM,2025-12-19,SELL_TGT_30w:140.0298,22.8,TARGET,SELL_TGT_30w,4.48,,Yes
SizePct
ARM,2025-12-20,MACD Bearish below zero,50.0,SELL,MACD Bearish below zero,4.48,-,No,2.5
GRBK,2025-12-19,Stage: Accumulation,85.0,WATCH,STAGE,,,No
GRBK,2025-12-19,SELL_TGT_6w:68.1811,6.4,TARGET,SELL_TGT_6w,2.73,,No
GRBK,2025-12-19,SELL_TGT_8w:68.1811,6.4,TARGET,SELL_TGT_8w,2.73,,No
GRBK,2025-12-19,SELL_TGT_12w:67.6686,5.6,TARGET,SELL_TGT_12w,2.73,,No
GRBK,2025-12-19,SELL_TGT_18w:67.6686,5.6,TARGET,SELL_TGT_18w,2.73,,No
GRBK,2025-12-19,SELL_TGT_30w:67.6686,5.6,TARGET,SELL_TGT_30w,2.73,,No
SizePct
GRBK,2025-12-20,MACD Bearish below zero,50.0,SELL,MACD Bearish below zero,2.73,-,No,2.5
NNOX,2025-12-19,Stage: Mark-Down,85.0,WATCH,STAGE,,,Yes
NNOX,2025-12-19,SELL_TGT_6w:4.6151,54.35,TARGET,SELL_TGT_6w,6.0,,Yes
NNOX,2025-12-19,SELL_TGT_8w:4.6151,54.35,TARGET,SELL_TGT_8w,6.0,,Yes
NNOX,2025-12-19,SELL_TGT_12w:4.5518,52.23,TARGET,SELL_TGT_12w,6.0,,Yes
NNOX,2025-12-19,SELL_TGT_18w:4.5518,52.23,TARGET,SELL_TGT_18w,6.0,,Yes
NNOX,2025-12-19,SELL_TGT_30w:4.5518,52.23,TARGET,SELL_TGT_30w,6.0,,Yes
SizePct
NNOX,2025-12-20,MACD Bearish below zero,48.5,SELL,MACD Bearish below zero,6.0,-,No,2.43
SIRI,2025-12-19,Stage: Accumulation,85.0,WATCH,STAGE,,,Yes
SIRI,2025-12-19,SELL_TGT_6w:22.3316,7.52,TARGET,SELL_TGT_6w,2.71,,Yes
SIRI,2025-12-19,SELL_TGT_8w:22.3316,7.52,TARGET,SELL_TGT_8w,2.71,,Yes
SIRI,2025-12-19,SELL_TGT_12w:22.1861,6.82,TARGET,SELL_TGT_12w,2.71,,Yes
SIRI,2025-12-19,SELL_TGT_18w:22.1861,6.82,TARGET,SELL_TGT_18w,2.71,,Yes
SIRI,2025-12-19,SELL_TGT_30w:22.1861,6.82,TARGET,SELL_TGT_30w,2.71,,Yes
SizePct
SIRI,2025-12-20,MACD Bearish below zero,50.0,SELL,MACD Bearish below zero,2.71,-,No,2.5
FRSH,2025-12-19,Stage: Accumulation,85.0,WATCH,STAGE,,,No
FRSH,2025-12-19,SELL_TGT_6w:13.475,7.54,TARGET,SELL_TGT_6w,3.48,,No
FRSH,2025-12-19,SELL_TGT_8w:13.475,7.54,TARGET,SELL_TGT_8w,3.48,,No
FRSH,2025-12-19,SELL_TGT_12w:13.385,6.82,TARGET,SELL_TGT_12w,3.48,,No
FRSH,2025-12-19,SELL_TGT_18w:13.385,6.82,TARGET,SELL_TGT_18w,3.48,,No
FRSH,2025-12-19,SELL_TGT_30w:13.385,6.82,TARGET,SELL_TGT_30w,3.48,,No
XRAY,2025-12-19,Stage: Accumulation,65.0,WATCH,STAGE,,Triple Bottom,Yes
XRAY,2025-12-19,SELL_TGT_6w:11.6392,3.83,TARGET,SELL_TGT_6w,2.79,Triple Bottom,Yes
XRAY,2025-12-19,SELL_TGT_8w:11.6392,3.83,TARGET,SELL_TGT_8w,2.79,Triple Bottom,Yes
XRAY,2025-12-19,SELL_TGT_12w:11.5387,2.93,TARGET,SELL_TGT_12w,2.79,Triple Bottom,Yes
XRAY,2025-12-19,SELL_TGT_18w:11.5387,2.93,TARGET,SELL_TGT_18w,2.79,Triple Bottom,Yes
XRAY,2025-12-19,SELL_TGT_30w:11.5387,2.93,TARGET,SELL_TGT_30w,2.79,Triple Bottom,Yes
OBDC,2025-12-19,Stage: Accumulation,85.0,WATCH,STAGE,,,Yes
OBDC,2025-12-19,SELL_TGT_6w:13.4718,6.5,TARGET,SELL_TGT_6w,1.73,,Yes
OBDC,2025-12-19,SELL_TGT_8w:13.4718,6.5,TARGET,SELL_TGT_8w,1.73,,Yes
OBDC,2025-12-19,SELL_TGT_12w:13.3996,5.93,TARGET,SELL_TGT_12w,1.73,,Yes
OBDC,2025-12-19,SELL_TGT_18w:13.3996,5.93,TARGET,SELL_TGT_18w,1.73,,Yes
OBDC,2025-12-19,SELL_TGT_30w:13.3996,5.93,TARGET,SELL_TGT_30w,1.73,,Yes
HAS,2025-12-19,Stage: Mark-Up,85.0,WATCH,STAGE,,,No
HAS,2025-12-19,SELL_TGT_6w:84.4925,3.06,TARGET,SELL_TGT_6w,2.44,,No
HAS,2025-12-19,SELL_TGT_8w:84.4925,3.06,TARGET,SELL_TGT_8w,2.44,,No
HAS,2025-12-19,SELL_TGT_12w:84.0541,2.53,TARGET,SELL_TGT_12w,2.44,,No
HAS,2025-12-19,SELL_TGT_18w:84.0541,2.53,TARGET,SELL_TGT_18w,2.44,,No
HAS,2025-12-19,SELL_TGT_30w:84.0541,2.53,TARGET,SELL_TGT_30w,2.44,,No
SizePct
HAS,2025-12-20,Watch: Near 50-DEMA with MACD/ADX/Vol OK,45.0,WATCH,Near50,2.44,-,No,0.0
HEI,2025-12-19,Stage: Mark-Up,70.0,WATCH,STAGE,,Triple Bottom,No
HEI,2025-12-19,SELL_TGT_6w:329.9367,1.0,TARGET,SELL_TGT_6w,2.41,Triple Bottom,No
HEI,2025-12-19,SELL_TGT_8w:329.9367,1.0,TARGET,SELL_TGT_8w,2.41,Triple Bottom,No
HEI,2025-12-19,SELL_TGT_12w:329.9367,1.0,TARGET,SELL_TGT_12w,2.41,Triple Bottom,No
HEI,2025-12-19,SELL_TGT_18w:329.9367,1.0,TARGET,SELL_TGT_18w,2.41,Triple Bottom,No
HEI,2025-12-19,SELL_TGT_30w:329.9367,1.0,TARGET,SELL_TGT_30w,2.41,Triple Bottom,No
SizePct
HEI,2025-12-20,DipReclaim,65.0,BUY,DipReclaim,2.41,Triple Bottom,No,3.25
VRT,2025-12-19,Stage: Accumulation,50.0,WATCH,STAGE,,,No
VRT,2025-12-19,SELL_TGT_6w:186.1746,16.49,TARGET,SELL_TGT_6w,6.12,,No
VRT,2025-12-19,SELL_TGT_8w:186.1746,16.49,TARGET,SELL_TGT_8w,6.12,,No
VRT,2025-12-19,SELL_TGT_12w:183.8511,15.04,TARGET,SELL_TGT_12w,6.12,,No
VRT,2025-12-19,SELL_TGT_18w:183.8511,15.04,TARGET,SELL_TGT_18w,6.12,,No
VRT,2025-12-19,SELL_TGT_30w:183.8511,15.04,TARGET,SELL_TGT_30w,6.12,,No
SizePct
VRT,2025-12-20,MACD Bearish below zero,48.3,SELL,MACD Bearish below zero,6.12,-,No,2.42
COIN,2025-12-19,Stage: Mark-Down,85.0,WATCH,STAGE,,,Yes
COIN,2025-12-19,SELL_TGT_6w:277.9227,13.38,TARGET,SELL_TGT_6w,5.32,,Yes
COIN,2025-12-19,SELL_TGT_8w:277.9227,13.38,TARGET,SELL_TGT_8w,5.32,,Yes
COIN,2025-12-19,SELL_TGT_12w:273.3779,11.53,TARGET,SELL_TGT_12w,5.32,,Yes
COIN,2025-12-19,SELL_TGT_18w:273.3779,11.53,TARGET,SELL_TGT_18w,5.32,,Yes
COIN,2025-12-19,SELL_TGT_30w:273.3779,11.53,TARGET,SELL_TGT_30w,5.32,,Yes
SizePct
COIN,2025-12-20,MACD Bearish below zero,49.5,SELL,MACD Bearish below zero,5.32,-,No,2.48
IRDM,2025-12-19,Stage: Mark-Down,85.0,WATCH,STAGE,,Ascending Triangle,Yes
IRDM,2025-12-19,SELL_TGT_6w:19.0649,11.88,TARGET,SELL_TGT_6w,4.53,Ascending Triangle,Yes
IRDM,2025-12-19,SELL_TGT_8w:19.0649,11.88,TARGET,SELL_TGT_8w,4.53,Ascending Triangle,Yes
IRDM,2025-12-19,SELL_TGT_12w:18.8948,10.88,TARGET,SELL_TGT_12w,4.53,Ascending Triangle,Yes
IRDM,2025-12-19,SELL_TGT_18w:18.8948,10.88,TARGET,SELL_TGT_18w,4.53,Ascending Triangle,Yes
IRDM,2025-12-19,SELL_TGT_30w:18.8948,10.88,TARGET,SELL_TGT_30w,4.53,Ascending Triangle,Yes
SizePct
IRDM,2025-12-20,MACD Bearish below zero,50.0,SELL,MACD Bearish below zero,4.53,Ascending Triangle,No,2.5
GRMN,2025-12-19,Stage: Accumulation,85.0,WATCH,STAGE,,Cup and Handle,No
GRMN,2025-12-19,SELL_TGT_6w:209.8762,4.09,TARGET,SELL_TGT_6w,2.05,Cup and Handle,No
GRMN,2025-12-19,SELL_TGT_8w:209.8762,4.09,TARGET,SELL_TGT_8w,2.05,Cup and Handle,No
GRMN,2025-12-19,SELL_TGT_12w:208.6338,3.48,TARGET,SELL_TGT_12w,2.05,Cup and Handle,No
GRMN,2025-12-19,SELL_TGT_18w:208.6338,3.48,TARGET,SELL_TGT_18w,2.05,Cup and Handle,No
GRMN,2025-12-19,SELL_TGT_30w:208.6338,3.48,TARGET,SELL_TGT_30w,2.05,Cup and Handle,No
NXST,2025-12-19,Stage: Mark-Up,85.0,WATCH,STAGE,,Cup and Handle,No
NXST,2025-12-19,SELL_TGT_6w:210.8543,4.4,TARGET,SELL_TGT_6w,2.69,Cup and Handle,No
NXST,2025-12-19,SELL_TGT_8w:210.8543,4.4,TARGET,SELL_TGT_8w,2.69,Cup and Handle,No
NXST,2025-12-19,SELL_TGT_12w:209.6105,3.79,TARGET,SELL_TGT_12w,2.69,Cup and Handle,No
NXST,2025-12-19,SELL_TGT_18w:209.6105,3.79,TARGET,SELL_TGT_18w,2.69,Cup and Handle,No
NXST,2025-12-19,SELL_TGT_30w:209.6105,3.79,TARGET,SELL_TGT_30w,2.69,Cup and Handle,No
SizePct
NXST,2025-12-20,Watch: Near 50-DEMA with MACD/ADX/Vol OK,45.0,WATCH,Near50,2.69,Cup and Handle,No,0.0
PSN,2025-12-19,Stage: Mark-Down,85.0,WATCH,STAGE,,,No
PSN,2025-12-19,SELL_TGT_6w:85.6895,39.6,TARGET,SELL_TGT_6w,6.41,,No
PSN,2025-12-19,SELL_TGT_8w:85.6895,39.6,TARGET,SELL_TGT_8w,6.41,,No
PSN,2025-12-19,SELL_TGT_12w:85.0159,38.51,TARGET,SELL_TGT_12w,6.41,,No
PSN,2025-12-19,SELL_TGT_18w:85.0159,38.51,TARGET,SELL_TGT_18w,6.41,,No
PSN,2025-12-19,SELL_TGT_30w:85.0159,38.51,TARGET,SELL_TGT_30w,6.41,,No
SizePct
PSN,2025-12-20,MACD Bearish below zero,47.9,SELL,MACD Bearish below zero,6.41,-,No,2.39
T,2025-12-19,Stage: Accumulation,85.0,WATCH,STAGE,,Double Bottom,No
T,2025-12-19,SELL_TGT_6w:26.0357,7.81,TARGET,SELL_TGT_6w,1.78,Double Bottom,No
T,2025-12-19,SELL_TGT_8w:26.0357,7.81,TARGET,SELL_TGT_8w,1.78,Double Bottom,No
T,2025-12-19,SELL_TGT_12w:25.9195,7.33,TARGET,SELL_TGT_12w,1.78,Double Bottom,No
T,2025-12-19,SELL_TGT_18w:25.9195,7.33,TARGET,SELL_TGT_18w,1.78,Double Bottom,No
T,2025-12-19,SELL_TGT_30w:25.9195,7.33,TARGET,SELL_TGT_30w,1.78,Double Bottom,No
SizePct
T,2025-12-20,MACD Bearish below zero,50.0,SELL,MACD Bearish below zero,1.78,Double Bottom,No,2.5
TBPH,2025-12-19,Stage: Mark-Up,85.0,WATCH,STAGE,,Inverse Head and Shoulders,No
TBPH,2025-12-19,SELL_TGT_6w:20.1135,7.04,TARGET,SELL_TGT_6w,3.99,Inverse Head and Shoulders,No
TBPH,2025-12-19,SELL_TGT_8w:20.1135,7.04,TARGET,SELL_TGT_8w,3.99,Inverse Head and Shoulders,No
TBPH,2025-12-19,SELL_TGT_12w:19.9691,6.28,TARGET,SELL_TGT_12w,3.99,Inverse Head and Shoulders,No
TBPH,2025-12-19,SELL_TGT_18w:19.9691,6.28,TARGET,SELL_TGT_18w,3.99,Inverse Head and Shoulders,No
TBPH,2025-12-19,SELL_TGT_30w:19.9691,6.28,TARGET,SELL_TGT_30w,3.99,Inverse Head and Shoulders,No
SizePct
TBPH,2025-12-20,Overbought (>27% above 200 DEMA),30.0,SELL,Overbought (>27% above 200 DEMA),3.99,Inverse Head and Shoulders,No,1.5
SizePct
TBPH,2025-12-20,Watch: Near 50-DEMA with MACD/ADX/Vol OK,45.0,WATCH,Near50,3.99,Inverse Head and Shoulders,No,0.0
VTEX,2025-12-19,Stage: Mark-Down,85.0,WATCH,STAGE,,,Yes
VTEX,2025-12-19,SELL_TGT_6w:4.1716,10.36,TARGET,SELL_TGT_6w,2.97,,Yes
VTEX,2025-12-19,SELL_TGT_8w:4.1716,10.36,TARGET,SELL_TGT_8w,2.97,,Yes
VTEX,2025-12-19,SELL_TGT_12w:4.1327,9.33,TARGET,SELL_TGT_12w,2.97,,Yes
VTEX,2025-12-19,SELL_TGT_18w:4.1327,9.33,TARGET,SELL_TGT_18w,2.97,,Yes
VTEX,2025-12-19,SELL_TGT_30w:4.1327,9.33,TARGET,SELL_TGT_30w,2.97,,Yes
SizePct
VTEX,2025-12-20,MACD Bearish below zero,50.0,SELL,MACD Bearish below zero,2.97,-,No,2.5
F,2025-12-19,Stage: Mark-Up,65.0,WATCH,STAGE,,Cup and Handle,No
F,2025-12-19,SELL_TGT_6w:13.6349,1.22,TARGET,SELL_TGT_6w,2.03,Cup and Handle,No
F,2025-12-19,SELL_TGT_8w:13.6047,1.0,TARGET,SELL_TGT_8w,2.03,Cup and Handle,No
F,2025-12-19,SELL_TGT_12w:13.6047,1.0,TARGET,SELL_TGT_12w,2.03,Cup and Handle,No
F,2025-12-19,SELL_TGT_18w:13.6047,1.0,TARGET,SELL_TGT_18w,2.03,Cup and Handle,No
F,2025-12-19,SELL_TGT_30w:13.6047,1.0,TARGET,SELL_TGT_30w,2.03,Cup and Handle,No
TOL,2025-12-19,Stage: Mark-Up,85.0,WATCH,STAGE,,,No
TOL,2025-12-19,SELL_TGT_6w:143.6415,2.76,TARGET,SELL_TGT_6w,3.05,,No
TOL,2025-12-19,SELL_TGT_8w:143.6415,2.76,TARGET,SELL_TGT_8w,3.05,,No
TOL,2025-12-19,SELL_TGT_12w:142.7291,2.1,TARGET,SELL_TGT_12w,3.05,,No
TOL,2025-12-19,SELL_TGT_18w:142.7291,2.1,TARGET,SELL_TGT_18w,3.05,,No
TOL,2025-12-19,SELL_TGT_30w:142.7291,2.1,TARGET,SELL_TGT_30w,3.05,,No
SizePct
TOL,2025-12-20,Watch: Near 50-DEMA with MACD/ADX/Vol OK,45.0,WATCH,Near50,3.05,-,No,0.0
NAIL,2025-12-19,Stage: Mark-Down,85.0,WATCH,STAGE,,,Yes
NAIL,2025-12-19,SELL_TGT_6w:65.5406,23.87,TARGET,SELL_TGT_6w,7.16,,Yes
NAIL,2025-12-19,SELL_TGT_8w:65.5406,23.87,TARGET,SELL_TGT_8w,7.16,,Yes
NAIL,2025-12-19,SELL_TGT_12w:64.5343,21.97,TARGET,SELL_TGT_12w,7.16,,Yes
NAIL,2025-12-19,SELL_TGT_18w:64.5343,21.97,TARGET,SELL_TGT_18w,7.16,,Yes
NAIL,2025-12-19,SELL_TGT_30w:64.5343,21.97,TARGET,SELL_TGT_30w,7.16,,Yes
SizePct
NAIL,2025-12-20,MACD Bearish below zero,46.8,SELL,MACD Bearish below zero,7.16,-,No,2.34
GENC,2025-12-19,Stage: Accumulation,85.0,WATCH,STAGE,,Double Bottom,Yes
GENC,2025-12-19,SELL_TGT_6w:13.7137,7.81,TARGET,SELL_TGT_6w,4.77,Double Bottom,Yes
GENC,2025-12-19,SELL_TGT_8w:13.7137,7.81,TARGET,SELL_TGT_8w,4.77,Double Bottom,Yes
GENC,2025-12-19,SELL_TGT_12w:13.6162,7.05,TARGET,SELL_TGT_12w,4.77,Double Bottom,Yes
GENC,2025-12-19,SELL_TGT_18w:13.6162,7.05,TARGET,SELL_TGT_18w,4.77,Double Bottom,Yes
GENC,2025-12-19,SELL_TGT_30w:13.6162,7.05,TARGET,SELL_TGT_30w,4.77,Double Bottom,Yes
ARKK,2025-12-19,Stage: Accumulation,50.0,WATCH,STAGE,,,No
ARKK,2025-12-19,SELL_TGT_6w:83.032,3.4,TARGET,SELL_TGT_6w,2.9,,No
ARKK,2025-12-19,SELL_TGT_8w:83.032,3.4,TARGET,SELL_TGT_8w,2.9,,No
ARKK,2025-12-19,SELL_TGT_12w:82.3734,2.58,TARGET,SELL_TGT_12w,2.9,,No
ARKK,2025-12-19,SELL_TGT_18w:82.3734,2.58,TARGET,SELL_TGT_18w,2.9,,No
ARKK,2025-12-19,SELL_TGT_30w:82.3734,2.58,TARGET,SELL_TGT_30w,2.9,,No
SizePct
ARKK,2025-12-20,Watch: Near 50-DEMA with MACD/ADX/Vol OK,45.0,WATCH,Near50,2.9,-,No,0.0
CRPT,2025-12-19,Stage: Mark-Down,85.0,WATCH,STAGE,,,Yes
CRPT,2025-12-19,SELL_TGT_6w:18.1192,12.47,TARGET,SELL_TGT_6w,5.86,,Yes
CRPT,2025-12-19,SELL_TGT_8w:18.1192,12.47,TARGET,SELL_TGT_8w,5.86,,Yes
CRPT,2025-12-19,SELL_TGT_12w:17.8654,10.9,TARGET,SELL_TGT_12w,5.86,,Yes
CRPT,2025-12-19,SELL_TGT_18w:17.8654,10.9,TARGET,SELL_TGT_18w,5.86,,Yes
CRPT,2025-12-19,SELL_TGT_30w:17.8654,10.9,TARGET,SELL_TGT_30w,5.86,,Yes
SizePct
CRPT,2025-12-20,MACD Bearish below zero,51.1,SELL,MACD Bearish below zero,5.86,-,No,2.56
GBTG,2025-12-19,Stage: Accumulation,100.0,WATCH,STAGE,,,No
GBTG,2025-12-19,SELL_TGT_6w:8.1202,3.57,TARGET,SELL_TGT_6w,3.26,,No
GBTG,2025-12-19,SELL_TGT_8w:8.1202,3.57,TARGET,SELL_TGT_8w,3.26,,No
GBTG,2025-12-19,SELL_TGT_12w:8.0604,2.81,TARGET,SELL_TGT_12w,3.26,,No
GBTG,2025-12-19,SELL_TGT_18w:8.0604,2.81,TARGET,SELL_TGT_18w,3.26,,No
GBTG,2025-12-19,SELL_TGT_30w:8.0604,2.81,TARGET,SELL_TGT_30w,3.26,,No
SizePct
GBTG,2025-12-20,Watch: Near 50-DEMA with MACD/ADX/Vol OK,45.0,WATCH,Near50,3.26,-,No,0.0
WCC,2025-12-19,Stage: Mark-Up,85.0,WATCH,STAGE,,Double Bottom,No
WCC,2025-12-19,SELL_TGT_6w:276.3165,9.91,TARGET,SELL_TGT_6w,3.67,Double Bottom,No
WCC,2025-12-19,SELL_TGT_8w:276.3165,9.91,TARGET,SELL_TGT_8w,3.67,Double Bottom,No
WCC,2025-12-19,SELL_TGT_12w:274.5009,9.18,TARGET,SELL_TGT_12w,3.67,Double Bottom,No
WCC,2025-12-19,SELL_TGT_18w:274.5009,9.18,TARGET,SELL_TGT_18w,3.67,Double Bottom,No
WCC,2025-12-19,SELL_TGT_30w:274.5009,9.18,TARGET,SELL_TGT_30w,3.67,Double Bottom,No
SizePct
WCC,2025-12-20,Watch: Near 50-DEMA with MACD/ADX/Vol OK,45.0,WATCH,Near50,3.67,Double Bottom,No,0.0
OC,2025-12-19,Stage: Accumulation,65.0,WATCH,STAGE,,Triple Bottom,Yes
OC,2025-12-19,SELL_TGT_6w:114.6325,0.08,TARGET,SELL_TGT_6w,2.88,Triple Bottom,Yes
OC,2025-12-19,SELL_TGT_8w:125.9425,9.96,TARGET,SELL_TGT_8w,2.88,Triple Bottom,Yes
OC,2025-12-19,SELL_TGT_12w:130.2409,13.71,TARGET,SELL_TGT_12w,2.88,Triple Bottom,Yes
OC,2025-12-19,SELL_TGT_18w:130.2409,13.71,TARGET,SELL_TGT_18w,2.88,Triple Bottom,Yes
OC,2025-12-19,SELL_TGT_30w:130.2409,13.71,TARGET,SELL_TGT_30w,2.88,Triple Bottom,Yes
CPA,2025-12-19,Stage: Mark-Up,70.0,WATCH,STAGE,,,No
CPA,2025-12-19,SELL_TGT_6w:125.3612,1.0,TARGET,SELL_TGT_6w,2.25,,No
CPA,2025-12-19,SELL_TGT_8w:125.3612,1.0,TARGET,SELL_TGT_8w,2.25,,No
CPA,2025-12-19,SELL_TGT_12w:125.3612,1.0,TARGET,SELL_TGT_12w,2.25,,No
CPA,2025-12-19,SELL_TGT_18w:125.3612,1.0,TARGET,SELL_TGT_18w,2.25,,No
CPA,2025-12-19,SELL_TGT_30w:125.3612,1.0,TARGET,SELL_TGT_30w,2.25,,No
SizePct
CPA,2025-12-20,Watch: Near 50-DEMA with MACD/ADX/Vol OK,45.0,WATCH,Near50,2.25,-,No,0.0
IYR,2025-12-19,Stage: Accumulation,85.0,WATCH,STAGE,,Triple Bottom,No
IYR,2025-12-19,SELL_TGT_6w:96.8152,4.08,TARGET,SELL_TGT_6w,1.05,Triple Bottom,No
IYR,2025-12-19,SELL_TGT_8w:96.8152,4.08,TARGET,SELL_TGT_8w,1.05,Triple Bottom,No
IYR,2025-12-19,SELL_TGT_12w:96.572,3.82,TARGET,SELL_TGT_12w,1.05,Triple Bottom,No
IYR,2025-12-19,SELL_TGT_18w:96.572,3.82,TARGET,SELL_TGT_18w,1.05,Triple Bottom,No
IYR,2025-12-19,SELL_TGT_30w:96.572,3.82,TARGET,SELL_TGT_30w,1.05,Triple Bottom,No
SizePct
IYR,2025-12-20,MACD Bearish below zero,50.0,SELL,MACD Bearish below zero,1.05,Triple Bottom,No,2.5
PEGA,2025-12-19,Stage: Mark-Up,85.0,WATCH,STAGE,,Cup and Handle,No
PEGA,2025-12-19,SELL_TGT_6w:61.7022,0.87,TARGET,SELL_TGT_6w,3.39,Cup and Handle,No
PEGA,2025-12-19,SELL_TGT_8w:61.7022,0.87,TARGET,SELL_TGT_8w,3.39,Cup and Handle,No
PEGA,2025-12-19,SELL_TGT_12w:61.197,0.04,TARGET,SELL_TGT_12w,3.39,Cup and Handle,No
PEGA,2025-12-19,SELL_TGT_18w:61.197,0.04,TARGET,SELL_TGT_18w,3.39,Cup and Handle,No
PEGA,2025-12-19,SELL_TGT_30w:61.197,0.04,TARGET,SELL_TGT_30w,3.39,Cup and Handle,No
SizePct
PEGA,2025-12-20,Watch: Near 50-DEMA with MACD/ADX/Vol OK,45.0,WATCH,Near50,3.39,Cup and Handle,No,0.0
RGTI,2025-12-19,Stage: Accumulation,65.0,WATCH,STAGE,,,No
RGTI,2025-12-19,SELL_TGT_6w:28.835,21.36,TARGET,SELL_TGT_6w,9.51,,No
RGTI,2025-12-19,SELL_TGT_8w:28.835,21.36,TARGET,SELL_TGT_8w,9.51,,No
RGTI,2025-12-19,SELL_TGT_12w:27.9217,17.52,TARGET,SELL_TGT_12w,9.51,,No
RGTI,2025-12-19,SELL_TGT_18w:27.9217,17.52,TARGET,SELL_TGT_18w,9.51,,No
RGTI,2025-12-19,SELL_TGT_30w:27.9217,17.52,TARGET,SELL_TGT_30w,9.51,,No
SizePct
RGTI,2025-12-20,MACD Bearish below zero,43.2,SELL,MACD Bearish below zero,9.51,-,No,2.16
TDC,2025-12-19,Stage: Mark-Up,85.0,WATCH,STAGE,,,Yes
TDC,2025-12-19,SELL_TGT_6w:31.6965,3.21,TARGET,SELL_TGT_6w,3.06,,Yes
TDC,2025-12-19,SELL_TGT_8w:31.6965,3.21,TARGET,SELL_TGT_8w,3.06,,Yes
TDC,2025-12-19,SELL_TGT_12w:31.4741,2.49,TARGET,SELL_TGT_12w,3.06,,Yes
TDC,2025-12-19,SELL_TGT_18w:31.4741,2.49,TARGET,SELL_TGT_18w,3.06,,Yes
TDC,2025-12-19,SELL_TGT_30w:31.4741,2.49,TARGET,SELL_TGT_30w,3.06,,Yes
SizePct
TDC,2025-12-20,Watch: Near 50-DEMA with MACD/ADX/Vol OK,45.0,WATCH,Near50,3.06,-,No,0.0
SLV,2025-12-19,Stage: Mark-Up,85.0,WATCH,STAGE,,Ascending Triangle,No
SLV,2025-12-19,SELL_TGT_6w:61.5393,1.0,TARGET,SELL_TGT_6w,3.11,Ascending Triangle,No
SLV,2025-12-19,SELL_TGT_8w:61.5393,1.0,TARGET,SELL_TGT_8w,3.11,Ascending Triangle,No
SLV,2025-12-19,SELL_TGT_12w:61.5393,1.0,TARGET,SELL_TGT_12w,3.11,Ascending Triangle,No
SLV,2025-12-19,SELL_TGT_18w:61.5393,1.0,TARGET,SELL_TGT_18w,3.11,Ascending Triangle,No
SLV,2025-12-19,SELL_TGT_30w:61.5393,1.0,TARGET,SELL_TGT_30w,3.11,Ascending Triangle,No
SizePct
SLV,2025-12-20,Overbought (>27% above 200 DEMA),45.0,SELL,Overbought (>27% above 200 DEMA),3.11,Ascending Triangle,No,2.25
SizePct
SLV,2025-12-20,Watch: Near 50-DEMA with MACD/ADX/Vol OK,45.0,WATCH,Near50,3.11,Ascending Triangle,No,0.0
QTUM,2025-12-19,Stage: Mark-Up,85.0,WATCH,STAGE,,Cup and Handle,No
QTUM,2025-12-19,SELL_TGT_6w:114.8741,3.36,TARGET,SELL_TGT_6w,2.17,Cup and Handle,No
QTUM,2025-12-19,SELL_TGT_8w:114.8741,3.36,TARGET,SELL_TGT_8w,2.17,Cup and Handle,No
QTUM,2025-12-19,SELL_TGT_12w:114.1902,2.74,TARGET,SELL_TGT_12w,2.17,Cup and Handle,No
QTUM,2025-12-19,SELL_TGT_18w:114.1902,2.74,TARGET,SELL_TGT_18w,2.17,Cup and Handle,No
QTUM,2025-12-19,SELL_TGT_30w:114.1902,2.74,TARGET,SELL_TGT_30w,2.17,Cup and Handle,No
SizePct
QTUM,2025-12-20,Watch: Near 50-DEMA with MACD/ADX/Vol OK,45.0,WATCH,Near50,2.17,Cup and Handle,No,0.0
BDC,2025-12-19,Stage: Accumulation,85.0,WATCH,STAGE,,,Yes
BDC,2025-12-19,SELL_TGT_6w:124.3197,5.56,TARGET,SELL_TGT_6w,2.71,,Yes
BDC,2025-12-19,SELL_TGT_8w:124.3197,5.56,TARGET,SELL_TGT_8w,2.71,,Yes
BDC,2025-12-19,SELL_TGT_12w:123.4729,4.84,TARGET,SELL_TGT_12w,2.71,,Yes
BDC,2025-12-19,SELL_TGT_18w:123.4729,4.84,TARGET,SELL_TGT_18w,2.71,,Yes
BDC,2025-12-19,SELL_TGT_30w:123.4729,4.84,TARGET,SELL_TGT_30w,2.71,,Yes
SizePct
BDC,2025-12-20,Watch: Near 50-DEMA with MACD/ADX/Vol OK,45.0,WATCH,Near50,2.71,-,No,0.0
LEVI,2025-12-19,Stage: Accumulation,65.0,WATCH,STAGE,,Triple Bottom,No
LEVI,2025-12-19,SELL_TGT_6w:22.5164,3.71,TARGET,SELL_TGT_6w,2.79,Triple Bottom,No
LEVI,2025-12-19,SELL_TGT_8w:22.5164,3.71,TARGET,SELL_TGT_8w,2.79,Triple Bottom,No
LEVI,2025-12-19,SELL_TGT_12w:22.3673,3.03,TARGET,SELL_TGT_12w,2.79,Triple Bottom,No
LEVI,2025-12-19,SELL_TGT_18w:22.3673,3.03,TARGET,SELL_TGT_18w,2.79,Triple Bottom,No
LEVI,2025-12-19,SELL_TGT_30w:22.3673,3.03,TARGET,SELL_TGT_30w,2.79,Triple Bottom,No
PRGS,2025-12-19,Stage: Accumulation,50.0,WATCH,STAGE,,Cup and Handle,Yes
PRGS,2025-12-19,SELL_TGT_6w:45.0658,4.83,TARGET,SELL_TGT_6w,2.44,Cup and Handle,Yes
PRGS,2025-12-19,SELL_TGT_8w:45.0658,4.83,TARGET,SELL_TGT_8w,2.44,Cup and Handle,Yes
PRGS,2025-12-19,SELL_TGT_12w:44.783,4.17,TARGET,SELL_TGT_12w,2.44,Cup and Handle,Yes
PRGS,2025-12-19,SELL_TGT_18w:44.783,4.17,TARGET,SELL_TGT_18w,2.44,Cup and Handle,Yes
PRGS,2025-12-19,SELL_TGT_30w:44.783,4.17,TARGET,SELL_TGT_30w,2.44,Cup and Handle,Yes
PANW,2025-12-19,Stage: Accumulation,100.0,WATCH,STAGE,,,No
PANW,2025-12-19,SELL_TGT_6w:197.9556,5.93,TARGET,SELL_TGT_6w,2.37,,No
PANW,2025-12-19,SELL_TGT_8w:197.9556,5.93,TARGET,SELL_TGT_8w,2.37,,No
PANW,2025-12-19,SELL_TGT_12w:196.6593,5.23,TARGET,SELL_TGT_12w,2.37,,No
PANW,2025-12-19,SELL_TGT_18w:196.6593,5.23,TARGET,SELL_TGT_18w,2.37,,No
PANW,2025-12-19,SELL_TGT_30w:196.6593,5.23,TARGET,SELL_TGT_30w,2.37,,No
SizePct
PANW,2025-12-20,MACD Bearish below zero,50.0,SELL,MACD Bearish below zero,2.37,-,No,2.5
GE,2025-12-19,Stage: Mark-Up,85.0,WATCH,STAGE,,Double Bottom,No
GE,2025-12-19,SELL_TGT_6w:310.2821,1.0,TARGET,SELL_TGT_6w,2.48,Double Bottom,No
GE,2025-12-19,SELL_TGT_8w:311.2197,1.31,TARGET,SELL_TGT_8w,2.48,Double Bottom,No
GE,2025-12-19,SELL_TGT_12w:309.5263,0.75,TARGET,SELL_TGT_12w,2.48,Double Bottom,No
GE,2025-12-19,SELL_TGT_18w:309.5263,0.75,TARGET,SELL_TGT_18w,2.48,Double Bottom,No
GE,2025-12-19,SELL_TGT_30w:309.5263,0.75,TARGET,SELL_TGT_30w,2.48,Double Bottom,No
SizePct
GE,2025-12-20,Watch: Near 50-DEMA with MACD/ADX/Vol OK,45.0,WATCH,Near50,2.48,Double Bottom,No,0.0
MARA,2025-12-19,Stage: Mark-Down,65.0,WATCH,STAGE,,,Yes
MARA,2025-12-19,SELL_TGT_6w:12.3917,21.73,TARGET,SELL_TGT_6w,7.45,,Yes
MARA,2025-12-19,SELL_TGT_8w:12.3917,21.73,TARGET,SELL_TGT_8w,7.45,,Yes
MARA,2025-12-19,SELL_TGT_12w:12.0729,18.59,TARGET,SELL_TGT_12w,7.45,,Yes
MARA,2025-12-19,SELL_TGT_18w:12.0729,18.59,TARGET,SELL_TGT_18w,7.45,,Yes
MARA,2025-12-19,SELL_TGT_30w:12.0729,18.59,TARGET,SELL_TGT_30w,7.45,,Yes
KR,2025-12-19,Stage: Mark-Down,85.0,WATCH,STAGE,,Triple Bottom,No
KR,2025-12-19,SELL_TGT_6w:67.4631,8.1,TARGET,SELL_TGT_6w,2.57,Triple Bottom,No
KR,2025-12-19,SELL_TGT_8w:67.4631,8.1,TARGET,SELL_TGT_8w,2.57,Triple Bottom,No
KR,2025-12-19,SELL_TGT_12w:67.1118,7.53,TARGET,SELL_TGT_12w,2.57,Triple Bottom,No
KR,2025-12-19,SELL_TGT_18w:67.1118,7.53,TARGET,SELL_TGT_18w,2.57,Triple Bottom,No
KR,2025-12-19,SELL_TGT_30w:67.1118,7.53,TARGET,SELL_TGT_30w,2.57,Triple Bottom,No
SizePct
KR,2025-12-20,MACD Bearish below zero,50.0,SELL,MACD Bearish below zero,2.57,Triple Bottom,No,2.5
PEBK,2025-12-19,Stage: Mark-Up,85.0,WATCH,STAGE,,,No
PEBK,2025-12-19,SELL_TGT_6w:38.2386,1.0,TARGET,SELL_TGT_6w,2.92,,No
PEBK,2025-12-19,SELL_TGT_8w:38.2386,1.0,TARGET,SELL_TGT_8w,2.92,,No
PEBK,2025-12-19,SELL_TGT_12w:38.2386,1.0,TARGET,SELL_TGT_12w,2.92,,No
PEBK,2025-12-19,SELL_TGT_18w:38.2386,1.0,TARGET,SELL_TGT_18w,2.92,,No
PEBK,2025-12-19,SELL_TGT_30w:38.2386,1.0,TARGET,SELL_TGT_30w,2.92,,No
SizePct
PEBK,2025-12-20,Watch: Near 50-DEMA with MACD/ADX/Vol OK,45.0,WATCH,Near50,2.92,-,No,0.0
XYF,2025-12-19,Stage: Accumulation,65.0,WATCH,STAGE,,Double Bottom,No
XYF,2025-12-19,SELL_TGT_6w:11.4029,78.17,TARGET,SELL_TGT_6w,5.67,Double Bottom,No
XYF,2025-12-19,SELL_TGT_8w:12.2729,91.76,TARGET,SELL_TGT_8w,5.67,Double Bottom,No
XYF,2025-12-19,SELL_TGT_12w:14.4982,126.53,TARGET,SELL_TGT_12w,5.67,Double Bottom,No
XYF,2025-12-19,SELL_TGT_18w:14.4982,126.53,TARGET,SELL_TGT_18w,5.67,Double Bottom,No
XYF,2025-12-19,SELL_TGT_30w:14.4982,126.53,TARGET,SELL_TGT_30w,5.67,Double Bottom,No
DCI,2025-12-19,Stage: Mark-Up,85.0,WATCH,STAGE,,,No
DCI,2025-12-19,SELL_TGT_6w:94.4703,2.01,TARGET,SELL_TGT_6w,2.31,,No
DCI,2025-12-19,SELL_TGT_8w:94.4703,2.01,TARGET,SELL_TGT_8w,2.31,,No
DCI,2025-12-19,SELL_TGT_12w:94.1171,1.63,TARGET,SELL_TGT_12w,2.31,,No
DCI,2025-12-19,SELL_TGT_18w:94.1171,1.63,TARGET,SELL_TGT_18w,2.31,,No
DCI,2025-12-19,SELL_TGT_30w:94.1171,1.63,TARGET,SELL_TGT_30w,2.31,,No
SizePct
DCI,2025-12-20,Watch: Near 50-DEMA with MACD/ADX/Vol OK,45.0,WATCH,Near50,2.31,-,No,0.0
XMTR,2025-12-19,Stage: Mark-Up,85.0,WATCH,STAGE,,Ascending Triangle,No
XMTR,2025-12-19,SELL_TGT_6w:62.1251,1.0,TARGET,SELL_TGT_6w,5.43,Ascending Triangle,No
XMTR,2025-12-19,SELL_TGT_8w:68.133,10.77,TARGET,SELL_TGT_8w,5.43,Ascending Triangle,No
XMTR,2025-12-19,SELL_TGT_12w:67.3816,9.55,TARGET,SELL_TGT_12w,5.43,Ascending Triangle,No
XMTR,2025-12-19,SELL_TGT_18w:67.3816,9.55,TARGET,SELL_TGT_18w,5.43,Ascending Triangle,No
XMTR,2025-12-19,SELL_TGT_30w:67.3816,9.55,TARGET,SELL_TGT_30w,5.43,Ascending Triangle,No
SizePct
XMTR,2025-12-20,Overbought (>27% above 200 DEMA),44.4,SELL,Overbought (>27% above 200 DEMA),5.43,Ascending Triangle,No,2.22
SizePct
XMTR,2025-12-20,Watch: Near 50-DEMA with MACD/ADX/Vol OK,45.0,WATCH,Near50,5.43,Ascending Triangle,No,0.0
LAUR,2025-12-19,Stage: Mark-Up,85.0,WATCH,STAGE,,Double Bottom,No
LAUR,2025-12-19,SELL_TGT_6w:34.1683,1.0,TARGET,SELL_TGT_6w,2.68,Double Bottom,No
LAUR,2025-12-19,SELL_TGT_8w:34.1683,1.0,TARGET,SELL_TGT_8w,2.68,Double Bottom,No
LAUR,2025-12-19,SELL_TGT_12w:34.1683,1.0,TARGET,SELL_TGT_12w,2.68,Double Bottom,No
LAUR,2025-12-19,SELL_TGT_18w:34.1683,1.0,TARGET,SELL_TGT_18w,2.68,Double Bottom,No
LAUR,2025-12-19,SELL_TGT_30w:34.1683,1.0,TARGET,SELL_TGT_30w,2.68,Double Bottom,No
SizePct
LAUR,2025-12-20,Overbought (>27% above 200 DEMA),46.5,SELL,Overbought (>27% above 200 DEMA),2.68,Double Bottom,No,2.33
SizePct
LAUR,2025-12-20,Watch: Near 50-DEMA with MACD/ADX/Vol OK,45.0,WATCH,Near50,2.68,Double Bottom,No,0.0
NU,2025-12-19,Stage: Mark-Up,85.0,WATCH,STAGE,,Double Bottom,No
NU,2025-12-19,SELL_TGT_6w:17.6852,8.23,TARGET,SELL_TGT_6w,3.03,Double Bottom,No
NU,2025-12-19,SELL_TGT_8w:17.6852,8.23,TARGET,SELL_TGT_8w,3.03,Double Bottom,No
NU,2025-12-19,SELL_TGT_12w:17.582,7.6,TARGET,SELL_TGT_12w,3.03,Double Bottom,No
NU,2025-12-19,SELL_TGT_18w:17.582,7.6,TARGET,SELL_TGT_18w,3.03,Double Bottom,No
NU,2025-12-19,SELL_TGT_30w:17.582,7.6,TARGET,SELL_TGT_30w,3.03,Double Bottom,No
SizePct
NU,2025-12-20,Watch: Near 50-DEMA with MACD/ADX/Vol OK,45.0,WATCH,Near50,3.03,Double Bottom,No,0.0
TNC,2025-12-19,Stage: Accumulation,85.0,WATCH,STAGE,,,Yes
TNC,2025-12-19,SELL_TGT_6w:77.5599,4.0,TARGET,SELL_TGT_6w,2.36,,Yes
TNC,2025-12-19,SELL_TGT_8w:77.5599,4.0,TARGET,SELL_TGT_8w,2.36,,Yes
TNC,2025-12-19,SELL_TGT_12w:77.0998,3.38,TARGET,SELL_TGT_12w,2.36,,Yes
TNC,2025-12-19,SELL_TGT_18w:77.0998,3.38,TARGET,SELL_TGT_18w,2.36,,Yes
TNC,2025-12-19,SELL_TGT_30w:77.0998,3.38,TARGET,SELL_TGT_30w,2.36,,Yes
WIT,2025-12-19,Stage: Mark-Up,85.0,WATCH,STAGE,,,Yes
WIT,2025-12-19,SELL_TGT_6w:3.0906,1.0,TARGET,SELL_TGT_6w,2.26,,Yes
WIT,2025-12-19,SELL_TGT_8w:3.0906,1.0,TARGET,SELL_TGT_8w,2.26,,Yes
WIT,2025-12-19,SELL_TGT_12w:3.0906,1.0,TARGET,SELL_TGT_12w,2.26,,Yes
WIT,2025-12-19,SELL_TGT_18w:3.0906,1.0,TARGET,SELL_TGT_18w,2.26,,Yes
WIT,2025-12-19,SELL_TGT_30w:3.0906,1.0,TARGET,SELL_TGT_30w,2.26,,Yes
SizePct
WIT,2025-12-20,Watch: Near 50-DEMA with MACD/ADX/Vol OK,45.0,WATCH,Near50,2.26,-,No,0.0
DOMO,2025-12-19,Stage: Mark-Down,85.0,WATCH,STAGE,,,No
DOMO,2025-12-19,SELL_TGT_6w:11.6285,34.75,TARGET,SELL_TGT_6w,7.81,,No
DOMO,2025-12-19,SELL_TGT_8w:11.6285,34.75,TARGET,SELL_TGT_8w,7.81,,No
DOMO,2025-12-19,SELL_TGT_12w:11.4609,32.8,TARGET,SELL_TGT_12w,7.81,,No
DOMO,2025-12-19,SELL_TGT_18w:11.4609,32.8,TARGET,SELL_TGT_18w,7.81,,No
DOMO,2025-12-19,SELL_TGT_30w:11.4609,32.8,TARGET,SELL_TGT_30w,7.81,,No
SizePct
DOMO,2025-12-20,MACD Bearish below zero,45.8,SELL,MACD Bearish below zero,7.81,-,No,2.29
ARKQ,2025-12-19,Stage: Mark-Up,85.0,WATCH,STAGE,,Cup and Handle,No
ARKQ,2025-12-19,SELL_TGT_6w:118.0993,1.0,TARGET,SELL_TGT_6w,2.61,Cup and Handle,No
ARKQ,2025-12-19,SELL_TGT_8w:118.0993,1.0,TARGET,SELL_TGT_8w,2.61,Cup and Handle,No
ARKQ,2025-12-19,SELL_TGT_12w:118.0993,1.0,TARGET,SELL_TGT_12w,2.61,Cup and Handle,No
ARKQ,2025-12-19,SELL_TGT_18w:118.0993,1.0,TARGET,SELL_TGT_18w,2.61,Cup and Handle,No
ARKQ,2025-12-19,SELL_TGT_30w:118.0993,1.0,TARGET,SELL_TGT_30w,2.61,Cup and Handle,No
SizePct
ARKQ,2025-12-20,Watch: Near 50-DEMA with MACD/ADX/Vol OK,45.0,WATCH,Near50,2.61,Cup and Handle,No,0.0
WAY,2025-12-19,Stage: Mark-Down,85.0,WATCH,STAGE,,,Yes
WAY,2025-12-19,SELL_TGT_6w:37.0843,12.92,TARGET,SELL_TGT_6w,4.1,,Yes
WAY,2025-12-19,SELL_TGT_8w:37.0843,12.92,TARGET,SELL_TGT_8w,4.1,,Yes
WAY,2025-12-19,SELL_TGT_12w:36.8005,12.06,TARGET,SELL_TGT_12w,4.1,,Yes
WAY,2025-12-19,SELL_TGT_18w:36.8005,12.06,TARGET,SELL_TGT_18w,4.1,,Yes
WAY,2025-12-19,SELL_TGT_30w:36.8005,12.06,TARGET,SELL_TGT_30w,4.1,,Yes
SizePct
WAY,2025-12-20,MACD Bearish below zero,50.0,SELL,MACD Bearish below zero,4.1,-,No,2.5
ESCA,2025-12-19,Stage: Accumulation,100.0,WATCH,STAGE,,Triple Bottom,No
ESCA,2025-12-19,SELL_TGT_6w:13.2915,3.92,TARGET,SELL_TGT_6w,2.89,Triple Bottom,No
ESCA,2025-12-19,SELL_TGT_8w:13.2915,3.92,TARGET,SELL_TGT_8w,2.89,Triple Bottom,No
ESCA,2025-12-19,SELL_TGT_12w:13.1991,3.2,TARGET,SELL_TGT_12w,2.89,Triple Bottom,No
ESCA,2025-12-19,SELL_TGT_18w:13.1991,3.2,TARGET,SELL_TGT_18w,2.89,Triple Bottom,No
ESCA,2025-12-19,SELL_TGT_30w:13.1991,3.2,TARGET,SELL_TGT_30w,2.89,Triple Bottom,No
ASTS,2025-12-19,Stage: Mark-Up,85.0,WATCH,STAGE,,Cup and Handle,No
ASTS,2025-12-19,SELL_TGT_6w:83.0223,9.47,TARGET,SELL_TGT_6w,10.02,Cup and Handle,No
ASTS,2025-12-19,SELL_TGT_8w:83.0223,9.47,TARGET,SELL_TGT_8w,10.02,Cup and Handle,No
ASTS,2025-12-19,SELL_TGT_12w:81.4039,7.34,TARGET,SELL_TGT_12w,10.02,Cup and Handle,No
ASTS,2025-12-19,SELL_TGT_18w:81.4039,7.34,TARGET,SELL_TGT_18w,10.02,Cup and Handle,No
ASTS,2025-12-19,SELL_TGT_30w:81.4039,7.34,TARGET,SELL_TGT_30w,10.02,Cup and Handle,No
SizePct
ASTS,2025-12-20,Overbought (>27% above 200 DEMA),37.5,SELL,Overbought (>27% above 200 DEMA),10.02,Cup and Handle,No,1.87
SizePct
ASTS,2025-12-20,Watch: Near 50-DEMA with MACD/ADX/Vol OK,45.0,WATCH,Near50,10.02,Cup and Handle,No,0.0
CRS,2025-12-19,Stage: Mark-Up,85.0,WATCH,STAGE,,Double Bottom,No
CRS,2025-12-19,SELL_TGT_6w:330.4215,1.0,TARGET,SELL_TGT_6w,3.94,Double Bottom,No
CRS,2025-12-19,SELL_TGT_8w:337.9927,3.31,TARGET,SELL_TGT_8w,3.94,Double Bottom,No
CRS,2025-12-19,SELL_TGT_12w:335.2479,2.48,TARGET,SELL_TGT_12w,3.94,Double Bottom,No
CRS,2025-12-19,SELL_TGT_18w:335.2479,2.48,TARGET,SELL_TGT_18w,3.94,Double Bottom,No
CRS,2025-12-19,SELL_TGT_30w:335.2479,2.48,TARGET,SELL_TGT_30w,3.94,Double Bottom,No
SizePct
CRS,2025-12-20,Overbought (>27% above 200 DEMA),47.6,SELL,Overbought (>27% above 200 DEMA),3.94,Double Bottom,No,2.38
SizePct
CRS,2025-12-20,Watch: Near 50-DEMA with MACD/ADX/Vol OK,45.0,WATCH,Near50,3.94,Double Bottom,No,0.0
QLYS,2025-12-19,Stage: Accumulation,100.0,WATCH,STAGE,,Double Bottom,Yes
QLYS,2025-12-19,SELL_TGT_6w:152.1935,6.61,TARGET,SELL_TGT_6w,3.12,Double Bottom,Yes
QLYS,2025-12-19,SELL_TGT_8w:152.1935,6.61,TARGET,SELL_TGT_8w,3.12,Double Bottom,Yes
QLYS,2025-12-19,SELL_TGT_12w:151.2425,5.94,TARGET,SELL_TGT_12w,3.12,Double Bottom,Yes
QLYS,2025-12-19,SELL_TGT_18w:151.2425,5.94,TARGET,SELL_TGT_18w,3.12,Double Bottom,Yes
QLYS,2025-12-19,SELL_TGT_30w:151.2425,5.94,TARGET,SELL_TGT_30w,3.12,Double Bottom,Yes
TSAT,2025-12-19,Stage: Mark-Up,65.0,WATCH,STAGE,,,No
TSAT,2025-12-19,SELL_TGT_6w:36.0752,27.11,TARGET,SELL_TGT_6w,8.45,,No
TSAT,2025-12-19,SELL_TGT_8w:36.0752,27.11,TARGET,SELL_TGT_8w,8.45,,No
TSAT,2025-12-19,SELL_TGT_12w:35.612,25.48,TARGET,SELL_TGT_12w,8.45,,No
TSAT,2025-12-19,SELL_TGT_18w:35.612,25.48,TARGET,SELL_TGT_18w,8.45,,No
TSAT,2025-12-19,SELL_TGT_30w:35.612,25.48,TARGET,SELL_TGT_30w,8.45,,No
RDNT,2025-12-19,Stage: Mark-Up,70.0,WATCH,STAGE,,,No
RDNT,2025-12-19,SELL_TGT_6w:84.7545,10.53,TARGET,SELL_TGT_6w,4.98,,No
RDNT,2025-12-19,SELL_TGT_8w:84.7545,10.53,TARGET,SELL_TGT_8w,4.98,,No
RDNT,2025-12-19,SELL_TGT_12w:84.0309,9.59,TARGET,SELL_TGT_12w,4.98,,No
RDNT,2025-12-19,SELL_TGT_18w:84.0309,9.59,TARGET,SELL_TGT_18w,4.98,,No
RDNT,2025-12-19,SELL_TGT_30w:84.0309,9.59,TARGET,SELL_TGT_30w,4.98,,No
SizePct
RDNT,2025-12-20,MACD Bearish below zero,50.0,SELL,MACD Bearish below zero,4.98,-,No,2.5
SizePct
RDNT,2025-12-20,Watch: Near 50-DEMA with MACD/ADX/Vol OK,45.0,WATCH,Near50,4.98,-,No,0.0
FFIV,2025-12-19,Stage: Accumulation,70.0,WATCH,STAGE,,Cup and Handle,No
FFIV,2025-12-19,SELL_TGT_6w:259.594,1.04,TARGET,SELL_TGT_6w,2.62,Cup and Handle,No
FFIV,2025-12-19,SELL_TGT_8w:259.594,1.04,TARGET,SELL_TGT_8w,2.62,Cup and Handle,No
FFIV,2025-12-19,SELL_TGT_12w:340.8734,32.68,TARGET,SELL_TGT_12w,2.62,Cup and Handle,No
FFIV,2025-12-19,SELL_TGT_18w:340.8734,32.68,TARGET,SELL_TGT_18w,2.62,Cup and Handle,No
FFIV,2025-12-19,SELL_TGT_30w:340.8734,32.68,TARGET,SELL_TGT_30w,2.62,Cup and Handle,No
VALU,2025-12-19,Stage: Accumulation,70.0,WATCH,STAGE,,Triple Bottom,Yes
VALU,2025-12-19,SELL_TGT_6w:39.7031,1.0,TARGET,SELL_TGT_6w,2.99,Triple Bottom,Yes
VALU,2025-12-19,SELL_TGT_8w:39.7031,1.0,TARGET,SELL_TGT_8w,2.99,Triple Bottom,Yes
VALU,2025-12-19,SELL_TGT_12w:39.7031,1.0,TARGET,SELL_TGT_12w,2.99,Triple Bottom,Yes
VALU,2025-12-19,SELL_TGT_18w:39.7031,1.0,TARGET,SELL_TGT_18w,2.99,Triple Bottom,Yes
VALU,2025-12-19,SELL_TGT_30w:39.7031,1.0,TARGET,SELL_TGT_30w,2.99,Triple Bottom,Yes
SizePct
VALU,2025-12-20,Watch: Near 50-DEMA with MACD/ADX/Vol OK,45.0,WATCH,Near50,2.99,Triple Bottom,No,0.0
MRCY,2025-12-19,Stage: Distribution,60.0,WATCH,STAGE,,,No
MRCY,2025-12-19,SELL_TGT_6w:76.5315,9.88,TARGET,SELL_TGT_6w,3.84,,No
MRCY,2025-12-19,SELL_TGT_8w:76.5315,9.88,TARGET,SELL_TGT_8w,3.84,,No
MRCY,2025-12-19,SELL_TGT_12w:75.8459,8.9,TARGET,SELL_TGT_12w,3.84,,No
MRCY,2025-12-19,SELL_TGT_18w:75.8459,8.9,TARGET,SELL_TGT_18w,3.84,,No
MRCY,2025-12-19,SELL_TGT_30w:75.8459,8.9,TARGET,SELL_TGT_30w,3.84,,No
SizePct
MRCY,2025-12-20,MACD Bearish below zero,50.0,SELL,MACD Bearish below zero,3.84,-,No,2.5
LTBR,2025-12-19,Stage: Accumulation,100.0,WATCH,STAGE,,,No
LTBR,2025-12-19,SELL_TGT_6w:17.214,22.96,TARGET,SELL_TGT_6w,8.66,,No
LTBR,2025-12-19,SELL_TGT_8w:17.214,22.96,TARGET,SELL_TGT_8w,8.66,,No
LTBR,2025-12-19,SELL_TGT_12w:16.7237,19.45,TARGET,SELL_TGT_12w,8.66,,No
LTBR,2025-12-19,SELL_TGT_18w:16.7237,19.45,TARGET,SELL_TGT_18w,8.66,,No
LTBR,2025-12-19,SELL_TGT_30w:16.7237,19.45,TARGET,SELL_TGT_30w,8.66,,No
SizePct
LTBR,2025-12-20,MACD Bearish below zero,44.5,SELL,MACD Bearish below zero,8.66,-,No,2.23
TRIP,2025-12-19,Stage: Accumulation,85.0,WATCH,STAGE,,,No
TRIP,2025-12-19,SELL_TGT_6w:15.4541,11.42,TARGET,SELL_TGT_6w,3.54,,No
TRIP,2025-12-19,SELL_TGT_8w:15.4541,11.42,TARGET,SELL_TGT_8w,3.54,,No
TRIP,2025-12-19,SELL_TGT_12w:15.2702,10.1,TARGET,SELL_TGT_12w,3.54,,No
TRIP,2025-12-19,SELL_TGT_18w:15.2702,10.1,TARGET,SELL_TGT_18w,3.54,,No
TRIP,2025-12-19,SELL_TGT_30w:15.2702,10.1,TARGET,SELL_TGT_30w,3.54,,No
SizePct
TRIP,2025-12-20,MACD Bearish below zero,50.0,SELL,MACD Bearish below zero,3.54,-,No,2.5
MSTR,2025-12-19,Stage: Accumulation,65.0,WATCH,STAGE,,,No
MSTR,2025-12-19,SELL_TGT_6w:192.2939,16.67,TARGET,SELL_TGT_6w,7.07,,No
MSTR,2025-12-19,SELL_TGT_8w:192.2939,16.67,TARGET,SELL_TGT_8w,7.07,,No
MSTR,2025-12-19,SELL_TGT_12w:188.2232,14.2,TARGET,SELL_TGT_12w,7.07,,No
MSTR,2025-12-19,SELL_TGT_18w:188.2232,14.2,TARGET,SELL_TGT_18w,7.07,,No
MSTR,2025-12-19,SELL_TGT_30w:188.2232,14.2,TARGET,SELL_TGT_30w,7.07,,No
SWX,2025-12-19,Stage: Mark-Up,85.0,WATCH,STAGE,,Triple Bottom,No
SWX,2025-12-19,SELL_TGT_6w:82.6396,2.49,TARGET,SELL_TGT_6w,2.13,Triple Bottom,No
SWX,2025-12-19,SELL_TGT_8w:82.6396,2.49,TARGET,SELL_TGT_8w,2.13,Triple Bottom,No
SWX,2025-12-19,SELL_TGT_12w:82.3261,2.1,TARGET,SELL_TGT_12w,2.13,Triple Bottom,No
SWX,2025-12-19,SELL_TGT_18w:82.3261,2.1,TARGET,SELL_TGT_18w,2.13,Triple Bottom,No
SWX,2025-12-19,SELL_TGT_30w:82.3261,2.1,TARGET,SELL_TGT_30w,2.13,Triple Bottom,No
SizePct
SWX,2025-12-20,Watch: Near 50-DEMA with MACD/ADX/Vol OK,45.0,WATCH,Near50,2.13,Triple Bottom,No,0.0
COMP,2025-12-19,Stage: Accumulation,65.0,WATCH,STAGE,,Double Bottom,No
COMP,2025-12-19,SELL_TGT_6w:10.8822,2.86,TARGET,SELL_TGT_6w,4.12,Double Bottom,No
COMP,2025-12-19,SELL_TGT_8w:10.8822,2.86,TARGET,SELL_TGT_8w,4.12,Double Bottom,No
COMP,2025-12-19,SELL_TGT_12w:10.7837,1.93,TARGET,SELL_TGT_12w,4.12,Double Bottom,No
COMP,2025-12-19,SELL_TGT_18w:10.7837,1.93,TARGET,SELL_TGT_18w,4.12,Double Bottom,No
COMP,2025-12-19,SELL_TGT_30w:10.7837,1.93,TARGET,SELL_TGT_30w,4.12,Double Bottom,No
SizePct
COMP,2025-12-20,Overbought (>27% above 200 DEMA),30.4,SELL,Overbought (>27% above 200 DEMA),4.12,Double Bottom,No,1.52
ALK,2025-12-19,Stage: Mark-Up,85.0,WATCH,STAGE,,Cup and Handle,No
ALK,2025-12-19,SELL_TGT_6w:53.1527,2.22,TARGET,SELL_TGT_6w,3.96,Cup and Handle,No
ALK,2025-12-19,SELL_TGT_8w:53.1527,2.22,TARGET,SELL_TGT_8w,3.96,Cup and Handle,No
ALK,2025-12-19,SELL_TGT_12w:52.6679,1.28,TARGET,SELL_TGT_12w,3.96,Cup and Handle,No
ALK,2025-12-19,SELL_TGT_18w:52.6679,1.28,TARGET,SELL_TGT_18w,3.96,Cup and Handle,No
ALK,2025-12-19,SELL_TGT_30w:52.6679,1.28,TARGET,SELL_TGT_30w,3.96,Cup and Handle,No
SizePct
ALK,2025-12-20,Watch: Near 50-DEMA with MACD/ADX/Vol OK,45.0,WATCH,Near50,3.96,Cup and Handle,No,0.0
SYK,2025-12-19,Stage: Accumulation,85.0,WATCH,STAGE,,,Yes
SYK,2025-12-19,SELL_TGT_6w:374.162,5.34,TARGET,SELL_TGT_6w,1.89,,Yes
SYK,2025-12-19,SELL_TGT_8w:374.162,5.34,TARGET,SELL_TGT_8w,1.89,,Yes
SYK,2025-12-19,SELL_TGT_12w:372.5234,4.88,TARGET,SELL_TGT_12w,1.89,,Yes
SYK,2025-12-19,SELL_TGT_18w:372.5234,4.88,TARGET,SELL_TGT_18w,1.89,,Yes
SYK,2025-12-19,SELL_TGT_30w:372.5234,4.88,TARGET,SELL_TGT_30w,1.89,,Yes
SizePct
SYK,2025-12-20,MACD Bearish below zero,50.0,SELL,MACD Bearish below zero,1.89,-,No,2.5
KOPN,2025-12-19,Stage: Accumulation,50.0,WATCH,STAGE,,,No
KOPN,2025-12-19,SELL_TGT_6w:2.7468,14.45,TARGET,SELL_TGT_6w,8.43,,No
KOPN,2025-12-19,SELL_TGT_8w:2.7468,14.45,TARGET,SELL_TGT_8w,8.43,,No
KOPN,2025-12-19,SELL_TGT_12w:2.6847,11.86,TARGET,SELL_TGT_12w,8.43,,No
KOPN,2025-12-19,SELL_TGT_18w:2.6847,11.86,TARGET,SELL_TGT_18w,8.43,,No
KOPN,2025-12-19,SELL_TGT_30w:2.6847,11.86,TARGET,SELL_TGT_30w,8.43,,No
SizePct
KOPN,2025-12-20,MACD Bearish below zero,44.8,SELL,MACD Bearish below zero,8.43,-,No,2.24
NFG,2025-12-19,Stage: Accumulation,100.0,WATCH,STAGE,,Triple Bottom,No
NFG,2025-12-19,SELL_TGT_6w:83.2957,2.78,TARGET,SELL_TGT_6w,1.62,Triple Bottom,No
NFG,2025-12-19,SELL_TGT_8w:83.2957,2.78,TARGET,SELL_TGT_8w,1.62,Triple Bottom,No
NFG,2025-12-19,SELL_TGT_12w:82.9262,2.33,TARGET,SELL_TGT_12w,1.62,Triple Bottom,No
NFG,2025-12-19,SELL_TGT_18w:82.9262,2.33,TARGET,SELL_TGT_18w,1.62,Triple Bottom,No
NFG,2025-12-19,SELL_TGT_30w:82.9262,2.33,TARGET,SELL_TGT_30w,1.62,Triple Bottom,No
ELMD,2025-12-19,Stage: Mark-Up,85.0,WATCH,STAGE,,,No
ELMD,2025-12-19,SELL_TGT_6w:29.5862,3.38,TARGET,SELL_TGT_6w,3.57,,No
ELMD,2025-12-19,SELL_TGT_8w:28.9062,1.0,TARGET,SELL_TGT_8w,3.57,,No
ELMD,2025-12-19,SELL_TGT_12w:28.9062,1.0,TARGET,SELL_TGT_12w,3.57,,No
ELMD,2025-12-19,SELL_TGT_18w:28.9062,1.0,TARGET,SELL_TGT_18w,3.57,,No
ELMD,2025-12-19,SELL_TGT_30w:28.9062,1.0,TARGET,SELL_TGT_30w,3.57,,No
SizePct
ELMD,2025-12-20,Watch: Near 50-DEMA with MACD/ADX/Vol OK,45.0,WATCH,Near50,3.57,-,No,0.0
PRDO,2025-12-19,Stage: Accumulation,85.0,WATCH,STAGE,,Double Bottom,No
PRDO,2025-12-19,SELL_TGT_6w:30.7652,4.93,TARGET,SELL_TGT_6w,2.63,Double Bottom,No
PRDO,2025-12-19,SELL_TGT_8w:31.4052,7.11,TARGET,SELL_TGT_8w,2.63,Double Bottom,No
PRDO,2025-12-19,SELL_TGT_12w:36.6287,24.93,TARGET,SELL_TGT_12w,2.63,Double Bottom,No
PRDO,2025-12-19,SELL_TGT_18w:36.6287,24.93,TARGET,SELL_TGT_18w,2.63,Double Bottom,No
PRDO,2025-12-19,SELL_TGT_30w:36.6287,24.93,TARGET,SELL_TGT_30w,2.63,Double Bottom,No
BKNG,2025-12-19,Stage: Mark-Up,85.0,WATCH,STAGE,,Ascending Triangle,No
BKNG,2025-12-19,SELL_TGT_6w:5447.6774,1.0,TARGET,SELL_TGT_6w,2.74,Ascending Triangle,No
BKNG,2025-12-19,SELL_TGT_8w:5447.6774,1.0,TARGET,SELL_TGT_8w,2.74,Ascending Triangle,No
BKNG,2025-12-19,SELL_TGT_12w:5447.6774,1.0,TARGET,SELL_TGT_12w,2.74,Ascending Triangle,No
BKNG,2025-12-19,SELL_TGT_18w:5447.6774,1.0,TARGET,SELL_TGT_18w,2.74,Ascending Triangle,No
BKNG,2025-12-19,SELL_TGT_30w:5447.6774,1.0,TARGET,SELL_TGT_30w,2.74,Ascending Triangle,No
SizePct
BKNG,2025-12-20,Watch: Near 50-DEMA with MACD/ADX/Vol OK,45.0,WATCH,Near50,2.74,Ascending Triangle,No,0.0
ADBE,2025-12-19,Stage: Accumulation,70.0,WATCH,STAGE,,Cup and Handle,Yes
ADBE,2025-12-19,SELL_TGT_6w:359.4758,1.02,TARGET,SELL_TGT_6w,3.02,Cup and Handle,Yes
ADBE,2025-12-19,SELL_TGT_8w:359.4758,1.02,TARGET,SELL_TGT_8w,3.02,Cup and Handle,Yes
ADBE,2025-12-19,SELL_TGT_12w:357.3196,0.41,TARGET,SELL_TGT_12w,3.02,Cup and Handle,Yes
ADBE,2025-12-19,SELL_TGT_18w:357.3196,0.41,TARGET,SELL_TGT_18w,3.02,Cup and Handle,Yes
ADBE,2025-12-19,SELL_TGT_30w:357.3196,0.41,TARGET,SELL_TGT_30w,3.02,Cup and Handle,Yes
CORZ,2025-12-19,Stage: Accumulation,65.0,WATCH,STAGE,,,Yes
CORZ,2025-12-19,SELL_TGT_6w:17.556,12.54,TARGET,SELL_TGT_6w,7.63,,Yes
CORZ,2025-12-19,SELL_TGT_8w:17.556,12.54,TARGET,SELL_TGT_8w,7.63,,Yes
CORZ,2025-12-19,SELL_TGT_12w:17.2734,10.73,TARGET,SELL_TGT_12w,7.63,,Yes
CORZ,2025-12-19,SELL_TGT_18w:17.2734,10.73,TARGET,SELL_TGT_18w,7.63,,Yes
CORZ,2025-12-19,SELL_TGT_30w:17.2734,10.73,TARGET,SELL_TGT_30w,7.63,,Yes
SizePct
CORZ,2025-12-20,MACD Bearish below zero,46.1,SELL,MACD Bearish below zero,7.63,-,No,2.3
RKLB,2025-12-19,Stage: Mark-Up,85.0,WATCH,STAGE,,Cup and Handle,No
RKLB,2025-12-19,SELL_TGT_6w:71.2252,1.0,TARGET,SELL_TGT_6w,7.4,Cup and Handle,No
RKLB,2025-12-19,SELL_TGT_8w:71.2252,1.0,TARGET,SELL_TGT_8w,7.4,Cup and Handle,No
RKLB,2025-12-19,SELL_TGT_12w:71.0104,0.7,TARGET,SELL_TGT_12w,7.4,Cup and Handle,No
RKLB,2025-12-19,SELL_TGT_18w:71.0104,0.7,TARGET,SELL_TGT_18w,7.4,Cup and Handle,No
RKLB,2025-12-19,SELL_TGT_30w:71.0104,0.7,TARGET,SELL_TGT_30w,7.4,Cup and Handle,No
SizePct
RKLB,2025-12-20,Overbought (>27% above 200 DEMA),41.4,SELL,Overbought (>27% above 200 DEMA),7.4,Cup and Handle,No,2.07
SizePct
RKLB,2025-12-20,Watch: Near 50-DEMA with MACD/ADX/Vol OK,45.0,WATCH,Near50,7.4,Cup and Handle,No,0.0
APPN,2025-12-19,Stage: Distribution,60.0,WATCH,STAGE,,Inverse Head and Shoulders,No
APPN,2025-12-19,SELL_TGT_6w:43.1826,17.22,TARGET,SELL_TGT_6w,4.64,Inverse Head and Shoulders,No
APPN,2025-12-19,SELL_TGT_8w:43.1826,17.22,TARGET,SELL_TGT_8w,4.64,Inverse Head and Shoulders,No
APPN,2025-12-19,SELL_TGT_12w:42.7843,16.14,TARGET,SELL_TGT_12w,4.64,Inverse Head and Shoulders,No
APPN,2025-12-19,SELL_TGT_18w:42.7843,16.14,TARGET,SELL_TGT_18w,4.64,Inverse Head and Shoulders,No
APPN,2025-12-19,SELL_TGT_30w:42.7843,16.14,TARGET,SELL_TGT_30w,4.64,Inverse Head and Shoulders,No
SizePct
APPN,2025-12-20,MACD Bearish below zero,50.0,SELL,MACD Bearish below zero,4.64,Inverse Head and Shoulders,No,2.5
SizePct
APPN,2025-12-20,Watch: Near 50-DEMA with MACD/ADX/Vol OK,45.0,WATCH,Near50,4.64,Inverse Head and Shoulders,No,0.0
OVLY,2025-12-19,Stage: Mark-Up,85.0,WATCH,STAGE,,Double Bottom,No
OVLY,2025-12-19,SELL_TGT_6w:31.0676,1.0,TARGET,SELL_TGT_6w,2.17,Double Bottom,No
OVLY,2025-12-19,SELL_TGT_8w:31.0676,1.0,TARGET,SELL_TGT_8w,2.17,Double Bottom,No
OVLY,2025-12-19,SELL_TGT_12w:31.0676,1.0,TARGET,SELL_TGT_12w,2.17,Double Bottom,No
OVLY,2025-12-19,SELL_TGT_18w:31.0676,1.0,TARGET,SELL_TGT_18w,2.17,Double Bottom,No
OVLY,2025-12-19,SELL_TGT_30w:31.0676,1.0,TARGET,SELL_TGT_30w,2.17,Double Bottom,No
SizePct
OVLY,2025-12-20,Watch: Near 50-DEMA with MACD/ADX/Vol OK,45.0,WATCH,Near50,2.17,Double Bottom,No,0.0
QS,2025-12-19,Stage: Accumulation,65.0,WATCH,STAGE,,,No
QS,2025-12-19,SELL_TGT_6w:12.6351,10.54,TARGET,SELL_TGT_6w,6.81,,No
QS,2025-12-19,SELL_TGT_8w:12.6351,10.54,TARGET,SELL_TGT_8w,6.81,,No
QS,2025-12-19,SELL_TGT_12w:12.3252,7.83,TARGET,SELL_TGT_12w,6.81,,No
QS,2025-12-19,SELL_TGT_18w:12.3252,7.83,TARGET,SELL_TGT_18w,6.81,,No
QS,2025-12-19,SELL_TGT_30w:12.3252,7.83,TARGET,SELL_TGT_30w,6.81,,No
SizePct
QS,2025-12-20,MACD Bearish below zero,47.3,SELL,MACD Bearish below zero,6.81,-,No,2.36
PAY,2025-12-19,Stage: Mark-Down,85.0,WATCH,STAGE,,,Yes
PAY,2025-12-19,SELL_TGT_6w:36.3989,20.93,TARGET,SELL_TGT_6w,4.26,,Yes
PAY,2025-12-19,SELL_TGT_8w:36.3989,20.93,TARGET,SELL_TGT_8w,4.26,,Yes
PAY,2025-12-19,SELL_TGT_12w:36.0248,19.68,TARGET,SELL_TGT_12w,4.26,,Yes
PAY,2025-12-19,SELL_TGT_18w:36.0248,19.68,TARGET,SELL_TGT_18w,4.26,,Yes
PAY,2025-12-19,SELL_TGT_30w:36.0248,19.68,TARGET,SELL_TGT_30w,4.26,,Yes
SizePct
PAY,2025-12-20,MACD Bearish below zero,50.0,SELL,MACD Bearish below zero,4.26,-,No,2.5
HOV,2025-12-19,Stage: Mark-Down,85.0,WATCH,STAGE,,,No
HOV,2025-12-19,SELL_TGT_6w:133.6234,29.68,TARGET,SELL_TGT_6w,6.95,,No
HOV,2025-12-19,SELL_TGT_8w:133.6234,29.68,TARGET,SELL_TGT_8w,6.95,,No
HOV,2025-12-19,SELL_TGT_12w:132.1457,28.25,TARGET,SELL_TGT_12w,6.95,,No
HOV,2025-12-19,SELL_TGT_18w:132.1457,28.25,TARGET,SELL_TGT_18w,6.95,,No
HOV,2025-12-19,SELL_TGT_30w:132.1457,28.25,TARGET,SELL_TGT_30w,6.95,,No
SizePct
HOV,2025-12-20,MACD Bearish below zero,47.1,SELL,MACD Bearish below zero,6.95,-,No,2.35
ESPO,2025-12-19,Stage: Accumulation,85.0,WATCH,STAGE,,Triple Bottom,No
ESPO,2025-12-19,SELL_TGT_6w:110.378,4.66,TARGET,SELL_TGT_6w,0.84,Triple Bottom,No
ESPO,2025-12-19,SELL_TGT_8w:110.378,4.66,TARGET,SELL_TGT_8w,0.84,Triple Bottom,No
ESPO,2025-12-19,SELL_TGT_12w:110.0234,4.33,TARGET,SELL_TGT_12w,0.84,Triple Bottom,No
ESPO,2025-12-19,SELL_TGT_18w:110.0234,4.33,TARGET,SELL_TGT_18w,0.84,Triple Bottom,No
ESPO,2025-12-19,SELL_TGT_30w:110.0234,4.33,TARGET,SELL_TGT_30w,0.84,Triple Bottom,No
SizePct
ESPO,2025-12-20,MACD Bearish below zero,50.0,SELL,MACD Bearish below zero,0.84,Triple Bottom,No,2.5
RR,2025-12-19,Stage: Accumulation,50.0,WATCH,STAGE,,,No
RR,2025-12-19,SELL_TGT_6w:4.6215,30.55,TARGET,SELL_TGT_6w,13.87,,No
RR,2025-12-19,SELL_TGT_8w:4.6215,30.55,TARGET,SELL_TGT_8w,13.87,,No
RR,2025-12-19,SELL_TGT_12w:4.4824,26.62,TARGET,SELL_TGT_12w,13.87,,No
RR,2025-12-19,SELL_TGT_18w:4.4824,26.62,TARGET,SELL_TGT_18w,13.87,,No
RR,2025-12-19,SELL_TGT_30w:4.4824,26.62,TARGET,SELL_TGT_30w,13.87,,No
SizePct
RR,2025-12-20,MACD Bearish below zero,36.7,SELL,MACD Bearish below zero,13.87,-,No,1.83
INFY,2025-12-19,Stage: Mark-Up,85.0,WATCH,STAGE,,Triple Bottom,Yes
INFY,2025-12-19,SELL_TGT_6w:20.4222,1.0,TARGET,SELL_TGT_6w,5.72,Triple Bottom,Yes
INFY,2025-12-19,SELL_TGT_8w:20.4222,1.0,TARGET,SELL_TGT_8w,5.72,Triple Bottom,Yes
INFY,2025-12-19,SELL_TGT_12w:20.4222,1.0,TARGET,SELL_TGT_12w,5.72,Triple Bottom,Yes
INFY,2025-12-19,SELL_TGT_18w:20.4222,1.0,TARGET,SELL_TGT_18w,5.72,Triple Bottom,Yes
INFY,2025-12-19,SELL_TGT_30w:20.4222,1.0,TARGET,SELL_TGT_30w,5.72,Triple Bottom,Yes
SizePct
INFY,2025-12-20,Watch: Near 50-DEMA with MACD/ADX/Vol OK,45.0,WATCH,Near50,5.72,Triple Bottom,No,0.0
SAMG,2025-12-19,Stage: Accumulation,70.0,WATCH,STAGE,,Double Bottom,Yes
SAMG,2025-12-19,SELL_TGT_6w:15.0681,0.59,TARGET,SELL_TGT_6w,3.36,Double Bottom,Yes
SAMG,2025-12-19,SELL_TGT_8w:15.0681,0.59,TARGET,SELL_TGT_8w,3.36,Double Bottom,Yes
SAMG,2025-12-19,SELL_TGT_12w:15.1202,0.94,TARGET,SELL_TGT_12w,3.36,Double Bottom,Yes
SAMG,2025-12-19,SELL_TGT_18w:16.3402,9.08,TARGET,SELL_TGT_18w,3.36,Double Bottom,Yes
SAMG,2025-12-19,SELL_TGT_30w:16.3402,9.08,TARGET,SELL_TGT_30w,3.36,Double Bottom,Yes
M,2025-12-19,Stage: Mark-Up,85.0,WATCH,STAGE,,,No
M,2025-12-19,SELL_TGT_6w:24.1588,1.38,TARGET,SELL_TGT_6w,3.92,,No
M,2025-12-19,SELL_TGT_8w:24.1588,1.38,TARGET,SELL_TGT_8w,3.92,,No
M,2025-12-19,SELL_TGT_12w:23.9913,0.68,TARGET,SELL_TGT_12w,3.92,,No
M,2025-12-19,SELL_TGT_18w:23.9913,0.68,TARGET,SELL_TGT_18w,3.92,,No
M,2025-12-19,SELL_TGT_30w:23.9913,0.68,TARGET,SELL_TGT_30w,3.92,,No
SizePct
M,2025-12-20,Overbought (>27% above 200 DEMA),30.0,SELL,Overbought (>27% above 200 DEMA),3.92,-,No,1.5
SizePct
M,2025-12-20,Watch: Near 50-DEMA with MACD/ADX/Vol OK,45.0,WATCH,Near50,3.92,-,No,0.0
GLD,2025-12-19,Stage: Mark-Up,85.0,WATCH,STAGE,,Double Bottom,No
GLD,2025-12-19,SELL_TGT_6w:403.0102,1.0,TARGET,SELL_TGT_6w,1.21,Double Bottom,No
GLD,2025-12-19,SELL_TGT_8w:403.0102,1.0,TARGET,SELL_TGT_8w,1.21,Double Bottom,No
GLD,2025-12-19,SELL_TGT_12w:403.0102,1.0,TARGET,SELL_TGT_12w,1.21,Double Bottom,No
GLD,2025-12-19,SELL_TGT_18w:403.0102,1.0,TARGET,SELL_TGT_18w,1.21,Double Bottom,No
GLD,2025-12-19,SELL_TGT_30w:403.0102,1.0,TARGET,SELL_TGT_30w,1.21,Double Bottom,No
SizePct
GLD,2025-12-20,Watch: Near 50-DEMA with MACD/ADX/Vol OK,45.0,WATCH,Near50,1.21,Double Bottom,No,0.0
META,2025-12-19,Stage: Accumulation,85.0,WATCH,STAGE,,,No
META,2025-12-19,SELL_TGT_6w:669.9716,1.7,TARGET,SELL_TGT_6w,2.36,,No
META,2025-12-19,SELL_TGT_8w:669.9716,1.7,TARGET,SELL_TGT_8w,2.36,,No
META,2025-12-19,SELL_TGT_12w:665.4793,1.02,TARGET,SELL_TGT_12w,2.36,,No
META,2025-12-19,SELL_TGT_18w:665.4793,1.02,TARGET,SELL_TGT_18w,2.36,,No
META,2025-12-19,SELL_TGT_30w:665.4793,1.02,TARGET,SELL_TGT_30w,2.36,,No
ISRG,2025-12-19,Stage: Mark-Up,85.0,WATCH,STAGE,,,No
ISRG,2025-12-19,SELL_TGT_6w:577.4856,0.88,TARGET,SELL_TGT_6w,2.03,,No
ISRG,2025-12-19,SELL_TGT_8w:577.4856,0.88,TARGET,SELL_TGT_8w,2.03,,No
ISRG,2025-12-19,SELL_TGT_12w:574.1961,0.3,TARGET,SELL_TGT_12w,2.03,,No
ISRG,2025-12-19,SELL_TGT_18w:574.1961,0.3,TARGET,SELL_TGT_18w,2.03,,No
ISRG,2025-12-19,SELL_TGT_30w:574.1961,0.3,TARGET,SELL_TGT_30w,2.03,,No
SizePct
ISRG,2025-12-20,Watch: Near 50-DEMA with MACD/ADX/Vol OK,45.0,WATCH,Near50,2.03,-,No,0.0
WSBF,2025-12-19,Stage: Mark-Up,85.0,WATCH,STAGE,,,No
WSBF,2025-12-19,SELL_TGT_6w:16.9328,1.39,TARGET,SELL_TGT_6w,2.15,,No
WSBF,2025-12-19,SELL_TGT_8w:16.867,1.0,TARGET,SELL_TGT_8w,2.15,,No
WSBF,2025-12-19,SELL_TGT_12w:16.867,1.0,TARGET,SELL_TGT_12w,2.15,,No
WSBF,2025-12-19,SELL_TGT_18w:16.867,1.0,TARGET,SELL_TGT_18w,2.15,,No
WSBF,2025-12-19,SELL_TGT_30w:16.867,1.0,TARGET,SELL_TGT_30w,2.15,,No
SizePct
WSBF,2025-12-20,Watch: Near 50-DEMA with MACD/ADX/Vol OK,45.0,WATCH,Near50,2.15,-,No,0.0
CRC,2025-12-19,Stage: Mark-Down,85.0,WATCH,STAGE,,Double Bottom,Yes
CRC,2025-12-19,SELL_TGT_6w:48.3712,10.94,TARGET,SELL_TGT_6w,3.18,Double Bottom,Yes
CRC,2025-12-19,SELL_TGT_8w:48.3712,10.94,TARGET,SELL_TGT_8w,3.18,Double Bottom,Yes
CRC,2025-12-19,SELL_TGT_12w:48.012,10.12,TARGET,SELL_TGT_12w,3.18,Double Bottom,Yes
CRC,2025-12-19,SELL_TGT_18w:48.012,10.12,TARGET,SELL_TGT_18w,3.18,Double Bottom,Yes
CRC,2025-12-19,SELL_TGT_30w:48.012,10.12,TARGET,SELL_TGT_30w,3.18,Double Bottom,Yes
SizePct
CRC,2025-12-20,MACD Bearish below zero,50.0,SELL,MACD Bearish below zero,3.18,Double Bottom,No,2.5
DLX,2025-12-19,Stage: Mark-Up,85.0,WATCH,STAGE,,Cup and Handle,No
DLX,2025-12-19,SELL_TGT_6w:22.6543,1.0,TARGET,SELL_TGT_6w,2.63,Cup and Handle,No
DLX,2025-12-19,SELL_TGT_8w:22.6543,1.0,TARGET,SELL_TGT_8w,2.63,Cup and Handle,No
DLX,2025-12-19,SELL_TGT_12w:22.6543,1.0,TARGET,SELL_TGT_12w,2.63,Cup and Handle,No
DLX,2025-12-19,SELL_TGT_18w:22.6543,1.0,TARGET,SELL_TGT_18w,2.63,Cup and Handle,No
DLX,2025-12-19,SELL_TGT_30w:22.6543,1.0,TARGET,SELL_TGT_30w,2.63,Cup and Handle,No
SizePct
DLX,2025-12-20,Watch: Near 50-DEMA with MACD/ADX/Vol OK,45.0,WATCH,Near50,2.63,Cup and Handle,No,0.0
GOTU,2025-12-19,Stage: Accumulation,65.0,WATCH,STAGE,,Triple Bottom,Yes
GOTU,2025-12-19,SELL_TGT_6w:2.5202,6.79,TARGET,SELL_TGT_6w,2.96,Triple Bottom,Yes
GOTU,2025-12-19,SELL_TGT_8w:2.5202,6.79,TARGET,SELL_TGT_8w,2.96,Triple Bottom,Yes
GOTU,2025-12-19,SELL_TGT_12w:2.4936,5.66,TARGET,SELL_TGT_12w,2.96,Triple Bottom,Yes
GOTU,2025-12-19,SELL_TGT_18w:2.4936,5.66,TARGET,SELL_TGT_18w,2.96,Triple Bottom,Yes
GOTU,2025-12-19,SELL_TGT_30w:2.4936,5.66,TARGET,SELL_TGT_30w,2.96,Triple Bottom,Yes
NTNX,2025-12-19,Stage: Mark-Down,65.0,WATCH,STAGE,,Triple Bottom,No
NTNX,2025-12-19,SELL_TGT_6w:65.07,24.42,TARGET,SELL_TGT_6w,2.97,Triple Bottom,No
NTNX,2025-12-19,SELL_TGT_8w:71.7,37.09,TARGET,SELL_TGT_8w,2.97,Triple Bottom,No
NTNX,2025-12-19,SELL_TGT_12w:71.14,36.02,TARGET,SELL_TGT_12w,2.97,Triple Bottom,No
NTNX,2025-12-19,SELL_TGT_18w:71.14,36.02,TARGET,SELL_TGT_18w,2.97,Triple Bottom,No
NTNX,2025-12-19,SELL_TGT_30w:71.14,36.02,TARGET,SELL_TGT_30w,2.97,Triple Bottom,No
PYPL,2025-12-19,Stage: Mark-Down,65.0,WATCH,STAGE,,Triple Bottom,Yes
PYPL,2025-12-19,SELL_TGT_6w:63.1748,5.63,TARGET,SELL_TGT_6w,2.85,Triple Bottom,Yes
PYPL,2025-12-19,SELL_TGT_8w:63.1748,5.63,TARGET,SELL_TGT_8w,2.85,Triple Bottom,Yes
PYPL,2025-12-19,SELL_TGT_12w:62.6713,4.78,TARGET,SELL_TGT_12w,2.85,Triple Bottom,Yes
PYPL,2025-12-19,SELL_TGT_18w:62.6713,4.78,TARGET,SELL_TGT_18w,2.85,Triple Bottom,Yes
PYPL,2025-12-19,SELL_TGT_30w:62.6713,4.78,TARGET,SELL_TGT_30w,2.85,Triple Bottom,Yes
BITB,2025-12-19,Stage: Accumulation,65.0,WATCH,STAGE,,,Yes
BITB,2025-12-19,SELL_TGT_6w:50.6938,6.05,TARGET,SELL_TGT_6w,4.47,,Yes
BITB,2025-12-19,SELL_TGT_8w:50.6938,6.05,TARGET,SELL_TGT_8w,4.47,,Yes
BITB,2025-12-19,SELL_TGT_12w:50.183,4.99,TARGET,SELL_TGT_12w,4.47,,Yes
BITB,2025-12-19,SELL_TGT_18w:50.183,4.99,TARGET,SELL_TGT_18w,4.47,,Yes
BITB,2025-12-19,SELL_TGT_30w:50.183,4.99,TARGET,SELL_TGT_30w,4.47,,Yes
YALA,2025-12-19,Stage: Accumulation,100.0,WATCH,STAGE,,Triple Bottom,No
YALA,2025-12-19,SELL_TGT_6w:7.2164,2.36,TARGET,SELL_TGT_6w,2.38,Triple Bottom,No
YALA,2025-12-19,SELL_TGT_8w:7.2164,2.36,TARGET,SELL_TGT_8w,2.38,Triple Bottom,No
YALA,2025-12-19,SELL_TGT_12w:7.1673,1.66,TARGET,SELL_TGT_12w,2.38,Triple Bottom,No
YALA,2025-12-19,SELL_TGT_18w:7.1673,1.66,TARGET,SELL_TGT_18w,2.38,Triple Bottom,No
YALA,2025-12-19,SELL_TGT_30w:7.1673,1.66,TARGET,SELL_TGT_30w,2.38,Triple Bottom,No
SizePct
YALA,2025-12-20,Watch: Near 50-DEMA with MACD/ADX/Vol OK,45.0,WATCH,Near50,2.38,Triple Bottom,No,0.0
TTMI,2025-12-19,Stage: Mark-Up,85.0,WATCH,STAGE,,,No
TTMI,2025-12-19,SELL_TGT_6w:79.1546,12.47,TARGET,SELL_TGT_6w,6.8,,No
TTMI,2025-12-19,SELL_TGT_8w:79.1546,12.47,TARGET,SELL_TGT_8w,6.8,,No
TTMI,2025-12-19,SELL_TGT_12w:78.2043,11.12,TARGET,SELL_TGT_12w,6.8,,No
TTMI,2025-12-19,SELL_TGT_18w:78.2043,11.12,TARGET,SELL_TGT_18w,6.8,,No
TTMI,2025-12-19,SELL_TGT_30w:78.2043,11.12,TARGET,SELL_TGT_30w,6.8,,No
SizePct
TTMI,2025-12-20,Overbought (>27% above 200 DEMA),27.3,SELL,Overbought (>27% above 200 DEMA),6.8,-,No,1.36
SizePct
TTMI,2025-12-20,Watch: Near 50-DEMA with MACD/ADX/Vol OK,45.0,WATCH,Near50,6.8,-,No,0.0
USCB,2025-12-19,Stage: Mark-Up,85.0,WATCH,STAGE,,,No
USCB,2025-12-19,SELL_TGT_6w:19.8206,3.5,TARGET,SELL_TGT_6w,3.38,,No
USCB,2025-12-19,SELL_TGT_8w:19.8206,3.5,TARGET,SELL_TGT_8w,3.38,,No
USCB,2025-12-19,SELL_TGT_12w:19.7211,2.98,TARGET,SELL_TGT_12w,3.38,,No
USCB,2025-12-19,SELL_TGT_18w:19.7211,2.98,TARGET,SELL_TGT_18w,3.38,,No
USCB,2025-12-19,SELL_TGT_30w:19.7211,2.98,TARGET,SELL_TGT_30w,3.38,,No
SizePct
USCB,2025-12-20,Watch: Near 50-DEMA with MACD/ADX/Vol OK,45.0,WATCH,Near50,3.38,-,No,0.0
CDNS,2025-12-19,Stage: Accumulation,85.0,WATCH,STAGE,,Double Bottom,No
CDNS,2025-12-19,SELL_TGT_6w:337.8914,7.3,TARGET,SELL_TGT_6w,2.74,Double Bottom,No
CDNS,2025-12-19,SELL_TGT_8w:337.8914,7.3,TARGET,SELL_TGT_8w,2.74,Double Bottom,No
CDNS,2025-12-19,SELL_TGT_12w:335.6123,6.57,TARGET,SELL_TGT_12w,2.74,Double Bottom,No
CDNS,2025-12-19,SELL_TGT_18w:335.6123,6.57,TARGET,SELL_TGT_18w,2.74,Double Bottom,No
CDNS,2025-12-19,SELL_TGT_30w:335.6123,6.57,TARGET,SELL_TGT_30w,2.74,Double Bottom,No
SizePct
CDNS,2025-12-20,MACD Bearish below zero,50.0,SELL,MACD Bearish below zero,2.74,Double Bottom,No,2.5
BAH,2025-12-19,Stage: Mark-Down,65.0,WATCH,STAGE,,Ascending Triangle,Yes
BAH,2025-12-19,SELL_TGT_6w:94.3032,10.61,TARGET,SELL_TGT_6w,3.64,Ascending Triangle,Yes
BAH,2025-12-19,SELL_TGT_8w:94.3032,10.61,TARGET,SELL_TGT_8w,3.64,Ascending Triangle,Yes
BAH,2025-12-19,SELL_TGT_12w:93.612,9.8,TARGET,SELL_TGT_12w,3.64,Ascending Triangle,Yes
BAH,2025-12-19,SELL_TGT_18w:93.612,9.8,TARGET,SELL_TGT_18w,3.64,Ascending Triangle,Yes
BAH,2025-12-19,SELL_TGT_30w:93.612,9.8,TARGET,SELL_TGT_30w,3.64,Ascending Triangle,Yes
EMR,2025-12-19,Stage: Accumulation,100.0,WATCH,STAGE,,Double Bottom,No
EMR,2025-12-19,SELL_TGT_6w:139.6665,5.03,TARGET,SELL_TGT_6w,2.22,Double Bottom,No
EMR,2025-12-19,SELL_TGT_8w:139.6665,5.03,TARGET,SELL_TGT_8w,2.22,Double Bottom,No
EMR,2025-12-19,SELL_TGT_12w:138.8775,4.43,TARGET,SELL_TGT_12w,2.22,Double Bottom,No
EMR,2025-12-19,SELL_TGT_18w:138.8775,4.43,TARGET,SELL_TGT_18w,2.22,Double Bottom,No
EMR,2025-12-19,SELL_TGT_30w:138.8775,4.43,TARGET,SELL_TGT_30w,2.22,Double Bottom,No
MDT,2025-12-19,Stage: Mark-Up,85.0,WATCH,STAGE,,,No
MDT,2025-12-19,SELL_TGT_6w:105.679,7.15,TARGET,SELL_TGT_6w,1.48,,No
MDT,2025-12-19,SELL_TGT_8w:105.679,7.15,TARGET,SELL_TGT_8w,1.48,,No
MDT,2025-12-19,SELL_TGT_12w:105.245,6.71,TARGET,SELL_TGT_12w,1.48,,No
MDT,2025-12-19,SELL_TGT_18w:105.245,6.71,TARGET,SELL_TGT_18w,1.48,,No
MDT,2025-12-19,SELL_TGT_30w:105.245,6.71,TARGET,SELL_TGT_30w,1.48,,No
SizePct
MDT,2025-12-20,Watch: Near 50-DEMA with MACD/ADX/Vol OK,45.0,WATCH,Near50,1.48,-,No,0.0
RBCAA,2025-12-19,Stage: Mark-Up,85.0,WATCH,STAGE,,,No
RBCAA,2025-12-19,SELL_TGT_6w:73.6966,1.86,TARGET,SELL_TGT_6w,2.92,,No
RBCAA,2025-12-19,SELL_TGT_8w:73.6966,1.86,TARGET,SELL_TGT_8w,2.92,,No
RBCAA,2025-12-19,SELL_TGT_12w:73.3077,1.32,TARGET,SELL_TGT_12w,2.92,,No
RBCAA,2025-12-19,SELL_TGT_18w:76.5177,5.76,TARGET,SELL_TGT_18w,2.92,,No
RBCAA,2025-12-19,SELL_TGT_30w:76.5177,5.76,TARGET,SELL_TGT_30w,2.92,,No
SizePct
RBCAA,2025-12-20,Watch: Near 50-DEMA with MACD/ADX/Vol OK,45.0,WATCH,Near50,2.92,-,No,0.0
ORCL,2025-12-19,Stage: Mark-Down,85.0,WATCH,STAGE,,,No
ORCL,2025-12-19,SELL_TGT_6w:220.6829,14.96,TARGET,SELL_TGT_6w,5.55,,No
ORCL,2025-12-19,SELL_TGT_8w:220.6829,14.96,TARGET,SELL_TGT_8w,5.55,,No
ORCL,2025-12-19,SELL_TGT_12w:217.5914,13.35,TARGET,SELL_TGT_12w,5.55,,No
ORCL,2025-12-19,SELL_TGT_18w:217.5914,13.35,TARGET,SELL_TGT_18w,5.55,,No
ORCL,2025-12-19,SELL_TGT_30w:217.5914,13.35,TARGET,SELL_TGT_30w,5.55,,No
SizePct
ORCL,2025-12-20,MACD Bearish below zero,49.2,SELL,MACD Bearish below zero,5.55,-,No,2.46
RIOT,2025-12-19,Stage: Accumulation,100.0,WATCH,STAGE,,Double Bottom,No
RIOT,2025-12-19,SELL_TGT_6w:15.7357,8.52,TARGET,SELL_TGT_6w,7.03,Double Bottom,No
RIOT,2025-12-19,SELL_TGT_8w:15.7357,8.52,TARGET,SELL_TGT_8w,7.03,Double Bottom,No
RIOT,2025-12-19,SELL_TGT_12w:15.3795,6.07,TARGET,SELL_TGT_12w,7.03,Double Bottom,No
RIOT,2025-12-19,SELL_TGT_18w:15.3795,6.07,TARGET,SELL_TGT_18w,7.03,Double Bottom,No
RIOT,2025-12-19,SELL_TGT_30w:15.3795,6.07,TARGET,SELL_TGT_30w,7.03,Double Bottom,No
SizePct
RIOT,2025-12-20,MACD Bearish below zero,47.0,SELL,MACD Bearish below zero,7.03,Double Bottom,No,2.35
GRAB,2025-12-19,Stage: Accumulation,85.0,WATCH,STAGE,,Double Bottom,Yes
GRAB,2025-12-19,SELL_TGT_6w:5.365,8.82,TARGET,SELL_TGT_6w,2.84,Double Bottom,Yes
GRAB,2025-12-19,SELL_TGT_8w:6.155,24.85,TARGET,SELL_TGT_8w,2.84,Double Bottom,Yes
GRAB,2025-12-19,SELL_TGT_12w:6.0984,23.7,TARGET,SELL_TGT_12w,2.84,Double Bottom,Yes
GRAB,2025-12-19,SELL_TGT_18w:6.0984,23.7,TARGET,SELL_TGT_18w,2.84,Double Bottom,Yes
GRAB,2025-12-19,SELL_TGT_30w:6.0984,23.7,TARGET,SELL_TGT_30w,2.84,Double Bottom,Yes
SizePct
GRAB,2025-12-20,MACD Bearish below zero,50.0,SELL,MACD Bearish below zero,2.84,Double Bottom,No,2.5
SATS,2025-12-19,Stage: Mark-Up,85.0,WATCH,STAGE,,Ascending Triangle,No
SATS,2025-12-19,SELL_TGT_6w:106.1269,2.13,TARGET,SELL_TGT_6w,6.39,Ascending Triangle,No
SATS,2025-12-19,SELL_TGT_8w:104.9491,1.0,TARGET,SELL_TGT_8w,6.39,Ascending Triangle,No
SATS,2025-12-19,SELL_TGT_12w:104.9491,1.0,TARGET,SELL_TGT_12w,6.39,Ascending Triangle,No
SATS,2025-12-19,SELL_TGT_18w:104.9491,1.0,TARGET,SELL_TGT_18w,6.39,Ascending Triangle,No
SATS,2025-12-19,SELL_TGT_30w:104.9491,1.0,TARGET,SELL_TGT_30w,6.39,Ascending Triangle,No
SizePct
SATS,2025-12-20,Overbought (>27% above 200 DEMA),42.9,SELL,Overbought (>27% above 200 DEMA),6.39,Ascending Triangle,No,2.15
SizePct
SATS,2025-12-20,Watch: Near 50-DEMA with MACD/ADX/Vol OK,45.0,WATCH,Near50,6.39,Ascending Triangle,No,0.0
SYM,2025-12-19,Stage: Distribution,60.0,WATCH,STAGE,,Double Bottom,No
SYM,2025-12-19,SELL_TGT_6w:85.5564,45.01,TARGET,SELL_TGT_6w,10.57,Double Bottom,No
SYM,2025-12-19,SELL_TGT_8w:85.5564,45.01,TARGET,SELL_TGT_8w,10.57,Double Bottom,No
SYM,2025-12-19,SELL_TGT_12w:84.0073,42.39,TARGET,SELL_TGT_12w,10.57,Double Bottom,No
SYM,2025-12-19,SELL_TGT_18w:84.0073,42.39,TARGET,SELL_TGT_18w,10.57,Double Bottom,No
SYM,2025-12-19,SELL_TGT_30w:84.0073,42.39,TARGET,SELL_TGT_30w,10.57,Double Bottom,No
SizePct
SYM,2025-12-20,MACD Bearish below zero,39.9,SELL,MACD Bearish below zero,10.57,Double Bottom,No,1.99
PINS,2025-12-19,Stage: Accumulation,65.0,WATCH,STAGE,,,Yes
PINS,2025-12-19,SELL_TGT_6w:27.5334,5.57,TARGET,SELL_TGT_6w,3.03,,Yes
PINS,2025-12-19,SELL_TGT_8w:27.5334,5.57,TARGET,SELL_TGT_8w,3.03,,Yes
PINS,2025-12-19,SELL_TGT_12w:27.2489,4.48,TARGET,SELL_TGT_12w,3.03,,Yes
PINS,2025-12-19,SELL_TGT_18w:27.2489,4.48,TARGET,SELL_TGT_18w,3.03,,Yes
PINS,2025-12-19,SELL_TGT_30w:27.2489,4.48,TARGET,SELL_TGT_30w,3.03,,Yes
HRMY,2025-12-19,Stage: Mark-Up,65.0,WATCH,STAGE,,Ascending Triangle,No
HRMY,2025-12-19,SELL_TGT_6w:40.0475,5.92,TARGET,SELL_TGT_6w,3.6,Ascending Triangle,No
HRMY,2025-12-19,SELL_TGT_8w:40.0475,5.92,TARGET,SELL_TGT_8w,3.6,Ascending Triangle,No
HRMY,2025-12-19,SELL_TGT_12w:39.7391,5.1,TARGET,SELL_TGT_12w,3.6,Ascending Triangle,No
HRMY,2025-12-19,SELL_TGT_18w:38.1881,1.0,TARGET,SELL_TGT_18w,3.6,Ascending Triangle,No
HRMY,2025-12-19,SELL_TGT_30w:38.1881,1.0,TARGET,SELL_TGT_30w,3.6,Ascending Triangle,No
LI,2025-12-19,Stage: Mark-Down,65.0,WATCH,STAGE,,Double Bottom,Yes
LI,2025-12-19,SELL_TGT_6w:19.5177,14.81,TARGET,SELL_TGT_6w,2.93,Double Bottom,Yes
LI,2025-12-19,SELL_TGT_8w:20.5977,21.16,TARGET,SELL_TGT_8w,2.93,Double Bottom,Yes
LI,2025-12-19,SELL_TGT_12w:24.3795,43.41,TARGET,SELL_TGT_12w,2.93,Double Bottom,Yes
LI,2025-12-19,SELL_TGT_18w:26.6795,56.94,TARGET,SELL_TGT_18w,2.93,Double Bottom,Yes
LI,2025-12-19,SELL_TGT_30w:26.6795,56.94,TARGET,SELL_TGT_30w,2.93,Double Bottom,Yes
CIFR,2025-12-19,Stage: Accumulation,50.0,WATCH,STAGE,,,No
CIFR,2025-12-19,SELL_TGT_6w:19.9946,23.35,TARGET,SELL_TGT_6w,10.98,,No
CIFR,2025-12-19,SELL_TGT_8w:19.9946,23.35,TARGET,SELL_TGT_8w,10.98,,No
CIFR,2025-12-19,SELL_TGT_12w:19.4977,20.28,TARGET,SELL_TGT_12w,10.98,,No
CIFR,2025-12-19,SELL_TGT_18w:19.4977,20.28,TARGET,SELL_TGT_18w,10.98,,No
CIFR,2025-12-19,SELL_TGT_30w:19.4977,20.28,TARGET,SELL_TGT_30w,10.98,,No
SizePct
CIFR,2025-12-20,Overbought (>27% above 200 DEMA),21.0,SELL,Overbought (>27% above 200 DEMA),10.98,-,No,1.05
SizePct
CIFR,2025-12-20,MACD Bearish below zero,21.0,SELL,MACD Bearish below zero,10.98,-,No,1.05
CNXN,2025-12-19,Stage: Accumulation,70.0,WATCH,STAGE,,Triple Bottom,Yes
CNXN,2025-12-19,SELL_TGT_6w:61.1863,2.85,TARGET,SELL_TGT_6w,2.27,Triple Bottom,Yes
CNXN,2025-12-19,SELL_TGT_8w:61.1863,2.85,TARGET,SELL_TGT_8w,2.27,Triple Bottom,Yes
CNXN,2025-12-19,SELL_TGT_12w:60.8771,2.33,TARGET,SELL_TGT_12w,2.27,Triple Bottom,Yes
CNXN,2025-12-19,SELL_TGT_18w:60.8771,2.33,TARGET,SELL_TGT_18w,2.27,Triple Bottom,Yes
CNXN,2025-12-19,SELL_TGT_30w:60.8771,2.33,TARGET,SELL_TGT_30w,2.27,Triple Bottom,Yes
CRUS,2025-12-19,Stage: Accumulation,50.0,WATCH,STAGE,,Double Bottom,No
CRUS,2025-12-19,SELL_TGT_6w:125.8016,3.85,TARGET,SELL_TGT_6w,2.73,Double Bottom,No
CRUS,2025-12-19,SELL_TGT_8w:125.8016,3.85,TARGET,SELL_TGT_8w,2.73,Double Bottom,No
CRUS,2025-12-19,SELL_TGT_12w:124.9961,3.18,TARGET,SELL_TGT_12w,2.73,Double Bottom,No
CRUS,2025-12-19,SELL_TGT_18w:124.9961,3.18,TARGET,SELL_TGT_18w,2.73,Double Bottom,No
CRUS,2025-12-19,SELL_TGT_30w:124.9961,3.18,TARGET,SELL_TGT_30w,2.73,Double Bottom,No
SizePct
CRUS,2025-12-20,MACD Bearish below zero,50.0,SELL,MACD Bearish below zero,2.73,Double Bottom,No,2.5
SizePct
CRUS,2025-12-20,Watch: Near 50-DEMA with MACD/ADX/Vol OK,45.0,WATCH,Near50,2.73,Double Bottom,No,0.0
PAYO,2025-12-19,Stage: Accumulation,100.0,WATCH,STAGE,,Double Bottom,Yes
PAYO,2025-12-19,SELL_TGT_6w:5.8026,0.04,TARGET,SELL_TGT_6w,3.04,Double Bottom,Yes
PAYO,2025-12-19,SELL_TGT_8w:5.8026,0.04,TARGET,SELL_TGT_8w,3.04,Double Bottom,Yes
PAYO,2025-12-19,SELL_TGT_12w:5.858,1.0,TARGET,SELL_TGT_12w,3.04,Double Bottom,Yes
PAYO,2025-12-19,SELL_TGT_18w:5.858,1.0,TARGET,SELL_TGT_18w,3.04,Double Bottom,Yes
PAYO,2025-12-19,SELL_TGT_30w:5.858,1.0,TARGET,SELL_TGT_30w,3.04,Double Bottom,Yes
NATH,2025-12-19,Stage: Accumulation,85.0,WATCH,STAGE,,Double Bottom,No
NATH,2025-12-19,SELL_TGT_6w:96.2662,0.32,TARGET,SELL_TGT_6w,3.39,Double Bottom,No
NATH,2025-12-19,SELL_TGT_8w:96.2662,0.32,TARGET,SELL_TGT_8w,3.39,Double Bottom,No
NATH,2025-12-19,SELL_TGT_12w:96.9196,1.0,TARGET,SELL_TGT_12w,3.39,Double Bottom,No
NATH,2025-12-19,SELL_TGT_18w:96.9196,1.0,TARGET,SELL_TGT_18w,3.39,Double Bottom,No
NATH,2025-12-19,SELL_TGT_30w:96.9196,1.0,TARGET,SELL_TGT_30w,3.39,Double Bottom,No
ALRM,2025-12-19,Stage: Accumulation,85.0,WATCH,STAGE,,Triple Bottom,Yes
ALRM,2025-12-19,SELL_TGT_6w:53.5662,1.72,TARGET,SELL_TGT_6w,1.85,Triple Bottom,Yes
ALRM,2025-12-19,SELL_TGT_8w:53.5662,1.72,TARGET,SELL_TGT_8w,1.85,Triple Bottom,Yes
ALRM,2025-12-19,SELL_TGT_12w:53.2904,1.2,TARGET,SELL_TGT_12w,1.85,Triple Bottom,Yes
ALRM,2025-12-19,SELL_TGT_18w:53.2904,1.2,TARGET,SELL_TGT_18w,1.85,Triple Bottom,Yes
ALRM,2025-12-19,SELL_TGT_30w:53.2904,1.2,TARGET,SELL_TGT_30w,1.85,Triple Bottom,Yes
ALGN,2025-12-19,Stage: Accumulation,85.0,WATCH,STAGE,,,Yes
ALGN,2025-12-19,SELL_TGT_6w:163.768,3.85,TARGET,SELL_TGT_6w,2.83,,Yes
ALGN,2025-12-19,SELL_TGT_8w:159.2669,1.0,TARGET,SELL_TGT_8w,2.83,,Yes
ALGN,2025-12-19,SELL_TGT_12w:159.2669,1.0,TARGET,SELL_TGT_12w,2.83,,Yes
ALGN,2025-12-19,SELL_TGT_18w:159.2669,1.0,TARGET,SELL_TGT_18w,2.83,,Yes
ALGN,2025-12-19,SELL_TGT_30w:159.2669,1.0,TARGET,SELL_TGT_30w,2.83,,Yes
RZV,2025-12-19,Stage: Accumulation,65.0,WATCH,STAGE,,Triple Bottom,No
RZV,2025-12-19,SELL_TGT_6w:123.3817,2.14,TARGET,SELL_TGT_6w,0.97,Triple Bottom,No
RZV,2025-12-19,SELL_TGT_8w:123.3817,2.14,TARGET,SELL_TGT_8w,0.97,Triple Bottom,No
RZV,2025-12-19,SELL_TGT_12w:122.8895,1.73,TARGET,SELL_TGT_12w,0.97,Triple Bottom,No
RZV,2025-12-19,SELL_TGT_18w:122.8895,1.73,TARGET,SELL_TGT_18w,0.97,Triple Bottom,No
RZV,2025-12-19,SELL_TGT_30w:122.8895,1.73,TARGET,SELL_TGT_30w,0.97,Triple Bottom,No
SizePct
RZV,2025-12-20,Watch: Near 50-DEMA with MACD/ADX/Vol OK,45.0,WATCH,Near50,0.97,Triple Bottom,No,0.0
BCO,2025-12-19,Stage: Mark-Up,85.0,WATCH,STAGE,,,No
BCO,2025-12-19,SELL_TGT_6w:121.6003,2.23,TARGET,SELL_TGT_6w,2.57,,No
BCO,2025-12-19,SELL_TGT_8w:121.6003,2.23,TARGET,SELL_TGT_8w,2.57,,No
BCO,2025-12-19,SELL_TGT_12w:121.0005,1.72,TARGET,SELL_TGT_12w,2.57,,No
BCO,2025-12-19,SELL_TGT_18w:121.0005,1.72,TARGET,SELL_TGT_18w,2.57,,No
BCO,2025-12-19,SELL_TGT_30w:121.0005,1.72,TARGET,SELL_TGT_30w,2.57,,No
SizePct
BCO,2025-12-20,Watch: Near 50-DEMA with MACD/ADX/Vol OK,45.0,WATCH,Near50,2.57,-,No,0.0
WAB,2025-12-19,Stage: Mark-Up,85.0,WATCH,STAGE,,Triple Bottom,No
WAB,2025-12-19,SELL_TGT_6w:219.4626,1.54,TARGET,SELL_TGT_6w,2.06,Triple Bottom,No
WAB,2025-12-19,SELL_TGT_8w:219.4626,1.54,TARGET,SELL_TGT_8w,2.06,Triple Bottom,No
WAB,2025-12-19,SELL_TGT_12w:218.5111,1.1,TARGET,SELL_TGT_12w,2.06,Triple Bottom,No
WAB,2025-12-19,SELL_TGT_18w:218.5111,1.1,TARGET,SELL_TGT_18w,2.06,Triple Bottom,No
WAB,2025-12-19,SELL_TGT_30w:218.5111,1.1,TARGET,SELL_TGT_30w,2.06,Triple Bottom,No
SizePct
WAB,2025-12-20,Watch: Near 50-DEMA with MACD/ADX/Vol OK,45.0,WATCH,Near50,2.06,Triple Bottom,No,0.0
CQQQ,2025-12-19,Stage: Accumulation,65.0,WATCH,STAGE,,Double Bottom,No
CQQQ,2025-12-19,SELL_TGT_6w:53.0577,1.8,TARGET,SELL_TGT_6w,1.58,Double Bottom,No
CQQQ,2025-12-19,SELL_TGT_8w:53.0577,1.8,TARGET,SELL_TGT_8w,1.58,Double Bottom,No
CQQQ,2025-12-19,SELL_TGT_12w:52.7629,1.23,TARGET,SELL_TGT_12w,1.58,Double Bottom,No
CQQQ,2025-12-19,SELL_TGT_18w:52.7629,1.23,TARGET,SELL_TGT_18w,1.58,Double Bottom,No
CQQQ,2025-12-19,SELL_TGT_30w:52.7629,1.23,TARGET,SELL_TGT_30w,1.58,Double Bottom,No
OPEN,2025-12-19,Stage: Distribution,60.0,WATCH,STAGE,,,No
OPEN,2025-12-19,SELL_TGT_6w:7.5064,18.03,TARGET,SELL_TGT_6w,8.24,,No
OPEN,2025-12-19,SELL_TGT_8w:7.5064,18.03,TARGET,SELL_TGT_8w,8.24,,No
OPEN,2025-12-19,SELL_TGT_12w:7.3306,15.26,TARGET,SELL_TGT_12w,8.24,,No
OPEN,2025-12-19,SELL_TGT_18w:7.3306,15.26,TARGET,SELL_TGT_18w,8.24,,No
OPEN,2025-12-19,SELL_TGT_30w:7.3306,15.26,TARGET,SELL_TGT_30w,8.24,,No
SizePct
OPEN,2025-12-20,Overbought (>27% above 200 DEMA),25.1,SELL,Overbought (>27% above 200 DEMA),8.24,-,No,1.26
SizePct
OPEN,2025-12-20,MACD Bearish below zero,25.1,SELL,MACD Bearish below zero,8.24,-,No,1.26
MO,2025-12-19,Stage: Accumulation,85.0,WATCH,STAGE,,Triple Bottom,No
MO,2025-12-19,SELL_TGT_6w:58.9038,1.44,TARGET,SELL_TGT_6w,1.3,Triple Bottom,No
MO,2025-12-19,SELL_TGT_8w:58.9038,1.44,TARGET,SELL_TGT_8w,1.3,Triple Bottom,No
MO,2025-12-19,SELL_TGT_12w:58.6596,1.02,TARGET,SELL_TGT_12w,1.3,Triple Bottom,No
MO,2025-12-19,SELL_TGT_18w:58.6596,1.02,TARGET,SELL_TGT_18w,1.3,Triple Bottom,No
MO,2025-12-19,SELL_TGT_30w:58.6596,1.02,TARGET,SELL_TGT_30w,1.3,Triple Bottom,No
GCBC,2025-12-19,Stage: Mark-Up,85.0,WATCH,STAGE,,Ascending Triangle,No
GCBC,2025-12-19,SELL_TGT_6w:24.3718,0.01,TARGET,SELL_TGT_6w,3.59,Ascending Triangle,No
GCBC,2025-12-19,SELL_TGT_8w:24.3718,0.01,TARGET,SELL_TGT_8w,3.59,Ascending Triangle,No
GCBC,2025-12-19,SELL_TGT_12w:24.6137,1.0,TARGET,SELL_TGT_12w,3.59,Ascending Triangle,No
GCBC,2025-12-19,SELL_TGT_18w:24.6137,1.0,TARGET,SELL_TGT_18w,3.59,Ascending Triangle,No
GCBC,2025-12-19,SELL_TGT_30w:24.6137,1.0,TARGET,SELL_TGT_30w,3.59,Ascending Triangle,No
SizePct
GCBC,2025-12-20,Watch: Near 50-DEMA with MACD/ADX/Vol OK,45.0,WATCH,Near50,3.59,Ascending Triangle,No,0.0
PEB,2025-12-19,Stage: Accumulation,85.0,WATCH,STAGE,,Double Bottom,No
PEB,2025-12-19,SELL_TGT_6w:11.5829,0.63,TARGET,SELL_TGT_6w,2.89,Double Bottom,No
PEB,2025-12-19,SELL_TGT_8w:11.5829,0.63,TARGET,SELL_TGT_8w,2.89,Double Bottom,No
PEB,2025-12-19,SELL_TGT_12w:11.6253,1.0,TARGET,SELL_TGT_12w,2.89,Double Bottom,No
PEB,2025-12-19,SELL_TGT_18w:11.6253,1.0,TARGET,SELL_TGT_18w,2.89,Double Bottom,No
PEB,2025-12-19,SELL_TGT_30w:11.6253,1.0,TARGET,SELL_TGT_30w,2.89,Double Bottom,No
SizePct
PEB,2025-12-20,Watch: Near 50-DEMA with MACD/ADX/Vol OK,45.0,WATCH,Near50,2.89,Double Bottom,No,0.0
FSLR,2025-12-19,Stage: Mark-Up,85.0,WATCH,STAGE,,Triple Bottom,No
FSLR,2025-12-19,SELL_TGT_6w:270.17,1.19,TARGET,SELL_TGT_6w,4.14,Triple Bottom,No
FSLR,2025-12-19,SELL_TGT_8w:270.17,1.19,TARGET,SELL_TGT_8w,4.14,Triple Bottom,No
FSLR,2025-12-19,SELL_TGT_12w:267.75,0.29,TARGET,SELL_TGT_12w,4.14,Triple Bottom,No
FSLR,2025-12-19,SELL_TGT_18w:267.75,0.29,TARGET,SELL_TGT_18w,4.14,Triple Bottom,No
FSLR,2025-12-19,SELL_TGT_30w:267.75,0.29,TARGET,SELL_TGT_30w,4.14,Triple Bottom,No
SizePct
FSLR,2025-12-20,Watch: Near 50-DEMA with MACD/ADX/Vol OK,45.0,WATCH,Near50,4.14,Triple Bottom,No,0.0
STCE,2025-12-19,Stage: Accumulation,85.0,WATCH,STAGE,,Double Bottom,No
STCE,2025-12-19,SELL_TGT_6w:74.5646,14.1,TARGET,SELL_TGT_6w,6.33,Double Bottom,No
STCE,2025-12-19,SELL_TGT_8w:74.5646,14.1,TARGET,SELL_TGT_8w,6.33,Double Bottom,No
STCE,2025-12-19,SELL_TGT_12w:73.1411,11.92,TARGET,SELL_TGT_12w,6.33,Double Bottom,No
STCE,2025-12-19,SELL_TGT_18w:73.1411,11.92,TARGET,SELL_TGT_18w,6.33,Double Bottom,No
STCE,2025-12-19,SELL_TGT_30w:73.1411,11.92,TARGET,SELL_TGT_30w,6.33,Double Bottom,No
SizePct
STCE,2025-12-20,MACD Bearish below zero,50.4,SELL,MACD Bearish below zero,6.33,Double Bottom,No,2.52
MASI,2025-12-19,Stage: Accumulation,85.0,WATCH,STAGE,,Double Bottom,Yes
MASI,2025-12-19,SELL_TGT_6w:149.6453,11.64,TARGET,SELL_TGT_6w,3.6,Double Bottom,Yes
MASI,2025-12-19,SELL_TGT_8w:156.2453,16.57,TARGET,SELL_TGT_8w,3.6,Double Bottom,Yes
MASI,2025-12-19,SELL_TGT_12w:155.2621,15.83,TARGET,SELL_TGT_12w,3.6,Double Bottom,Yes
MASI,2025-12-19,SELL_TGT_18w:155.2621,15.83,TARGET,SELL_TGT_18w,3.6,Double Bottom,Yes
MASI,2025-12-19,SELL_TGT_30w:155.2621,15.83,TARGET,SELL_TGT_30w,3.6,Double Bottom,Yes
SizePct
MASI,2025-12-20,MACD Bearish below zero,50.0,SELL,MACD Bearish below zero,3.6,Double Bottom,No,2.5
ADSK,2025-12-19,Stage: Accumulation,100.0,WATCH,STAGE,,Triple Bottom,No
ADSK,2025-12-19,SELL_TGT_6w:317.8391,5.92,TARGET,SELL_TGT_6w,2.08,Triple Bottom,No
ADSK,2025-12-19,SELL_TGT_8w:317.8391,5.92,TARGET,SELL_TGT_8w,2.08,Triple Bottom,No
ADSK,2025-12-19,SELL_TGT_12w:316.3986,5.44,TARGET,SELL_TGT_12w,2.08,Triple Bottom,No
ADSK,2025-12-19,SELL_TGT_18w:316.3986,5.44,TARGET,SELL_TGT_18w,2.08,Triple Bottom,No
ADSK,2025-12-19,SELL_TGT_30w:316.3986,5.44,TARGET,SELL_TGT_30w,2.08,Triple Bottom,No
SizePct
ADSK,2025-12-20,MACD Bearish below zero,50.0,SELL,MACD Bearish below zero,2.08,Triple Bottom,No,2.5
SizePct
ADSK,2025-12-20,Watch: Near 50-DEMA with MACD/ADX/Vol OK,45.0,WATCH,Near50,2.08,Triple Bottom,No,0.0
FTNT,2025-12-19,Stage: Accumulation,100.0,WATCH,STAGE,,Double Bottom,Yes
FTNT,2025-12-19,SELL_TGT_6w:86.3399,7.6,TARGET,SELL_TGT_6w,2.64,Double Bottom,Yes
FTNT,2025-12-19,SELL_TGT_8w:86.3399,7.6,TARGET,SELL_TGT_8w,2.64,Double Bottom,Yes
FTNT,2025-12-19,SELL_TGT_12w:85.8264,6.96,TARGET,SELL_TGT_12w,2.64,Double Bottom,Yes
FTNT,2025-12-19,SELL_TGT_18w:85.8264,6.96,TARGET,SELL_TGT_18w,2.64,Double Bottom,Yes
FTNT,2025-12-19,SELL_TGT_30w:85.8264,6.96,TARGET,SELL_TGT_30w,2.64,Double Bottom,Yes
SizePct
FTNT,2025-12-20,MACD Bearish below zero,50.0,SELL,MACD Bearish below zero,2.64,Double Bottom,No,2.5
KBH,2025-12-19,Stage: Accumulation,70.0,WATCH,STAGE,,,Yes
KBH,2025-12-19,SELL_TGT_6w:65.5618,14.24,TARGET,SELL_TGT_6w,3.74,,Yes
KBH,2025-12-19,SELL_TGT_8w:65.5618,14.24,TARGET,SELL_TGT_8w,3.74,,Yes
KBH,2025-12-19,SELL_TGT_12w:65.0896,13.42,TARGET,SELL_TGT_12w,3.74,,Yes
KBH,2025-12-19,SELL_TGT_18w:65.0896,13.42,TARGET,SELL_TGT_18w,3.74,,Yes
KBH,2025-12-19,SELL_TGT_30w:65.0896,13.42,TARGET,SELL_TGT_30w,3.74,,Yes
SizePct
KBH,2025-12-20,MACD Bearish below zero,50.0,SELL,MACD Bearish below zero,3.74,-,No,2.5
IJT,2025-12-19,Stage: Accumulation,85.0,WATCH,STAGE,,Triple Bottom,No
IJT,2025-12-19,SELL_TGT_6w:147.173,2.15,TARGET,SELL_TGT_6w,1.3,Triple Bottom,No
IJT,2025-12-19,SELL_TGT_8w:147.173,2.15,TARGET,SELL_TGT_8w,1.3,Triple Bottom,No
IJT,2025-12-19,SELL_TGT_12w:146.655,1.79,TARGET,SELL_TGT_12w,1.3,Triple Bottom,No
IJT,2025-12-19,SELL_TGT_18w:146.655,1.79,TARGET,SELL_TGT_18w,1.3,Triple Bottom,No
IJT,2025-12-19,SELL_TGT_30w:146.655,1.79,TARGET,SELL_TGT_30w,1.3,Triple Bottom,No
IPGP,2025-12-19,Stage: Accumulation,85.0,WATCH,STAGE,,,No
IPGP,2025-12-19,SELL_TGT_6w:84.7346,11.7,TARGET,SELL_TGT_6w,3.74,,No
IPGP,2025-12-19,SELL_TGT_8w:84.7346,11.7,TARGET,SELL_TGT_8w,3.74,,No
IPGP,2025-12-19,SELL_TGT_12w:84.0243,10.76,TARGET,SELL_TGT_12w,3.74,,No
IPGP,2025-12-19,SELL_TGT_18w:84.0243,10.76,TARGET,SELL_TGT_18w,3.74,,No
IPGP,2025-12-19,SELL_TGT_30w:84.0243,10.76,TARGET,SELL_TGT_30w,3.74,,No
SizePct
IPGP,2025-12-20,MACD Bearish below zero,50.0,SELL,MACD Bearish below zero,3.74,-,No,2.5
ASGN,2025-12-19,Stage: Accumulation,85.0,WATCH,STAGE,,Double Bottom,Yes
ASGN,2025-12-19,SELL_TGT_6w:49.288,1.0,TARGET,SELL_TGT_6w,2.31,Double Bottom,Yes
ASGN,2025-12-19,SELL_TGT_8w:49.288,1.0,TARGET,SELL_TGT_8w,2.31,Double Bottom,Yes
ASGN,2025-12-19,SELL_TGT_12w:49.288,1.0,TARGET,SELL_TGT_12w,2.31,Double Bottom,Yes
ASGN,2025-12-19,SELL_TGT_18w:49.288,1.0,TARGET,SELL_TGT_18w,2.31,Double Bottom,Yes
ASGN,2025-12-19,SELL_TGT_30w:49.288,1.0,TARGET,SELL_TGT_30w,2.31,Double Bottom,Yes
MOV,2025-12-19,Stage: Accumulation,65.0,WATCH,STAGE,,,Yes
MOV,2025-12-19,SELL_TGT_6w:21.2794,1.04,TARGET,SELL_TGT_6w,2.77,,Yes
MOV,2025-12-19,SELL_TGT_8w:21.2794,1.04,TARGET,SELL_TGT_8w,2.77,,Yes
MOV,2025-12-19,SELL_TGT_12w:21.2706,1.0,TARGET,SELL_TGT_12w,2.77,,Yes
MOV,2025-12-19,SELL_TGT_18w:21.2706,1.0,TARGET,SELL_TGT_18w,2.77,,Yes
MOV,2025-12-19,SELL_TGT_30w:21.2706,1.0,TARGET,SELL_TGT_30w,2.77,,Yes
IBIT,2025-12-19,Stage: Accumulation,65.0,WATCH,STAGE,,,Yes
IBIT,2025-12-19,SELL_TGT_6w:52.9158,6.02,TARGET,SELL_TGT_6w,4.5,,Yes
IBIT,2025-12-19,SELL_TGT_8w:52.9158,6.02,TARGET,SELL_TGT_8w,4.5,,Yes
IBIT,2025-12-19,SELL_TGT_12w:52.3796,4.95,TARGET,SELL_TGT_12w,4.5,,Yes
IBIT,2025-12-19,SELL_TGT_18w:52.3796,4.95,TARGET,SELL_TGT_18w,4.5,,Yes
IBIT,2025-12-19,SELL_TGT_30w:52.3796,4.95,TARGET,SELL_TGT_30w,4.5,,Yes
SERV,2025-12-19,Stage: Accumulation,85.0,WATCH,STAGE,,,Yes
SERV,2025-12-19,SELL_TGT_6w:13.6799,33.33,TARGET,SELL_TGT_6w,11.07,,Yes
SERV,2025-12-19,SELL_TGT_8w:13.6799,33.33,TARGET,SELL_TGT_8w,11.07,,Yes
SERV,2025-12-19,SELL_TGT_12w:13.3731,30.34,TARGET,SELL_TGT_12w,11.07,,Yes
SERV,2025-12-19,SELL_TGT_18w:13.3731,30.34,TARGET,SELL_TGT_18w,11.07,,Yes
SERV,2025-12-19,SELL_TGT_30w:13.3731,30.34,TARGET,SELL_TGT_30w,11.07,,Yes
SizePct
SERV,2025-12-20,MACD Bearish below zero,40.9,SELL,MACD Bearish below zero,11.07,-,No,2.04
CCK,2025-12-19,Stage: Mark-Up,85.0,WATCH,STAGE,,Cup and Handle,No
CCK,2025-12-19,SELL_TGT_6w:103.0099,1.0,TARGET,SELL_TGT_6w,2.13,Cup and Handle,No
CCK,2025-12-19,SELL_TGT_8w:103.0099,1.0,TARGET,SELL_TGT_8w,2.13,Cup and Handle,No
CCK,2025-12-19,SELL_TGT_12w:103.0099,1.0,TARGET,SELL_TGT_12w,2.13,Cup and Handle,No
CCK,2025-12-19,SELL_TGT_18w:103.0099,1.0,TARGET,SELL_TGT_18w,2.13,Cup and Handle,No
CCK,2025-12-19,SELL_TGT_30w:103.0099,1.0,TARGET,SELL_TGT_30w,2.13,Cup and Handle,No
SizePct
CCK,2025-12-20,Watch: Near 50-DEMA with MACD/ADX/Vol OK,45.0,WATCH,Near50,2.13,Cup and Handle,No,0.0
JBL,2025-12-19,Stage: Mark-Up,85.0,WATCH,STAGE,,Cup and Handle,No
JBL,2025-12-19,SELL_TGT_6w:231.3361,2.08,TARGET,SELL_TGT_6w,4.51,Cup and Handle,No
JBL,2025-12-19,SELL_TGT_8w:231.3361,2.08,TARGET,SELL_TGT_8w,4.51,Cup and Handle,No
JBL,2025-12-19,SELL_TGT_12w:229.3468,1.2,TARGET,SELL_TGT_12w,4.51,Cup and Handle,No
JBL,2025-12-19,SELL_TGT_18w:229.3468,1.2,TARGET,SELL_TGT_18w,4.51,Cup and Handle,No
JBL,2025-12-19,SELL_TGT_30w:229.3468,1.2,TARGET,SELL_TGT_30w,4.51,Cup and Handle,No
SizePct
JBL,2025-12-20,Watch: Near 50-DEMA with MACD/ADX/Vol OK,45.0,WATCH,Near50,4.51,Cup and Handle,No,0.0
CXM,2025-12-19,Stage: Accumulation,70.0,WATCH,STAGE,,Cup and Handle,No
CXM,2025-12-19,SELL_TGT_6w:8.1465,3.91,TARGET,SELL_TGT_6w,3.4,Cup and Handle,No
CXM,2025-12-19,SELL_TGT_8w:8.1465,3.91,TARGET,SELL_TGT_8w,3.4,Cup and Handle,No
CXM,2025-12-19,SELL_TGT_12w:8.1041,3.37,TARGET,SELL_TGT_12w,3.4,Cup and Handle,No
CXM,2025-12-19,SELL_TGT_18w:8.1041,3.37,TARGET,SELL_TGT_18w,3.4,Cup and Handle,No
CXM,2025-12-19,SELL_TGT_30w:8.1041,3.37,TARGET,SELL_TGT_30w,3.4,Cup and Handle,No
AVAH,2025-12-19,Stage: Mark-Up,85.0,WATCH,STAGE,,,No
AVAH,2025-12-19,SELL_TGT_6w:9.4245,3.68,TARGET,SELL_TGT_6w,3.4,,No
AVAH,2025-12-19,SELL_TGT_8w:9.4245,3.68,TARGET,SELL_TGT_8w,3.4,,No
AVAH,2025-12-19,SELL_TGT_12w:9.3341,2.69,TARGET,SELL_TGT_12w,3.4,,No
AVAH,2025-12-19,SELL_TGT_18w:9.3341,2.69,TARGET,SELL_TGT_18w,3.4,,No
AVAH,2025-12-19,SELL_TGT_30w:9.3341,2.69,TARGET,SELL_TGT_30w,3.4,,No
SizePct
AVAH,2025-12-20,Overbought (>27% above 200 DEMA),33.6,SELL,Overbought (>27% above 200 DEMA),3.4,-,No,1.68
SizePct
AVAH,2025-12-20,Watch: Near 50-DEMA with MACD/ADX/Vol OK,45.0,WATCH,Near50,3.4,-,No,0.0
OSPN,2025-12-19,Stage: Mark-Down,65.0,WATCH,STAGE,,Triple Bottom,No
OSPN,2025-12-19,SELL_TGT_6w:13.3151,4.19,TARGET,SELL_TGT_6w,3.3,Triple Bottom,No
OSPN,2025-12-19,SELL_TGT_8w:13.3151,4.19,TARGET,SELL_TGT_8w,3.3,Triple Bottom,No
OSPN,2025-12-19,SELL_TGT_12w:13.1852,3.17,TARGET,SELL_TGT_12w,3.3,Triple Bottom,No
OSPN,2025-12-19,SELL_TGT_18w:13.1852,3.17,TARGET,SELL_TGT_18w,3.3,Triple Bottom,No
OSPN,2025-12-19,SELL_TGT_30w:13.1852,3.17,TARGET,SELL_TGT_30w,3.3,Triple Bottom,No
AXP,2025-12-19,Stage: Mark-Up,85.0,WATCH,STAGE,,Cup and Handle,No
AXP,2025-12-19,SELL_TGT_6w:384.6015,2.15,TARGET,SELL_TGT_6w,2.07,Cup and Handle,No
AXP,2025-12-19,SELL_TGT_8w:384.6015,2.15,TARGET,SELL_TGT_8w,2.07,Cup and Handle,No
AXP,2025-12-19,SELL_TGT_12w:382.6759,1.64,TARGET,SELL_TGT_12w,2.07,Cup and Handle,No
AXP,2025-12-19,SELL_TGT_18w:382.6759,1.64,TARGET,SELL_TGT_18w,2.07,Cup and Handle,No
AXP,2025-12-19,SELL_TGT_30w:382.6759,1.64,TARGET,SELL_TGT_30w,2.07,Cup and Handle,No
SizePct
AXP,2025-12-20,Watch: Near 50-DEMA with MACD/ADX/Vol OK,45.0,WATCH,Near50,2.07,Cup and Handle,No,0.0
URA,2025-12-19,Stage: Accumulation,65.0,WATCH,STAGE,,,No
URA,2025-12-19,SELL_TGT_6w:48.608,5.92,TARGET,SELL_TGT_6w,4.45,,No
URA,2025-12-19,SELL_TGT_8w:48.608,5.92,TARGET,SELL_TGT_8w,4.45,,No
URA,2025-12-19,SELL_TGT_12w:47.98,4.55,TARGET,SELL_TGT_12w,4.45,,No
URA,2025-12-19,SELL_TGT_18w:47.98,4.55,TARGET,SELL_TGT_18w,4.45,,No
URA,2025-12-19,SELL_TGT_30w:47.98,4.55,TARGET,SELL_TGT_30w,4.45,,No
SizePct
URA,2025-12-20,MACD Bearish below zero,50.0,SELL,MACD Bearish below zero,4.45,-,No,2.5
ZM,2025-12-19,Stage: Mark-Up,85.0,WATCH,STAGE,,Double Bottom,No
ZM,2025-12-19,SELL_TGT_6w:90.6251,0.9,TARGET,SELL_TGT_6w,2.43,Double Bottom,No
ZM,2025-12-19,SELL_TGT_8w:90.6251,0.9,TARGET,SELL_TGT_8w,2.43,Double Bottom,No
ZM,2025-12-19,SELL_TGT_12w:90.0886,0.3,TARGET,SELL_TGT_12w,2.43,Double Bottom,No
ZM,2025-12-19,SELL_TGT_18w:90.0886,0.3,TARGET,SELL_TGT_18w,2.43,Double Bottom,No
ZM,2025-12-19,SELL_TGT_30w:90.0886,0.3,TARGET,SELL_TGT_30w,2.43,Double Bottom,No
SizePct
ZM,2025-12-20,Watch: Near 50-DEMA with MACD/ADX/Vol OK,45.0,WATCH,Near50,2.43,Double Bottom,No,0.0
CEG,2025-12-19,Stage: Accumulation,50.0,WATCH,STAGE,,,No
CEG,2025-12-19,SELL_TGT_6w:374.9255,5.49,TARGET,SELL_TGT_6w,5.08,,No
CEG,2025-12-19,SELL_TGT_8w:374.9255,5.49,TARGET,SELL_TGT_8w,5.08,,No
CEG,2025-12-19,SELL_TGT_12w:371.0225,4.4,TARGET,SELL_TGT_12w,5.08,,No
CEG,2025-12-19,SELL_TGT_18w:371.0225,4.4,TARGET,SELL_TGT_18w,5.08,,No
CEG,2025-12-19,SELL_TGT_30w:371.0225,4.4,TARGET,SELL_TGT_30w,5.08,,No
SizePct
CEG,2025-12-20,MACD Bearish below zero,49.9,SELL,MACD Bearish below zero,5.08,-,No,2.49
SizePct
CEG,2025-12-20,Watch: Near 50-DEMA with MACD/ADX/Vol OK,45.0,WATCH,Near50,5.08,-,No,0.0
BBAI,2025-12-19,Stage: Accumulation,65.0,WATCH,STAGE,,,No
BBAI,2025-12-19,SELL_TGT_6w:6.9585,11.16,TARGET,SELL_TGT_6w,9.02,,No
BBAI,2025-12-19,SELL_TGT_8w:6.9585,11.16,TARGET,SELL_TGT_8w,9.02,,No
BBAI,2025-12-19,SELL_TGT_12w:6.8109,8.8,TARGET,SELL_TGT_12w,9.02,,No
BBAI,2025-12-19,SELL_TGT_18w:6.8109,8.8,TARGET,SELL_TGT_18w,9.02,,No
BBAI,2025-12-19,SELL_TGT_30w:6.8109,8.8,TARGET,SELL_TGT_30w,9.02,,No
SizePct
BBAI,2025-12-20,MACD Bearish below zero,44.0,SELL,MACD Bearish below zero,9.02,-,No,2.2
SizePct
BBAI,2025-12-20,Watch: Near 50-DEMA with MACD/ADX/Vol OK,45.0,WATCH,Near50,9.02,-,No,0.0
SNA,2025-12-19,Stage: Accumulation,85.0,WATCH,STAGE,,Cup and Handle,No
SNA,2025-12-19,SELL_TGT_6w:348.6193,0.67,TARGET,SELL_TGT_6w,1.67,Cup and Handle,No
SNA,2025-12-19,SELL_TGT_8w:348.6193,0.67,TARGET,SELL_TGT_8w,1.67,Cup and Handle,No
SNA,2025-12-19,SELL_TGT_12w:353.7255,2.14,TARGET,SELL_TGT_12w,1.67,Cup and Handle,No
SNA,2025-12-19,SELL_TGT_18w:353.7255,2.14,TARGET,SELL_TGT_18w,1.67,Cup and Handle,No
SNA,2025-12-19,SELL_TGT_30w:353.7255,2.14,TARGET,SELL_TGT_30w,1.67,Cup and Handle,No
HCAT,2025-12-19,Stage: Mark-Down,85.0,WATCH,STAGE,,Double Bottom,No
HCAT,2025-12-19,SELL_TGT_6w:2.9577,25.86,TARGET,SELL_TGT_6w,5.9,Double Bottom,No
HCAT,2025-12-19,SELL_TGT_8w:2.9577,25.86,TARGET,SELL_TGT_8w,5.9,Double Bottom,No
HCAT,2025-12-19,SELL_TGT_12w:2.9128,23.95,TARGET,SELL_TGT_12w,5.9,Double Bottom,No
HCAT,2025-12-19,SELL_TGT_18w:2.9128,23.95,TARGET,SELL_TGT_18w,5.9,Double Bottom,No
HCAT,2025-12-19,SELL_TGT_30w:2.9128,23.95,TARGET,SELL_TGT_30w,5.9,Double Bottom,No
SizePct
HCAT,2025-12-20,MACD Bearish below zero,48.7,SELL,MACD Bearish below zero,5.9,Double Bottom,No,2.43
SNAP,2025-12-19,Stage: Accumulation,100.0,WATCH,STAGE,,Double Bottom,Yes
SNAP,2025-12-19,SELL_TGT_6w:7.9132,4.53,TARGET,SELL_TGT_6w,3.48,Double Bottom,Yes
SNAP,2025-12-19,SELL_TGT_8w:7.9132,4.53,TARGET,SELL_TGT_8w,3.48,Double Bottom,Yes
SNAP,2025-12-19,SELL_TGT_12w:7.8287,3.42,TARGET,SELL_TGT_12w,3.48,Double Bottom,Yes
SNAP,2025-12-19,SELL_TGT_18w:7.8287,3.42,TARGET,SELL_TGT_18w,3.48,Double Bottom,Yes
SNAP,2025-12-19,SELL_TGT_30w:7.8287,3.42,TARGET,SELL_TGT_30w,3.48,Double Bottom,Yes
SizePct
SNAP,2025-12-20,MACD Bearish below zero,50.0,SELL,MACD Bearish below zero,3.48,Double Bottom,No,2.5
INNV,2025-12-19,Stage: Mark-Up,85.0,WATCH,STAGE,,Double Bottom,No
INNV,2025-12-19,SELL_TGT_6w:6.06,1.0,TARGET,SELL_TGT_6w,6.31,Double Bottom,No
INNV,2025-12-19,SELL_TGT_8w:6.06,1.0,TARGET,SELL_TGT_8w,6.31,Double Bottom,No
INNV,2025-12-19,SELL_TGT_12w:6.06,1.0,TARGET,SELL_TGT_12w,6.31,Double Bottom,No
INNV,2025-12-19,SELL_TGT_18w:6.06,1.0,TARGET,SELL_TGT_18w,6.31,Double Bottom,No
INNV,2025-12-19,SELL_TGT_30w:6.06,1.0,TARGET,SELL_TGT_30w,6.31,Double Bottom,No
SizePct
INNV,2025-12-20,Overbought (>27% above 200 DEMA),43.0,SELL,Overbought (>27% above 200 DEMA),6.31,Double Bottom,No,2.15
SizePct
INNV,2025-12-20,Watch: Near 50-DEMA with MACD/ADX/Vol OK,45.0,WATCH,Near50,6.31,Double Bottom,No,0.0
NSANY,2025-12-19,Stage: Accumulation,85.0,WATCH,STAGE,,,No
NSANY,2025-12-19,SELL_TGT_6w:5.1409,1.0,TARGET,SELL_TGT_6w,3.75,,No
NSANY,2025-12-19,SELL_TGT_8w:5.1409,1.0,TARGET,SELL_TGT_8w,3.75,,No
NSANY,2025-12-19,SELL_TGT_12w:5.1409,1.0,TARGET,SELL_TGT_12w,3.75,,No
NSANY,2025-12-19,SELL_TGT_18w:5.1409,1.0,TARGET,SELL_TGT_18w,3.75,,No
NSANY,2025-12-19,SELL_TGT_30w:5.1409,1.0,TARGET,SELL_TGT_30w,3.75,,No
SizePct
NSANY,2025-12-20,Watch: Near 50-DEMA with MACD/ADX/Vol OK,45.0,WATCH,Near50,3.75,-,No,0.0
NFLX,2025-12-19,Stage: Mark-Down,85.0,WATCH,STAGE,,,No
NFLX,2025-12-19,SELL_TGT_6w:108.5813,15.03,TARGET,SELL_TGT_6w,3.53,,No
NFLX,2025-12-19,SELL_TGT_8w:108.5813,15.03,TARGET,SELL_TGT_8w,3.53,,No
NFLX,2025-12-19,SELL_TGT_12w:107.8155,14.22,TARGET,SELL_TGT_12w,3.53,,No
NFLX,2025-12-19,SELL_TGT_18w:107.8155,14.22,TARGET,SELL_TGT_18w,3.53,,No
NFLX,2025-12-19,SELL_TGT_30w:107.8155,14.22,TARGET,SELL_TGT_30w,3.53,,No
SizePct
NFLX,2025-12-20,MACD Bearish below zero,50.0,SELL,MACD Bearish below zero,3.53,-,No,2.5
PRVA,2025-12-19,Stage: Accumulation,100.0,WATCH,STAGE,,Triple Bottom,No
PRVA,2025-12-19,SELL_TGT_6w:24.9125,5.38,TARGET,SELL_TGT_6w,3.02,Triple Bottom,No
PRVA,2025-12-19,SELL_TGT_8w:24.9125,5.38,TARGET,SELL_TGT_8w,3.02,Triple Bottom,No
PRVA,2025-12-19,SELL_TGT_12w:24.7475,4.68,TARGET,SELL_TGT_12w,3.02,Triple Bottom,No
PRVA,2025-12-19,SELL_TGT_18w:24.7475,4.68,TARGET,SELL_TGT_18w,3.02,Triple Bottom,No
PRVA,2025-12-19,SELL_TGT_30w:24.7475,4.68,TARGET,SELL_TGT_30w,3.02,Triple Bottom,No
SizePct
PRVA,2025-12-20,MACD Bearish below zero,50.0,SELL,MACD Bearish below zero,3.02,Triple Bottom,No,2.5
MELI,2025-12-19,Stage: Accumulation,100.0,WATCH,STAGE,,,Yes
MELI,2025-12-19,SELL_TGT_6w:2133.5383,6.8,TARGET,SELL_TGT_6w,3.49,,Yes
MELI,2025-12-19,SELL_TGT_8w:2133.5383,6.8,TARGET,SELL_TGT_8w,3.49,,Yes
MELI,2025-12-19,SELL_TGT_12w:2113.8971,5.82,TARGET,SELL_TGT_12w,3.49,,Yes
MELI,2025-12-19,SELL_TGT_18w:2113.8971,5.82,TARGET,SELL_TGT_18w,3.49,,Yes
MELI,2025-12-19,SELL_TGT_30w:2113.8971,5.82,TARGET,SELL_TGT_30w,3.49,,Yes
SizePct
MELI,2025-12-20,MACD Bearish below zero,50.0,SELL,MACD Bearish below zero,3.49,-,No,2.5
GWRE,2025-12-19,Stage: Mark-Down,85.0,WATCH,STAGE,,,No
GWRE,2025-12-19,SELL_TGT_6w:227.5109,13.8,TARGET,SELL_TGT_6w,4.1,,No
GWRE,2025-12-19,SELL_TGT_8w:227.5109,13.8,TARGET,SELL_TGT_8w,4.1,,No
GWRE,2025-12-19,SELL_TGT_12w:225.9514,13.02,TARGET,SELL_TGT_12w,4.1,,No
GWRE,2025-12-19,SELL_TGT_18w:225.9514,13.02,TARGET,SELL_TGT_18w,4.1,,No
GWRE,2025-12-19,SELL_TGT_30w:225.9514,13.02,TARGET,SELL_TGT_30w,4.1,,No
SizePct
GWRE,2025-12-20,MACD Bearish below zero,50.0,SELL,MACD Bearish below zero,4.1,-,No,2.5
SSO,2025-12-19,Stage: Mark-Up,85.0,WATCH,STAGE,,Double Bottom,No
SSO,2025-12-19,SELL_TGT_6w:58.7409,1.43,TARGET,SELL_TGT_6w,1.84,Double Bottom,No
SSO,2025-12-19,SELL_TGT_8w:58.7409,1.43,TARGET,SELL_TGT_8w,1.84,Double Bottom,No
SSO,2025-12-19,SELL_TGT_12w:58.4614,0.95,TARGET,SELL_TGT_12w,1.84,Double Bottom,No
SSO,2025-12-19,SELL_TGT_18w:58.4614,0.95,TARGET,SELL_TGT_18w,1.84,Double Bottom,No
SSO,2025-12-19,SELL_TGT_30w:58.4614,0.95,TARGET,SELL_TGT_30w,1.84,Double Bottom,No
SizePct
SSO,2025-12-20,Watch: Near 50-DEMA with MACD/ADX/Vol OK,45.0,WATCH,Near50,1.84,Double Bottom,No,0.0
ZS,2025-12-19,Stage: Mark-Down,65.0,WATCH,STAGE,,,Yes
ZS,2025-12-19,SELL_TGT_6w:245.9849,5.78,TARGET,SELL_TGT_6w,2.55,,Yes
ZS,2025-12-19,SELL_TGT_8w:245.9849,5.78,TARGET,SELL_TGT_8w,2.55,,Yes
ZS,2025-12-19,SELL_TGT_12w:243.5482,4.73,TARGET,SELL_TGT_12w,2.55,,Yes
ZS,2025-12-19,SELL_TGT_18w:243.5482,4.73,TARGET,SELL_TGT_18w,2.55,,Yes
ZS,2025-12-19,SELL_TGT_30w:243.5482,4.73,TARGET,SELL_TGT_30w,2.55,,Yes
BA,2025-12-19,Stage: Mark-Up,85.0,WATCH,STAGE,,Ascending Triangle,No
BA,2025-12-19,SELL_TGT_6w:216.2208,1.0,TARGET,SELL_TGT_6w,2.78,Ascending Triangle,No
BA,2025-12-19,SELL_TGT_8w:216.2208,1.0,TARGET,SELL_TGT_8w,2.78,Ascending Triangle,No
BA,2025-12-19,SELL_TGT_12w:222.3946,3.88,TARGET,SELL_TGT_12w,2.78,Ascending Triangle,No
BA,2025-12-19,SELL_TGT_18w:222.3946,3.88,TARGET,SELL_TGT_18w,2.78,Ascending Triangle,No
BA,2025-12-19,SELL_TGT_30w:222.3946,3.88,TARGET,SELL_TGT_30w,2.78,Ascending Triangle,No
SizePct
BA,2025-12-20,Watch: Near 50-DEMA with MACD/ADX/Vol OK,45.0,WATCH,Near50,2.78,Ascending Triangle,No,0.0
IONQ,2025-12-19,Stage: Accumulation,65.0,WATCH,STAGE,,Triple Bottom,No
IONQ,2025-12-19,SELL_TGT_6w:53.8376,11.05,TARGET,SELL_TGT_6w,8.27,Triple Bottom,No
IONQ,2025-12-19,SELL_TGT_8w:53.8376,11.05,TARGET,SELL_TGT_8w,8.27,Triple Bottom,No
IONQ,2025-12-19,SELL_TGT_12w:52.6227,8.55,TARGET,SELL_TGT_12w,8.27,Triple Bottom,No
IONQ,2025-12-19,SELL_TGT_18w:52.6227,8.55,TARGET,SELL_TGT_18w,8.27,Triple Bottom,No
IONQ,2025-12-19,SELL_TGT_30w:52.6227,8.55,TARGET,SELL_TGT_30w,8.27,Triple Bottom,No
SizePct
IONQ,2025-12-20,MACD Bearish below zero,45.1,SELL,MACD Bearish below zero,8.27,Triple Bottom,No,2.25
ICE,2025-12-19,Stage: Accumulation,85.0,WATCH,STAGE,,Double Bottom,No
ICE,2025-12-19,SELL_TGT_6w:163.3371,1.89,TARGET,SELL_TGT_6w,1.48,Double Bottom,No
ICE,2025-12-19,SELL_TGT_8w:163.3371,1.89,TARGET,SELL_TGT_8w,1.48,Double Bottom,No
ICE,2025-12-19,SELL_TGT_12w:162.6486,1.47,TARGET,SELL_TGT_12w,1.48,Double Bottom,No
ICE,2025-12-19,SELL_TGT_18w:162.6486,1.47,TARGET,SELL_TGT_18w,1.48,Double Bottom,No
ICE,2025-12-19,SELL_TGT_30w:162.6486,1.47,TARGET,SELL_TGT_30w,1.48,Double Bottom,No
VNDA,2025-12-19,Stage: Mark-Up,85.0,WATCH,STAGE,,,No
VNDA,2025-12-19,SELL_TGT_6w:6.8175,1.0,TARGET,SELL_TGT_6w,7.02,,No
VNDA,2025-12-19,SELL_TGT_8w:6.8175,1.0,TARGET,SELL_TGT_8w,7.02,,No
VNDA,2025-12-19,SELL_TGT_12w:6.8175,1.0,TARGET,SELL_TGT_12w,7.02,,No
VNDA,2025-12-19,SELL_TGT_18w:6.8175,1.0,TARGET,SELL_TGT_18w,7.02,,No
VNDA,2025-12-19,SELL_TGT_30w:6.8175,1.0,TARGET,SELL_TGT_30w,7.02,,No
SizePct
VNDA,2025-12-20,Overbought (>27% above 200 DEMA),42.0,SELL,Overbought (>27% above 200 DEMA),7.02,-,No,2.1
SizePct
VNDA,2025-12-20,Watch: Near 50-DEMA with MACD/ADX/Vol OK,45.0,WATCH,Near50,7.02,-,No,0.0
CI,2025-12-19,Stage: Accumulation,100.0,WATCH,STAGE,,Double Bottom,Yes
CI,2025-12-19,SELL_TGT_6w:278.0324,2.26,TARGET,SELL_TGT_6w,1.89,Double Bottom,Yes
CI,2025-12-19,SELL_TGT_8w:278.0324,2.26,TARGET,SELL_TGT_8w,1.89,Double Bottom,Yes
CI,2025-12-19,SELL_TGT_12w:276.0539,1.53,TARGET,SELL_TGT_12w,1.89,Double Bottom,Yes
CI,2025-12-19,SELL_TGT_18w:276.0539,1.53,TARGET,SELL_TGT_18w,1.89,Double Bottom,Yes
CI,2025-12-19,SELL_TGT_30w:276.0539,1.53,TARGET,SELL_TGT_30w,1.89,Double Bottom,Yes
RIGL,2025-12-19,Stage: Mark-Up,85.0,WATCH,STAGE,,,No
RIGL,2025-12-19,SELL_TGT_6w:51.3811,23.54,TARGET,SELL_TGT_6w,6.77,,No
RIGL,2025-12-19,SELL_TGT_8w:51.3811,23.54,TARGET,SELL_TGT_8w,6.77,,No
RIGL,2025-12-19,SELL_TGT_12w:50.8086,22.17,TARGET,SELL_TGT_12w,6.77,,No
RIGL,2025-12-19,SELL_TGT_18w:50.8086,22.17,TARGET,SELL_TGT_18w,6.77,,No
RIGL,2025-12-19,SELL_TGT_30w:50.8086,22.17,TARGET,SELL_TGT_30w,6.77,,No
SizePct
RIGL,2025-12-20,Overbought (>27% above 200 DEMA),27.3,SELL,Overbought (>27% above 200 DEMA),6.77,-,No,1.37
SizePct
RIGL,2025-12-20,Watch: Near 50-DEMA with MACD/ADX/Vol OK,45.0,WATCH,Near50,6.77,-,No,0.0
CONI,2025-12-19,Stage: Accumulation,50.0,WATCH,STAGE,,,No
CONI,2025-12-19,SELL_TGT_6w:68.8929,16.79,TARGET,SELL_TGT_6w,8.34,,No
CONI,2025-12-19,SELL_TGT_8w:68.8929,16.79,TARGET,SELL_TGT_8w,8.34,,No
CONI,2025-12-19,SELL_TGT_12w:67.5948,14.59,TARGET,SELL_TGT_12w,8.34,,No
CONI,2025-12-19,SELL_TGT_18w:67.5948,14.59,TARGET,SELL_TGT_18w,8.34,,No
CONI,2025-12-19,SELL_TGT_30w:67.5948,14.59,TARGET,SELL_TGT_30w,8.34,,No
SETM,2025-12-19,Stage: Mark-Up,85.0,WATCH,STAGE,,Triple Bottom,No
SETM,2025-12-19,SELL_TGT_6w:29.112,3.12,TARGET,SELL_TGT_6w,2.99,Triple Bottom,No
SETM,2025-12-19,SELL_TGT_8w:29.112,3.12,TARGET,SELL_TGT_8w,2.99,Triple Bottom,No
SETM,2025-12-19,SELL_TGT_12w:28.88,2.3,TARGET,SELL_TGT_12w,2.99,Triple Bottom,No
SETM,2025-12-19,SELL_TGT_18w:28.88,2.3,TARGET,SELL_TGT_18w,2.99,Triple Bottom,No
SETM,2025-12-19,SELL_TGT_30w:28.88,2.3,TARGET,SELL_TGT_30w,2.99,Triple Bottom,No
SizePct
SETM,2025-12-20,Overbought (>27% above 200 DEMA),33.4,SELL,Overbought (>27% above 200 DEMA),2.99,Triple Bottom,No,1.67
SizePct
SETM,2025-12-20,Watch: Near 50-DEMA with MACD/ADX/Vol OK,45.0,WATCH,Near50,2.99,Triple Bottom,No,0.0
XOVR,2025-12-19,Stage: Accumulation,85.0,WATCH,STAGE,,Triple Bottom,No
XOVR,2025-12-19,SELL_TGT_6w:20.5498,1.28,TARGET,SELL_TGT_6w,1.77,Triple Bottom,No
XOVR,2025-12-19,SELL_TGT_8w:20.5498,1.28,TARGET,SELL_TGT_8w,1.77,Triple Bottom,No
XOVR,2025-12-19,SELL_TGT_12w:20.4496,0.79,TARGET,SELL_TGT_12w,1.77,Triple Bottom,No
XOVR,2025-12-19,SELL_TGT_18w:20.4496,0.79,TARGET,SELL_TGT_18w,1.77,Triple Bottom,No
XOVR,2025-12-19,SELL_TGT_30w:20.4496,0.79,TARGET,SELL_TGT_30w,1.77,Triple Bottom,No
SizePct
XOVR,2025-12-20,Watch: Near 50-DEMA with MACD/ADX/Vol OK,45.0,WATCH,Near50,1.77,Triple Bottom,No,0.0
CLSK,2025-12-19,Stage: Accumulation,70.0,WATCH,STAGE,,Double Bottom,No
CLSK,2025-12-19,SELL_TGT_6w:14.869,23.6,TARGET,SELL_TGT_6w,10.66,Double Bottom,No
CLSK,2025-12-19,SELL_TGT_8w:14.869,23.6,TARGET,SELL_TGT_8w,10.66,Double Bottom,No
CLSK,2025-12-19,SELL_TGT_12w:14.4584,20.19,TARGET,SELL_TGT_12w,10.66,Double Bottom,No
CLSK,2025-12-19,SELL_TGT_18w:14.4584,20.19,TARGET,SELL_TGT_18w,10.66,Double Bottom,No
CLSK,2025-12-19,SELL_TGT_30w:14.4584,20.19,TARGET,SELL_TGT_30w,10.66,Double Bottom,No
SizePct
CLSK,2025-12-20,MACD Bearish below zero,41.5,SELL,MACD Bearish below zero,10.66,Double Bottom,No,2.08
NBIS,2025-12-19,Stage: Accumulation,65.0,WATCH,STAGE,,,Yes
NBIS,2025-12-19,SELL_TGT_6w:100.6573,12.52,TARGET,SELL_TGT_6w,8.01,,Yes
NBIS,2025-12-19,SELL_TGT_8w:100.6573,12.52,TARGET,SELL_TGT_8w,8.01,,Yes
NBIS,2025-12-19,SELL_TGT_12w:98.5355,10.14,TARGET,SELL_TGT_12w,8.01,,Yes
NBIS,2025-12-19,SELL_TGT_18w:98.5355,10.14,TARGET,SELL_TGT_18w,8.01,,Yes
NBIS,2025-12-19,SELL_TGT_30w:98.5355,10.14,TARGET,SELL_TGT_30w,8.01,,Yes
SizePct
NBIS,2025-12-20,MACD Bearish below zero,36.8,SELL,MACD Bearish below zero,8.01,-,No,1.84
FDIG,2025-12-19,Stage: Accumulation,100.0,WATCH,STAGE,,,No
FDIG,2025-12-19,SELL_TGT_6w:45.2184,10.72,TARGET,SELL_TGT_6w,4.93,,No
FDIG,2025-12-19,SELL_TGT_8w:45.2184,10.72,TARGET,SELL_TGT_8w,4.93,,No
FDIG,2025-12-19,SELL_TGT_12w:44.5707,9.13,TARGET,SELL_TGT_12w,4.93,,No
FDIG,2025-12-19,SELL_TGT_18w:44.5707,9.13,TARGET,SELL_TGT_18w,4.93,,No
FDIG,2025-12-19,SELL_TGT_30w:44.5707,9.13,TARGET,SELL_TGT_30w,4.93,,No
SizePct
FDIG,2025-12-20,MACD Bearish below zero,50.0,SELL,MACD Bearish below zero,4.93,-,No,2.5
S,2025-12-19,Stage: Mark-Down,85.0,WATCH,STAGE,,,Yes
S,2025-12-19,SELL_TGT_6w:16.9728,15.23,TARGET,SELL_TGT_6w,4.1,,Yes
S,2025-12-19,SELL_TGT_8w:16.9728,15.23,TARGET,SELL_TGT_8w,4.1,,Yes
S,2025-12-19,SELL_TGT_12w:16.8346,14.29,TARGET,SELL_TGT_12w,4.1,,Yes
S,2025-12-19,SELL_TGT_18w:16.8346,14.29,TARGET,SELL_TGT_18w,4.1,,Yes
S,2025-12-19,SELL_TGT_30w:16.8346,14.29,TARGET,SELL_TGT_30w,4.1,,Yes
SizePct
S,2025-12-20,MACD Bearish below zero,50.0,SELL,MACD Bearish below zero,4.1,-,No,2.5
IAS,2025-12-19,Stage: Mark-Up,85.0,WATCH,STAGE,,Triple Bottom,No
IAS,2025-12-19,SELL_TGT_6w:10.3626,1.0,TARGET,SELL_TGT_6w,0.21,Triple Bottom,No
IAS,2025-12-19,SELL_TGT_8w:10.3626,1.0,TARGET,SELL_TGT_8w,0.21,Triple Bottom,No
IAS,2025-12-19,SELL_TGT_12w:10.3626,1.0,TARGET,SELL_TGT_12w,0.21,Triple Bottom,No
IAS,2025-12-19,SELL_TGT_18w:10.3626,1.0,TARGET,SELL_TGT_18w,0.21,Triple Bottom,No
IAS,2025-12-19,SELL_TGT_30w:10.3626,1.0,TARGET,SELL_TGT_30w,0.21,Triple Bottom,No
SizePct
IAS,2025-12-20,Watch: Near 50-DEMA with MACD/ADX/Vol OK,45.0,WATCH,Near50,0.21,Triple Bottom,No,0.0
GM,2025-12-19,Stage: Mark-Up,85.0,WATCH,STAGE,,Ascending Triangle,No
GM,2025-12-19,SELL_TGT_6w:83.1735,1.0,TARGET,SELL_TGT_6w,2.02,Ascending Triangle,No
GM,2025-12-19,SELL_TGT_8w:83.1735,1.0,TARGET,SELL_TGT_8w,2.02,Ascending Triangle,No
GM,2025-12-19,SELL_TGT_12w:83.1735,1.0,TARGET,SELL_TGT_12w,2.02,Ascending Triangle,No
GM,2025-12-19,SELL_TGT_18w:83.1735,1.0,TARGET,SELL_TGT_18w,2.02,Ascending Triangle,No
GM,2025-12-19,SELL_TGT_30w:83.1735,1.0,TARGET,SELL_TGT_30w,2.02,Ascending Triangle,No
SizePct
GM,2025-12-20,Overbought (>27% above 200 DEMA),45.0,SELL,Overbought (>27% above 200 DEMA),2.02,Ascending Triangle,No,2.25
SizePct
GM,2025-12-20,Watch: Near 50-DEMA with MACD/ADX/Vol OK,45.0,WATCH,Near50,2.02,Ascending Triangle,No,0.0
NOC,2025-12-19,Stage: Accumulation,85.0,WATCH,STAGE,,Double Bottom,No
NOC,2025-12-19,SELL_TGT_6w:578.8323,1.82,TARGET,SELL_TGT_6w,1.76,Double Bottom,No
NOC,2025-12-19,SELL_TGT_8w:578.8323,1.82,TARGET,SELL_TGT_8w,1.76,Double Bottom,No
NOC,2025-12-19,SELL_TGT_12w:576.3205,1.38,TARGET,SELL_TGT_12w,1.76,Double Bottom,No
NOC,2025-12-19,SELL_TGT_18w:576.3205,1.38,TARGET,SELL_TGT_18w,1.76,Double Bottom,No
NOC,2025-12-19,SELL_TGT_30w:576.3205,1.38,TARGET,SELL_TGT_30w,1.76,Double Bottom,No
SizePct
NOC,2025-12-20,Watch: Near 50-DEMA with MACD/ADX/Vol OK,45.0,WATCH,Near50,1.76,Double Bottom,No,0.0
AORT,2025-12-19,Stage: Mark-Up,85.0,WATCH,STAGE,,,No
AORT,2025-12-19,SELL_TGT_6w:46.9091,0.77,TARGET,SELL_TGT_6w,2.94,,No
AORT,2025-12-19,SELL_TGT_8w:46.9091,0.77,TARGET,SELL_TGT_8w,2.94,,No
AORT,2025-12-19,SELL_TGT_12w:46.6286,0.17,TARGET,SELL_TGT_12w,2.94,,No
AORT,2025-12-19,SELL_TGT_18w:46.6286,0.17,TARGET,SELL_TGT_18w,2.94,,No
AORT,2025-12-19,SELL_TGT_30w:46.6286,0.17,TARGET,SELL_TGT_30w,2.94,,No
SizePct
AORT,2025-12-20,Watch: Near 50-DEMA with MACD/ADX/Vol OK,45.0,WATCH,Near50,2.94,-,No,0.0
AVAV,2025-12-19,Stage: Accumulation,85.0,WATCH,STAGE,,,No
AVAV,2025-12-19,SELL_TGT_6w:285.9955,17.69,TARGET,SELL_TGT_6w,5.89,,No
AVAV,2025-12-19,SELL_TGT_8w:285.9955,17.69,TARGET,SELL_TGT_8w,5.89,,No
AVAV,2025-12-19,SELL_TGT_12w:281.4925,15.84,TARGET,SELL_TGT_12w,5.89,,No
AVAV,2025-12-19,SELL_TGT_18w:281.4925,15.84,TARGET,SELL_TGT_18w,5.89,,No
AVAV,2025-12-19,SELL_TGT_30w:281.4925,15.84,TARGET,SELL_TGT_30w,5.89,,No
SizePct
AVAV,2025-12-20,MACD Bearish below zero,48.7,SELL,MACD Bearish below zero,5.89,-,No,2.43
LOPE,2025-12-19,Stage: Accumulation,85.0,WATCH,STAGE,,,No
LOPE,2025-12-19,SELL_TGT_6w:167.5893,1.0,TARGET,SELL_TGT_6w,2.78,,No
LOPE,2025-12-19,SELL_TGT_8w:167.5893,1.0,TARGET,SELL_TGT_8w,2.78,,No
LOPE,2025-12-19,SELL_TGT_12w:167.5893,1.0,TARGET,SELL_TGT_12w,2.78,,No
LOPE,2025-12-19,SELL_TGT_18w:167.5893,1.0,TARGET,SELL_TGT_18w,2.78,,No
LOPE,2025-12-19,SELL_TGT_30w:167.5893,1.0,TARGET,SELL_TGT_30w,2.78,,No
VNT,2025-12-19,Stage: Accumulation,85.0,WATCH,STAGE,,,Yes
VNT,2025-12-19,SELL_TGT_6w:38.2386,1.0,TARGET,SELL_TGT_6w,1.71,,Yes
VNT,2025-12-19,SELL_TGT_8w:38.2386,1.0,TARGET,SELL_TGT_8w,1.71,,Yes
VNT,2025-12-19,SELL_TGT_12w:38.2386,1.0,TARGET,SELL_TGT_12w,1.71,,Yes
VNT,2025-12-19,SELL_TGT_18w:38.2386,1.0,TARGET,SELL_TGT_18w,1.71,,Yes
VNT,2025-12-19,SELL_TGT_30w:38.2386,1.0,TARGET,SELL_TGT_30w,1.71,,Yes
JBLU,2025-12-19,Stage: Accumulation,70.0,WATCH,STAGE,,,No
JBLU,2025-12-19,SELL_TGT_6w:5.0793,5.82,TARGET,SELL_TGT_6w,4.78,,No
JBLU,2025-12-19,SELL_TGT_8w:5.0793,5.82,TARGET,SELL_TGT_8w,4.78,,No
JBLU,2025-12-19,SELL_TGT_12w:5.0321,4.84,TARGET,SELL_TGT_12w,4.78,,No
JBLU,2025-12-19,SELL_TGT_18w:5.0321,4.84,TARGET,SELL_TGT_18w,4.78,,No
JBLU,2025-12-19,SELL_TGT_30w:5.0321,4.84,TARGET,SELL_TGT_30w,4.78,,No
WK,2025-12-19,Stage: Accumulation,50.0,WATCH,STAGE,,,Yes
WK,2025-12-19,SELL_TGT_6w:92.7252,5.45,TARGET,SELL_TGT_6w,2.98,,Yes
WK,2025-12-19,SELL_TGT_8w:92.7252,5.45,TARGET,SELL_TGT_8w,2.98,,Yes
WK,2025-12-19,SELL_TGT_12w:92.0687,4.71,TARGET,SELL_TGT_12w,2.98,,Yes
WK,2025-12-19,SELL_TGT_18w:92.0687,4.71,TARGET,SELL_TGT_18w,2.98,,Yes
WK,2025-12-19,SELL_TGT_30w:92.0687,4.71,TARGET,SELL_TGT_30w,2.98,,Yes
SizePct
WK,2025-12-20,MACD Bearish below zero,50.0,SELL,MACD Bearish below zero,2.98,-,No,2.5
SizePct
WK,2025-12-20,Watch: Near 50-DEMA with MACD/ADX/Vol OK,45.0,WATCH,Near50,2.98,-,No,0.0
CVS,2025-12-19,Stage: Distribution,60.0,WATCH,STAGE,,,No
CVS,2025-12-19,SELL_TGT_6w:80.3868,3.43,TARGET,SELL_TGT_6w,2.66,,No
CVS,2025-12-19,SELL_TGT_8w:80.3868,3.43,TARGET,SELL_TGT_8w,2.66,,No
CVS,2025-12-19,SELL_TGT_12w:79.9246,2.84,TARGET,SELL_TGT_12w,2.66,,No
CVS,2025-12-19,SELL_TGT_18w:79.9246,2.84,TARGET,SELL_TGT_18w,2.66,,No
CVS,2025-12-19,SELL_TGT_30w:79.9246,2.84,TARGET,SELL_TGT_30w,2.66,,No
SizePct
CVS,2025-12-20,MACD Bearish below zero,50.0,SELL,MACD Bearish below zero,2.66,-,No,2.5
RPAY,2025-12-19,Stage: Mark-Down,65.0,WATCH,STAGE,,Triple Bottom,Yes
RPAY,2025-12-19,SELL_TGT_6w:3.8279,1.0,TARGET,SELL_TGT_6w,4.5,Triple Bottom,Yes
RPAY,2025-12-19,SELL_TGT_8w:4.2057,10.97,TARGET,SELL_TGT_8w,4.5,Triple Bottom,Yes
RPAY,2025-12-19,SELL_TGT_12w:5.1095,34.82,TARGET,SELL_TGT_12w,4.5,Triple Bottom,Yes
RPAY,2025-12-19,SELL_TGT_18w:5.1095,34.82,TARGET,SELL_TGT_18w,4.5,Triple Bottom,Yes
RPAY,2025-12-19,SELL_TGT_30w:5.1095,34.82,TARGET,SELL_TGT_30w,4.5,Triple Bottom,Yes
GEN,2025-12-19,Stage: Accumulation,85.0,WATCH,STAGE,,,No
GEN,2025-12-19,SELL_TGT_6w:27.8861,1.0,TARGET,SELL_TGT_6w,2.04,,No
GEN,2025-12-19,SELL_TGT_8w:27.8861,1.0,TARGET,SELL_TGT_8w,2.04,,No
GEN,2025-12-19,SELL_TGT_12w:27.8861,1.0,TARGET,SELL_TGT_12w,2.04,,No
GEN,2025-12-19,SELL_TGT_18w:27.8861,1.0,TARGET,SELL_TGT_18w,2.04,,No
GEN,2025-12-19,SELL_TGT_30w:27.8861,1.0,TARGET,SELL_TGT_30w,2.04,,No
MD,2025-12-19,Stage: Mark-Up,85.0,WATCH,STAGE,,,No
MD,2025-12-19,SELL_TGT_6w:24.7212,12.83,TARGET,SELL_TGT_6w,3.53,,No
MD,2025-12-19,SELL_TGT_8w:24.7212,12.83,TARGET,SELL_TGT_8w,3.53,,No
MD,2025-12-19,SELL_TGT_12w:24.542,12.01,TARGET,SELL_TGT_12w,3.53,,No
MD,2025-12-19,SELL_TGT_18w:24.542,12.01,TARGET,SELL_TGT_18w,3.53,,No
MD,2025-12-19,SELL_TGT_30w:24.542,12.01,TARGET,SELL_TGT_30w,3.53,,No
SizePct
MD,2025-12-20,Overbought (>27% above 200 DEMA),31.8,SELL,Overbought (>27% above 200 DEMA),3.53,-,No,1.59
SizePct
MD,2025-12-20,Watch: Near 50-DEMA with MACD/ADX/Vol OK,45.0,WATCH,Near50,3.53,-,No,0.0
VIPS,2025-12-19,Stage: Distribution,60.0,WATCH,STAGE,,Double Bottom,No
VIPS,2025-12-19,SELL_TGT_6w:20.2791,5.95,TARGET,SELL_TGT_6w,2.39,Double Bottom,No
VIPS,2025-12-19,SELL_TGT_8w:20.2791,5.95,TARGET,SELL_TGT_8w,2.39,Double Bottom,No
VIPS,2025-12-19,SELL_TGT_12w:20.1386,5.22,TARGET,SELL_TGT_12w,2.39,Double Bottom,No
VIPS,2025-12-19,SELL_TGT_18w:20.1386,5.22,TARGET,SELL_TGT_18w,2.39,Double Bottom,No
VIPS,2025-12-19,SELL_TGT_30w:20.1386,5.22,TARGET,SELL_TGT_30w,2.39,Double Bottom,No
BUG,2025-12-19,Stage: Accumulation,100.0,WATCH,STAGE,,,Yes
BUG,2025-12-19,SELL_TGT_6w:32.5091,4.13,TARGET,SELL_TGT_6w,1.83,,Yes
BUG,2025-12-19,SELL_TGT_8w:32.5091,4.13,TARGET,SELL_TGT_8w,1.83,,Yes
BUG,2025-12-19,SELL_TGT_12w:32.3486,3.61,TARGET,SELL_TGT_12w,1.83,,Yes
BUG,2025-12-19,SELL_TGT_18w:32.3486,3.61,TARGET,SELL_TGT_18w,1.83,,Yes
BUG,2025-12-19,SELL_TGT_30w:32.3486,3.61,TARGET,SELL_TGT_30w,1.83,,Yes
LECO,2025-12-19,Stage: Mark-Up,65.0,WATCH,STAGE,,Triple Bottom,No
LECO,2025-12-19,SELL_TGT_6w:250.0737,2.72,TARGET,SELL_TGT_6w,2.4,Triple Bottom,No
LECO,2025-12-19,SELL_TGT_8w:250.0737,2.72,TARGET,SELL_TGT_8w,2.4,Triple Bottom,No
LECO,2025-12-19,SELL_TGT_12w:248.7895,2.19,TARGET,SELL_TGT_12w,2.4,Triple Bottom,No
LECO,2025-12-19,SELL_TGT_18w:248.7895,2.19,TARGET,SELL_TGT_18w,2.4,Triple Bottom,No
LECO,2025-12-19,SELL_TGT_30w:248.7895,2.19,TARGET,SELL_TGT_30w,2.4,Triple Bottom,No
XME,2025-12-19,Stage: Mark-Up,85.0,WATCH,STAGE,,Double Bottom,No
XME,2025-12-19,SELL_TGT_6w:106.2217,1.0,TARGET,SELL_TGT_6w,2.9,Double Bottom,No
XME,2025-12-19,SELL_TGT_8w:106.2217,1.0,TARGET,SELL_TGT_8w,2.9,Double Bottom,No
XME,2025-12-19,SELL_TGT_12w:106.2217,1.0,TARGET,SELL_TGT_12w,2.9,Double Bottom,No
XME,2025-12-19,SELL_TGT_18w:106.2217,1.0,TARGET,SELL_TGT_18w,2.9,Double Bottom,No
XME,2025-12-19,SELL_TGT_30w:106.2217,1.0,TARGET,SELL_TGT_30w,2.9,Double Bottom,No
SizePct
XME,2025-12-20,Overbought (>27% above 200 DEMA),47.5,SELL,Overbought (>27% above 200 DEMA),2.9,Double Bottom,No,2.37
SizePct
XME,2025-12-20,Watch: Near 50-DEMA with MACD/ADX/Vol OK,45.0,WATCH,Near50,2.9,Double Bottom,No,0.0
WIX,2025-12-19,Stage: Mark-Down,65.0,WATCH,STAGE,,Ascending Triangle,Yes
WIX,2025-12-19,SELL_TGT_6w:122.9191,17.7,TARGET,SELL_TGT_6w,4.6,Ascending Triangle,Yes
WIX,2025-12-19,SELL_TGT_8w:143.1691,37.1,TARGET,SELL_TGT_8w,4.6,Ascending Triangle,Yes
WIX,2025-12-19,SELL_TGT_12w:144.3786,38.25,TARGET,SELL_TGT_12w,4.6,Ascending Triangle,Yes
WIX,2025-12-19,SELL_TGT_18w:144.3786,38.25,TARGET,SELL_TGT_18w,4.6,Ascending Triangle,Yes
WIX,2025-12-19,SELL_TGT_30w:144.3786,38.25,TARGET,SELL_TGT_30w,4.6,Ascending Triangle,Yes
HPQ,2025-12-19,Stage: Mark-Down,85.0,WATCH,STAGE,,Double Bottom,Yes
HPQ,2025-12-19,SELL_TGT_6w:25.7659,10.77,TARGET,SELL_TGT_6w,3.06,Double Bottom,Yes
HPQ,2025-12-19,SELL_TGT_8w:25.7659,10.77,TARGET,SELL_TGT_8w,3.06,Double Bottom,Yes
HPQ,2025-12-19,SELL_TGT_12w:25.5832,9.99,TARGET,SELL_TGT_12w,3.06,Double Bottom,Yes
HPQ,2025-12-19,SELL_TGT_18w:25.5832,9.99,TARGET,SELL_TGT_18w,3.06,Double Bottom,Yes
HPQ,2025-12-19,SELL_TGT_30w:25.5832,9.99,TARGET,SELL_TGT_30w,3.06,Double Bottom,Yes
SizePct
HPQ,2025-12-20,MACD Bearish below zero,50.0,SELL,MACD Bearish below zero,3.06,Double Bottom,No,2.5
IBM,2025-12-19,Stage: Accumulation,65.0,WATCH,STAGE,,Triple Bottom,No
IBM,2025-12-19,SELL_TGT_6w:312.46,3.81,TARGET,SELL_TGT_6w,2.18,Triple Bottom,No
IBM,2025-12-19,SELL_TGT_8w:312.46,3.81,TARGET,SELL_TGT_8w,2.18,Triple Bottom,No
IBM,2025-12-19,SELL_TGT_12w:310.5334,3.17,TARGET,SELL_TGT_12w,2.18,Triple Bottom,No
IBM,2025-12-19,SELL_TGT_18w:310.5334,3.17,TARGET,SELL_TGT_18w,2.18,Triple Bottom,No
IBM,2025-12-19,SELL_TGT_30w:310.5334,3.17,TARGET,SELL_TGT_30w,2.18,Triple Bottom,No
SizePct
IBM,2025-12-20,Watch: Near 50-DEMA with MACD/ADX/Vol OK,45.0,WATCH,Near50,2.18,Triple Bottom,No,0.0
NHC,2025-12-19,Stage: Mark-Up,85.0,WATCH,STAGE,,,No
NHC,2025-12-19,SELL_TGT_6w:143.0564,1.0,TARGET,SELL_TGT_6w,2.82,,No
NHC,2025-12-19,SELL_TGT_8w:143.0564,1.0,TARGET,SELL_TGT_8w,2.82,,No
NHC,2025-12-19,SELL_TGT_12w:143.0564,1.0,TARGET,SELL_TGT_12w,2.82,,No
NHC,2025-12-19,SELL_TGT_18w:143.0564,1.0,TARGET,SELL_TGT_18w,2.82,,No
NHC,2025-12-19,SELL_TGT_30w:143.0564,1.0,TARGET,SELL_TGT_30w,2.82,,No
SizePct
NHC,2025-12-20,Watch: Near 50-DEMA with MACD/ADX/Vol OK,45.0,WATCH,Near50,2.82,-,No,0.0
HPE,2025-12-19,Stage: Mark-Up,85.0,WATCH,STAGE,,Cup and Handle,No
HPE,2025-12-19,SELL_TGT_6w:25.1111,2.79,TARGET,SELL_TGT_6w,3.95,Cup and Handle,No
HPE,2025-12-19,SELL_TGT_8w:25.1111,2.79,TARGET,SELL_TGT_8w,3.95,Cup and Handle,No
HPE,2025-12-19,SELL_TGT_12w:24.9118,1.97,TARGET,SELL_TGT_12w,3.95,Cup and Handle,No
HPE,2025-12-19,SELL_TGT_18w:24.9118,1.97,TARGET,SELL_TGT_18w,3.95,Cup and Handle,No
HPE,2025-12-19,SELL_TGT_30w:24.9118,1.97,TARGET,SELL_TGT_30w,3.95,Cup and Handle,No
SizePct
HPE,2025-12-20,Watch: Near 50-DEMA with MACD/ADX/Vol OK,45.0,WATCH,Near50,3.95,Cup and Handle,No,0.0
BSWGF,2025-12-19,Stage: Mark-Down,85.0,WATCH,STAGE,,,No
BSWGF,2025-12-19,SELL_TGT_6w:0.7718,18.74,TARGET,SELL_TGT_6w,6.48,,No
BSWGF,2025-12-19,SELL_TGT_8w:0.7718,18.74,TARGET,SELL_TGT_8w,6.48,,No
BSWGF,2025-12-19,SELL_TGT_12w:0.7541,16.02,TARGET,SELL_TGT_12w,6.48,,No
BSWGF,2025-12-19,SELL_TGT_18w:0.7541,16.02,TARGET,SELL_TGT_18w,6.48,,No
BSWGF,2025-12-19,SELL_TGT_30w:0.7541,16.02,TARGET,SELL_TGT_30w,6.48,,No
SizePct
BSWGF,2025-12-20,MACD Bearish below zero,47.8,SELL,MACD Bearish below zero,6.48,-,No,2.39
EXPE,2025-12-19,Stage: Mark-Up,85.0,WATCH,STAGE,,Double Bottom,No
EXPE,2025-12-19,SELL_TGT_6w:292.1425,1.0,TARGET,SELL_TGT_6w,2.78,Double Bottom,No
EXPE,2025-12-19,SELL_TGT_8w:292.1425,1.0,TARGET,SELL_TGT_8w,2.78,Double Bottom,No
EXPE,2025-12-19,SELL_TGT_12w:292.1425,1.0,TARGET,SELL_TGT_12w,2.78,Double Bottom,No
EXPE,2025-12-19,SELL_TGT_18w:292.1425,1.0,TARGET,SELL_TGT_18w,2.78,Double Bottom,No
EXPE,2025-12-19,SELL_TGT_30w:292.1425,1.0,TARGET,SELL_TGT_30w,2.78,Double Bottom,No
SizePct
EXPE,2025-12-20,Overbought (>27% above 200 DEMA),45.0,SELL,Overbought (>27% above 200 DEMA),2.78,Double Bottom,No,2.25
SizePct
EXPE,2025-12-20,Watch: Near 50-DEMA with MACD/ADX/Vol OK,45.0,WATCH,Near50,2.78,Double Bottom,No,0.0
LGND,2025-12-19,Stage: Mark-Up,85.0,WATCH,STAGE,,Double Bottom,No
LGND,2025-12-19,SELL_TGT_6w:201.1973,0.43,TARGET,SELL_TGT_6w,3.23,Double Bottom,No
LGND,2025-12-19,SELL_TGT_8w:210.5073,5.08,TARGET,SELL_TGT_8w,3.23,Double Bottom,No
LGND,2025-12-19,SELL_TGT_12w:209.1855,4.42,TARGET,SELL_TGT_12w,3.23,Double Bottom,No
LGND,2025-12-19,SELL_TGT_18w:209.1855,4.42,TARGET,SELL_TGT_18w,3.23,Double Bottom,No
LGND,2025-12-19,SELL_TGT_30w:209.1855,4.42,TARGET,SELL_TGT_30w,3.23,Double Bottom,No
SizePct
LGND,2025-12-20,Overbought (>27% above 200 DEMA),47.1,SELL,Overbought (>27% above 200 DEMA),3.23,Double Bottom,No,2.35
SizePct
LGND,2025-12-20,Watch: Near 50-DEMA with MACD/ADX/Vol OK,45.0,WATCH,Near50,3.23,Double Bottom,No,0.0
KBR,2025-12-19,Stage: Mark-Down,85.0,WATCH,STAGE,,Double Bottom,Yes
KBR,2025-12-19,SELL_TGT_6w:44.8946,11.4,TARGET,SELL_TGT_6w,3.12,Double Bottom,Yes
KBR,2025-12-19,SELL_TGT_8w:44.8946,11.4,TARGET,SELL_TGT_8w,3.12,Double Bottom,Yes
KBR,2025-12-19,SELL_TGT_12w:44.6043,10.68,TARGET,SELL_TGT_12w,3.12,Double Bottom,Yes
KBR,2025-12-19,SELL_TGT_18w:44.6043,10.68,TARGET,SELL_TGT_18w,3.12,Double Bottom,Yes
KBR,2025-12-19,SELL_TGT_30w:44.6043,10.68,TARGET,SELL_TGT_30w,3.12,Double Bottom,Yes
SizePct
KBR,2025-12-20,MACD Bearish below zero,50.0,SELL,MACD Bearish below zero,3.12,Double Bottom,No,2.5
GSK,2025-12-19,Stage: Mark-Up,65.0,WATCH,STAGE,,Double Bottom,No
GSK,2025-12-19,SELL_TGT_6w:48.975,0.75,TARGET,SELL_TGT_6w,1.61,Double Bottom,No
GSK,2025-12-19,SELL_TGT_8w:48.975,0.75,TARGET,SELL_TGT_8w,1.61,Double Bottom,No
GSK,2025-12-19,SELL_TGT_12w:48.7516,0.29,TARGET,SELL_TGT_12w,1.61,Double Bottom,No
GSK,2025-12-19,SELL_TGT_18w:48.7516,0.29,TARGET,SELL_TGT_18w,1.61,Double Bottom,No
GSK,2025-12-19,SELL_TGT_30w:48.7516,0.29,TARGET,SELL_TGT_30w,1.61,Double Bottom,No
AGX,2025-12-19,Stage: Mark-Up,70.0,WATCH,STAGE,,,No
AGX,2025-12-19,SELL_TGT_6w:391.9464,20.38,TARGET,SELL_TGT_6w,7.33,,No
AGX,2025-12-19,SELL_TGT_8w:391.9464,20.38,TARGET,SELL_TGT_8w,7.33,,No
AGX,2025-12-19,SELL_TGT_12w:387.0439,18.87,TARGET,SELL_TGT_12w,7.33,,No
AGX,2025-12-19,SELL_TGT_18w:387.0439,18.87,TARGET,SELL_TGT_18w,7.33,,No
AGX,2025-12-19,SELL_TGT_30w:387.0439,18.87,TARGET,SELL_TGT_30w,7.33,,No
SizePct
AGX,2025-12-20,Overbought (>27% above 200 DEMA),26.5,SELL,Overbought (>27% above 200 DEMA),7.33,-,No,1.33
SizePct
AGX,2025-12-20,MACD Bearish below zero,26.5,SELL,MACD Bearish below zero,7.33,-,No,1.33
SizePct
AGX,2025-12-20,Watch: Near 50-DEMA with MACD/ADX/Vol OK,45.0,WATCH,Near50,7.33,-,No,0.0
CMRE,2025-12-19,Stage: Mark-Up,65.0,WATCH,STAGE,,Double Bottom,No
CMRE,2025-12-19,SELL_TGT_6w:16.2511,6.7,TARGET,SELL_TGT_6w,2.66,Double Bottom,No
CMRE,2025-12-19,SELL_TGT_8w:16.2511,6.7,TARGET,SELL_TGT_8w,2.66,Double Bottom,No
CMRE,2025-12-19,SELL_TGT_12w:16.1518,6.05,TARGET,SELL_TGT_12w,2.66,Double Bottom,No
CMRE,2025-12-19,SELL_TGT_18w:16.1518,6.05,TARGET,SELL_TGT_18w,2.66,Double Bottom,No
CMRE,2025-12-19,SELL_TGT_30w:16.1518,6.05,TARGET,SELL_TGT_30w,2.66,Double Bottom,No
SizePct
CMRE,2025-12-20,Overbought (>27% above 200 DEMA),30.0,SELL,Overbought (>27% above 200 DEMA),2.66,Double Bottom,No,1.5
TSLA,2025-12-19,Stage: Mark-Up,85.0,WATCH,STAGE,,Double Bottom,No
TSLA,2025-12-19,SELL_TGT_6w:486.012,1.0,TARGET,SELL_TGT_6w,3.69,Double Bottom,No
TSLA,2025-12-19,SELL_TGT_8w:486.012,1.0,TARGET,SELL_TGT_8w,3.69,Double Bottom,No
TSLA,2025-12-19,SELL_TGT_12w:486.012,1.0,TARGET,SELL_TGT_12w,3.69,Double Bottom,No
TSLA,2025-12-19,SELL_TGT_18w:486.012,1.0,TARGET,SELL_TGT_18w,3.69,Double Bottom,No
TSLA,2025-12-19,SELL_TGT_30w:486.012,1.0,TARGET,SELL_TGT_30w,3.69,Double Bottom,No
SizePct
TSLA,2025-12-20,Overbought (>27% above 200 DEMA),47.4,SELL,Overbought (>27% above 200 DEMA),3.69,Double Bottom,No,2.37
SizePct
TSLA,2025-12-20,Watch: Near 50-DEMA with MACD/ADX/Vol OK,45.0,WATCH,Near50,3.69,Double Bottom,No,0.0
GAMR,2025-12-19,Stage: Accumulation,50.0,WATCH,STAGE,,Double Bottom,No
GAMR,2025-12-19,SELL_TGT_6w:93.8963,3.22,TARGET,SELL_TGT_6w,1.18,Double Bottom,No
GAMR,2025-12-19,SELL_TGT_8w:93.8963,3.22,TARGET,SELL_TGT_8w,1.18,Double Bottom,No
GAMR,2025-12-19,SELL_TGT_12w:93.5205,2.8,TARGET,SELL_TGT_12w,1.18,Double Bottom,No
GAMR,2025-12-19,SELL_TGT_18w:93.5205,2.8,TARGET,SELL_TGT_18w,1.18,Double Bottom,No
GAMR,2025-12-19,SELL_TGT_30w:93.5205,2.8,TARGET,SELL_TGT_30w,1.18,Double Bottom,No
SizePct
GAMR,2025-12-20,MACD Bearish below zero,50.0,SELL,MACD Bearish below zero,1.18,Double Bottom,No,2.5
GD,2025-12-19,Stage: Mark-Up,85.0,WATCH,STAGE,,Triple Bottom,No
GD,2025-12-19,SELL_TGT_6w:342.9886,1.07,TARGET,SELL_TGT_6w,1.69,Triple Bottom,No
GD,2025-12-19,SELL_TGT_8w:342.9886,1.07,TARGET,SELL_TGT_8w,1.69,Triple Bottom,No
GD,2025-12-19,SELL_TGT_12w:341.6877,0.69,TARGET,SELL_TGT_12w,1.69,Triple Bottom,No
GD,2025-12-19,SELL_TGT_18w:341.6877,0.69,TARGET,SELL_TGT_18w,1.69,Triple Bottom,No
GD,2025-12-19,SELL_TGT_30w:341.6877,0.69,TARGET,SELL_TGT_30w,1.69,Triple Bottom,No
SizePct
GD,2025-12-20,Watch: Near 50-DEMA with MACD/ADX/Vol OK,45.0,WATCH,Near50,1.69,Triple Bottom,No,0.0
LMAT,2025-12-19,Stage: Accumulation,85.0,WATCH,STAGE,,Triple Bottom,No
LMAT,2025-12-19,SELL_TGT_6w:88.6291,4.32,TARGET,SELL_TGT_6w,2.82,Triple Bottom,No
LMAT,2025-12-19,SELL_TGT_8w:88.6291,4.32,TARGET,SELL_TGT_8w,2.82,Triple Bottom,No
LMAT,2025-12-19,SELL_TGT_12w:88.0952,3.69,TARGET,SELL_TGT_12w,2.82,Triple Bottom,No
LMAT,2025-12-19,SELL_TGT_18w:88.0952,3.69,TARGET,SELL_TGT_18w,2.82,Triple Bottom,No
LMAT,2025-12-19,SELL_TGT_30w:88.0952,3.69,TARGET,SELL_TGT_30w,2.82,Triple Bottom,No
GTX,2025-12-19,Stage: Mark-Up,85.0,WATCH,STAGE,,Triple Bottom,No
GTX,2025-12-19,SELL_TGT_6w:17.5639,1.0,TARGET,SELL_TGT_6w,2.42,Triple Bottom,No
GTX,2025-12-19,SELL_TGT_8w:17.5639,1.0,TARGET,SELL_TGT_8w,2.42,Triple Bottom,No
GTX,2025-12-19,SELL_TGT_12w:17.5639,1.0,TARGET,SELL_TGT_12w,2.42,Triple Bottom,No
GTX,2025-12-19,SELL_TGT_18w:17.5639,1.0,TARGET,SELL_TGT_18w,2.42,Triple Bottom,No
GTX,2025-12-19,SELL_TGT_30w:17.5639,1.0,TARGET,SELL_TGT_30w,2.42,Triple Bottom,No
SizePct
GTX,2025-12-20,Overbought (>27% above 200 DEMA),45.0,SELL,Overbought (>27% above 200 DEMA),2.42,Triple Bottom,No,2.25
SizePct
GTX,2025-12-20,Watch: Near 50-DEMA with MACD/ADX/Vol OK,45.0,WATCH,Near50,2.42,Triple Bottom,No,0.0
LUNR,2025-12-19,Stage: Mark-Up,85.0,WATCH,STAGE,,Cup and Handle,No
LUNR,2025-12-19,SELL_TGT_6w:15.0894,1.0,TARGET,SELL_TGT_6w,7.65,Cup and Handle,No
LUNR,2025-12-19,SELL_TGT_8w:15.0894,1.0,TARGET,SELL_TGT_8w,7.65,Cup and Handle,No
LUNR,2025-12-19,SELL_TGT_12w:15.0894,1.0,TARGET,SELL_TGT_12w,7.65,Cup and Handle,No
LUNR,2025-12-19,SELL_TGT_18w:15.0894,1.0,TARGET,SELL_TGT_18w,7.65,Cup and Handle,No
LUNR,2025-12-19,SELL_TGT_30w:15.0894,1.0,TARGET,SELL_TGT_30w,7.65,Cup and Handle,No
SizePct
LUNR,2025-12-20,Overbought (>27% above 200 DEMA),41.0,SELL,Overbought (>27% above 200 DEMA),7.65,Cup and Handle,No,2.05
SizePct
LUNR,2025-12-20,Watch: Near 50-DEMA with MACD/ADX/Vol OK,45.0,WATCH,Near50,7.65,Cup and Handle,No,0.0
SH,2025-12-19,Stage: Accumulation,100.0,WATCH,STAGE,,Triple Bottom,No
SH,2025-12-19,SELL_TGT_6w:37.9852,4.04,TARGET,SELL_TGT_6w,0.92,Triple Bottom,No
SH,2025-12-19,SELL_TGT_8w:37.9852,4.04,TARGET,SELL_TGT_8w,0.92,Triple Bottom,No
SH,2025-12-19,SELL_TGT_12w:37.8954,3.79,TARGET,SELL_TGT_12w,0.92,Triple Bottom,No
SH,2025-12-19,SELL_TGT_18w:37.8954,3.79,TARGET,SELL_TGT_18w,0.92,Triple Bottom,No
SH,2025-12-19,SELL_TGT_30w:37.8954,3.79,TARGET,SELL_TGT_30w,0.92,Triple Bottom,No
CGNX,2025-12-19,Stage: Accumulation,85.0,WATCH,STAGE,,Double Bottom,Yes
CGNX,2025-12-19,SELL_TGT_6w:38.5912,4.87,TARGET,SELL_TGT_6w,3.51,Double Bottom,Yes
CGNX,2025-12-19,SELL_TGT_8w:38.5912,4.87,TARGET,SELL_TGT_8w,3.51,Double Bottom,Yes
CGNX,2025-12-19,SELL_TGT_12w:38.192,3.78,TARGET,SELL_TGT_12w,3.51,Double Bottom,Yes
CGNX,2025-12-19,SELL_TGT_18w:38.192,3.78,TARGET,SELL_TGT_18w,3.51,Double Bottom,Yes
CGNX,2025-12-19,SELL_TGT_30w:38.192,3.78,TARGET,SELL_TGT_30w,3.51,Double Bottom,Yes
HERO,2025-12-19,Stage: Accumulation,85.0,WATCH,STAGE,,Triple Bottom,No
HERO,2025-12-19,SELL_TGT_6w:31.3626,4.82,TARGET,SELL_TGT_6w,1.14,Triple Bottom,No
HERO,2025-12-19,SELL_TGT_8w:31.3626,4.82,TARGET,SELL_TGT_8w,1.14,Triple Bottom,No
HERO,2025-12-19,SELL_TGT_12w:31.2443,4.43,TARGET,SELL_TGT_12w,1.14,Triple Bottom,No
HERO,2025-12-19,SELL_TGT_18w:31.2443,4.43,TARGET,SELL_TGT_18w,1.14,Triple Bottom,No
HERO,2025-12-19,SELL_TGT_30w:31.2443,4.43,TARGET,SELL_TGT_30w,1.14,Triple Bottom,No
SizePct
HERO,2025-12-20,MACD Bearish below zero,50.0,SELL,MACD Bearish below zero,1.14,Triple Bottom,No,2.5
TDOC,2025-12-19,Stage: Accumulation,100.0,WATCH,STAGE,,Double Bottom,Yes
TDOC,2025-12-19,SELL_TGT_6w:7.6799,6.22,TARGET,SELL_TGT_6w,3.75,Double Bottom,Yes
TDOC,2025-12-19,SELL_TGT_8w:7.6799,6.22,TARGET,SELL_TGT_8w,3.75,Double Bottom,Yes
TDOC,2025-12-19,SELL_TGT_12w:7.5732,4.75,TARGET,SELL_TGT_12w,3.75,Double Bottom,Yes
TDOC,2025-12-19,SELL_TGT_18w:7.5732,4.75,TARGET,SELL_TGT_18w,3.75,Double Bottom,Yes
TDOC,2025-12-19,SELL_TGT_30w:7.5732,4.75,TARGET,SELL_TGT_30w,3.75,Double Bottom,Yes
SizePct
TDOC,2025-12-20,MACD Bearish below zero,50.0,SELL,MACD Bearish below zero,3.75,Double Bottom,No,2.5
VBK,2025-12-19,Stage: Mark-Up,85.0,WATCH,STAGE,,Double Bottom,No
VBK,2025-12-19,SELL_TGT_6w:310.9923,1.24,TARGET,SELL_TGT_6w,1.57,Double Bottom,No
VBK,2025-12-19,SELL_TGT_8w:310.9923,1.24,TARGET,SELL_TGT_8w,1.57,Double Bottom,No
VBK,2025-12-19,SELL_TGT_12w:309.7671,0.84,TARGET,SELL_TGT_12w,1.57,Double Bottom,No
VBK,2025-12-19,SELL_TGT_18w:309.7671,0.84,TARGET,SELL_TGT_18w,1.57,Double Bottom,No
VBK,2025-12-19,SELL_TGT_30w:309.7671,0.84,TARGET,SELL_TGT_30w,1.57,Double Bottom,No
SizePct
VBK,2025-12-20,Watch: Near 50-DEMA with MACD/ADX/Vol OK,45.0,WATCH,Near50,1.57,Double Bottom,No,0.0
EVGO,2025-12-19,Stage: Mark-Down,65.0,WATCH,STAGE,,,No
EVGO,2025-12-19,SELL_TGT_6w:3.4635,13.56,TARGET,SELL_TGT_6w,5.55,,No
EVGO,2025-12-19,SELL_TGT_8w:3.4635,13.56,TARGET,SELL_TGT_8w,5.55,,No
EVGO,2025-12-19,SELL_TGT_12w:3.4091,11.77,TARGET,SELL_TGT_12w,5.55,,No
EVGO,2025-12-19,SELL_TGT_18w:3.4091,11.77,TARGET,SELL_TGT_18w,5.55,,No
EVGO,2025-12-19,SELL_TGT_30w:3.4091,11.77,TARGET,SELL_TGT_30w,5.55,,No
ZEPP,2025-12-19,Stage: Accumulation,65.0,WATCH,STAGE,,Double Bottom,No
ZEPP,2025-12-19,SELL_TGT_6w:29.1575,5.03,TARGET,SELL_TGT_6w,8.36,Double Bottom,No
ZEPP,2025-12-19,SELL_TGT_8w:29.1575,5.03,TARGET,SELL_TGT_8w,8.36,Double Bottom,No
ZEPP,2025-12-19,SELL_TGT_12w:28.3291,2.05,TARGET,SELL_TGT_12w,8.36,Double Bottom,No
ZEPP,2025-12-19,SELL_TGT_18w:28.3291,2.05,TARGET,SELL_TGT_18w,8.36,Double Bottom,No
ZEPP,2025-12-19,SELL_TGT_30w:28.3291,2.05,TARGET,SELL_TGT_30w,8.36,Double Bottom,No
FBP,2025-12-19,Stage: Mark-Up,85.0,WATCH,STAGE,,Double Bottom,No
FBP,2025-12-19,SELL_TGT_6w:21.6948,1.0,TARGET,SELL_TGT_6w,2.15,Double Bottom,No
FBP,2025-12-19,SELL_TGT_8w:21.6948,1.0,TARGET,SELL_TGT_8w,2.15,Double Bottom,No
FBP,2025-12-19,SELL_TGT_12w:21.6948,1.0,TARGET,SELL_TGT_12w,2.15,Double Bottom,No
FBP,2025-12-19,SELL_TGT_18w:21.6948,1.0,TARGET,SELL_TGT_18w,2.15,Double Bottom,No
FBP,2025-12-19,SELL_TGT_30w:21.6948,1.0,TARGET,SELL_TGT_30w,2.15,Double Bottom,No
SizePct
FBP,2025-12-20,Watch: Near 50-DEMA with MACD/ADX/Vol OK,45.0,WATCH,Near50,2.15,Double Bottom,No,0.0
TME,2025-12-19,Stage: Accumulation,85.0,WATCH,STAGE,,Triple Bottom,No
TME,2025-12-19,SELL_TGT_6w:18.6776,4.99,TARGET,SELL_TGT_6w,2.17,Triple Bottom,No
TME,2025-12-19,SELL_TGT_8w:18.6776,4.99,TARGET,SELL_TGT_8w,2.17,Triple Bottom,No
TME,2025-12-19,SELL_TGT_12w:18.5159,4.08,TARGET,SELL_TGT_12w,2.17,Triple Bottom,No
TME,2025-12-19,SELL_TGT_18w:18.5159,4.08,TARGET,SELL_TGT_18w,2.17,Triple Bottom,No
TME,2025-12-19,SELL_TGT_30w:18.5159,4.08,TARGET,SELL_TGT_30w,2.17,Triple Bottom,No
NDAQ,2025-12-19,Stage: Mark-Up,85.0,WATCH,STAGE,,Double Bottom,No
NDAQ,2025-12-19,SELL_TGT_6w:96.3136,1.0,TARGET,SELL_TGT_6w,1.7,Double Bottom,No
NDAQ,2025-12-19,SELL_TGT_8w:96.3136,1.0,TARGET,SELL_TGT_8w,1.7,Double Bottom,No
NDAQ,2025-12-19,SELL_TGT_12w:96.3136,1.0,TARGET,SELL_TGT_12w,1.7,Double Bottom,No
NDAQ,2025-12-19,SELL_TGT_18w:96.3136,1.0,TARGET,SELL_TGT_18w,1.7,Double Bottom,No
NDAQ,2025-12-19,SELL_TGT_30w:96.3136,1.0,TARGET,SELL_TGT_30w,1.7,Double Bottom,No
SizePct
NDAQ,2025-12-20,Watch: Near 50-DEMA with MACD/ADX/Vol OK,45.0,WATCH,Near50,1.7,Double Bottom,No,0.0
FUNC,2025-12-19,Stage: Mark-Up,85.0,WATCH,STAGE,,Double Bottom,No
FUNC,2025-12-19,SELL_TGT_6w:40.6929,1.0,TARGET,SELL_TGT_6w,1.85,Double Bottom,No
FUNC,2025-12-19,SELL_TGT_8w:40.6929,1.0,TARGET,SELL_TGT_8w,1.85,Double Bottom,No
FUNC,2025-12-19,SELL_TGT_12w:40.6929,1.0,TARGET,SELL_TGT_12w,1.85,Double Bottom,No
FUNC,2025-12-19,SELL_TGT_18w:40.6929,1.0,TARGET,SELL_TGT_18w,1.85,Double Bottom,No
FUNC,2025-12-19,SELL_TGT_30w:40.6929,1.0,TARGET,SELL_TGT_30w,1.85,Double Bottom,No
SizePct
FUNC,2025-12-20,Watch: Near 50-DEMA with MACD/ADX/Vol OK,45.0,WATCH,Near50,1.85,Double Bottom,No,0.0
LOGI,2025-12-19,Stage: Accumulation,70.0,WATCH,STAGE,,,No
LOGI,2025-12-19,SELL_TGT_6w:119.7419,14.83,TARGET,SELL_TGT_6w,2.86,,No
LOGI,2025-12-19,SELL_TGT_8w:119.7419,14.83,TARGET,SELL_TGT_8w,2.86,,No
LOGI,2025-12-19,SELL_TGT_12w:118.9832,14.1,TARGET,SELL_TGT_12w,2.86,,No
LOGI,2025-12-19,SELL_TGT_18w:118.9832,14.1,TARGET,SELL_TGT_18w,2.86,,No
LOGI,2025-12-19,SELL_TGT_30w:118.9832,14.1,TARGET,SELL_TGT_30w,2.86,,No
SizePct
LOGI,2025-12-20,MACD Bearish below zero,50.0,SELL,MACD Bearish below zero,2.86,-,No,2.5
LHX,2025-12-19,Stage: Mark-Up,70.0,WATCH,STAGE,,Triple Bottom,No
LHX,2025-12-19,SELL_TGT_6w:290.8132,1.17,TARGET,SELL_TGT_6w,2.22,Triple Bottom,No
LHX,2025-12-19,SELL_TGT_8w:290.8132,1.17,TARGET,SELL_TGT_8w,2.22,Triple Bottom,No
LHX,2025-12-19,SELL_TGT_12w:289.4287,0.69,TARGET,SELL_TGT_12w,2.22,Triple Bottom,No
LHX,2025-12-19,SELL_TGT_18w:289.4287,0.69,TARGET,SELL_TGT_18w,2.22,Triple Bottom,No
LHX,2025-12-19,SELL_TGT_30w:289.4287,0.69,TARGET,SELL_TGT_30w,2.22,Triple Bottom,No
SizePct
LHX,2025-12-20,Watch: Near 50-DEMA with MACD/ADX/Vol OK,45.0,WATCH,Near50,2.22,Triple Bottom,No,0.0
HIMX,2025-12-19,Stage: Accumulation,70.0,WATCH,STAGE,,,No
HIMX,2025-12-19,SELL_TGT_6w:9.6947,19.69,TARGET,SELL_TGT_6w,5.44,,No
HIMX,2025-12-19,SELL_TGT_8w:9.6947,19.69,TARGET,SELL_TGT_8w,5.44,,No
HIMX,2025-12-19,SELL_TGT_12w:9.5978,18.49,TARGET,SELL_TGT_12w,5.44,,No
HIMX,2025-12-19,SELL_TGT_18w:9.5978,18.49,TARGET,SELL_TGT_18w,5.44,,No
HIMX,2025-12-19,SELL_TGT_30w:9.5978,18.49,TARGET,SELL_TGT_30w,5.44,,No
SCHD,2025-12-19,Stage: Accumulation,100.0,WATCH,STAGE,,Triple Bottom,Yes
SCHD,2025-12-19,SELL_TGT_6w:27.8055,1.26,TARGET,SELL_TGT_6w,0.91,Triple Bottom,Yes
SCHD,2025-12-19,SELL_TGT_8w:27.8055,1.26,TARGET,SELL_TGT_8w,0.91,Triple Bottom,Yes
SCHD,2025-12-19,SELL_TGT_12w:27.7425,1.03,TARGET,SELL_TGT_12w,0.91,Triple Bottom,Yes
SCHD,2025-12-19,SELL_TGT_18w:27.7425,1.03,TARGET,SELL_TGT_18w,0.91,Triple Bottom,Yes
SCHD,2025-12-19,SELL_TGT_30w:27.7425,1.03,TARGET,SELL_TGT_30w,0.91,Triple Bottom,Yes
CMCSA,2025-12-19,Stage: Accumulation,70.0,WATCH,STAGE,,Triple Bottom,Yes
CMCSA,2025-12-19,SELL_TGT_6w:29.8657,1.0,TARGET,SELL_TGT_6w,2.93,Triple Bottom,Yes
CMCSA,2025-12-19,SELL_TGT_8w:29.8657,1.0,TARGET,SELL_TGT_8w,2.93,Triple Bottom,Yes
CMCSA,2025-12-19,SELL_TGT_12w:29.8657,1.0,TARGET,SELL_TGT_12w,2.93,Triple Bottom,Yes
CMCSA,2025-12-19,SELL_TGT_18w:29.8657,1.0,TARGET,SELL_TGT_18w,2.93,Triple Bottom,Yes
CMCSA,2025-12-19,SELL_TGT_30w:29.8657,1.0,TARGET,SELL_TGT_30w,2.93,Triple Bottom,Yes
BTDR,2025-12-19,Stage: Mark-Down,65.0,WATCH,STAGE,,,Yes
BTDR,2025-12-19,SELL_TGT_6w:13.0277,18.33,TARGET,SELL_TGT_6w,7.79,,Yes
BTDR,2025-12-19,SELL_TGT_8w:13.0277,18.33,TARGET,SELL_TGT_8w,7.79,,Yes
BTDR,2025-12-19,SELL_TGT_12w:12.5862,14.32,TARGET,SELL_TGT_12w,7.79,,Yes
BTDR,2025-12-19,SELL_TGT_18w:12.5862,14.32,TARGET,SELL_TGT_18w,7.79,,Yes
BTDR,2025-12-19,SELL_TGT_30w:12.5862,14.32,TARGET,SELL_TGT_30w,7.79,,Yes
INTC,2025-12-19,Stage: Distribution,60.0,WATCH,STAGE,,,Yes
INTC,2025-12-19,SELL_TGT_6w:43.2911,17.57,TARGET,SELL_TGT_6w,5.47,,Yes
INTC,2025-12-19,SELL_TGT_8w:43.2911,17.57,TARGET,SELL_TGT_8w,5.47,,Yes
INTC,2025-12-19,SELL_TGT_12w:42.8052,16.26,TARGET,SELL_TGT_12w,5.47,,Yes
INTC,2025-12-19,SELL_TGT_18w:42.8052,16.26,TARGET,SELL_TGT_18w,5.47,,Yes
INTC,2025-12-19,SELL_TGT_30w:42.8052,16.26,TARGET,SELL_TGT_30w,5.47,,Yes
SizePct
INTC,2025-12-20,MACD Bearish below zero,38.6,SELL,MACD Bearish below zero,5.47,-,No,1.93
SizePct
INTC,2025-12-20,Watch: Near 50-DEMA with MACD/ADX/Vol OK,45.0,WATCH,Near50,5.47,-,No,0.0
ZTEK,2025-12-19,Stage: Accumulation,65.0,WATCH,STAGE,,Double Bottom,No
ZTEK,2025-12-19,SELL_TGT_6w:0.7862,6.24,TARGET,SELL_TGT_6w,5.97,Double Bottom,No
ZTEK,2025-12-19,SELL_TGT_8w:0.8062,8.95,TARGET,SELL_TGT_8w,5.97,Double Bottom,No
ZTEK,2025-12-19,SELL_TGT_12w:0.8697,17.53,TARGET,SELL_TGT_12w,5.97,Double Bottom,No
ZTEK,2025-12-19,SELL_TGT_18w:0.8697,17.53,TARGET,SELL_TGT_18w,5.97,Double Bottom,No
ZTEK,2025-12-19,SELL_TGT_30w:0.8697,17.53,TARGET,SELL_TGT_30w,5.97,Double Bottom,No
IPO,2025-12-19,Stage: Accumulation,100.0,WATCH,STAGE,,Cup and Handle,No
IPO,2025-12-19,SELL_TGT_6w:48.104,2.72,TARGET,SELL_TGT_6w,2.25,Cup and Handle,No
IPO,2025-12-19,SELL_TGT_8w:48.104,2.72,TARGET,SELL_TGT_8w,2.25,Cup and Handle,No
IPO,2025-12-19,SELL_TGT_12w:47.8,2.07,TARGET,SELL_TGT_12w,2.25,Cup and Handle,No
IPO,2025-12-19,SELL_TGT_18w:47.8,2.07,TARGET,SELL_TGT_18w,2.25,Cup and Handle,No
IPO,2025-12-19,SELL_TGT_30w:47.8,2.07,TARGET,SELL_TGT_30w,2.25,Cup and Handle,No
SizePct
IPO,2025-12-20,Watch: Near 50-DEMA with MACD/ADX/Vol OK,45.0,WATCH,Near50,2.25,Cup and Handle,No,0.0
XPRO,2025-12-19,Stage: Accumulation,70.0,WATCH,STAGE,,,No
XPRO,2025-12-19,SELL_TGT_6w:14.8632,14.6,TARGET,SELL_TGT_6w,4.31,,No
XPRO,2025-12-19,SELL_TGT_8w:14.8632,14.6,TARGET,SELL_TGT_8w,4.31,,No
XPRO,2025-12-19,SELL_TGT_12w:14.7453,13.69,TARGET,SELL_TGT_12w,4.31,,No
XPRO,2025-12-19,SELL_TGT_18w:14.7453,13.69,TARGET,SELL_TGT_18w,4.31,,No
XPRO,2025-12-19,SELL_TGT_30w:14.7453,13.69,TARGET,SELL_TGT_30w,4.31,,No
SizePct
XPRO,2025-12-20,MACD Bearish below zero,50.0,SELL,MACD Bearish below zero,4.31,-,No,2.5
IT,2025-12-19,Stage: Accumulation,50.0,WATCH,STAGE,,Double Bottom,Yes
IT,2025-12-19,SELL_TGT_6w:253.2676,1.0,TARGET,SELL_TGT_6w,2.53,Double Bottom,Yes
IT,2025-12-19,SELL_TGT_8w:253.2676,1.0,TARGET,SELL_TGT_8w,2.53,Double Bottom,Yes
IT,2025-12-19,SELL_TGT_12w:253.2676,1.0,TARGET,SELL_TGT_12w,2.53,Double Bottom,Yes
IT,2025-12-19,SELL_TGT_18w:253.2676,1.0,TARGET,SELL_TGT_18w,2.53,Double Bottom,Yes
IT,2025-12-19,SELL_TGT_30w:253.2676,1.0,TARGET,SELL_TGT_30w,2.53,Double Bottom,Yes
RCL,2025-12-19,Stage: Mark-Up,70.0,WATCH,STAGE,,,No
RCL,2025-12-19,SELL_TGT_6w:296.5259,1.0,TARGET,SELL_TGT_6w,3.49,,No
RCL,2025-12-19,SELL_TGT_8w:296.5259,1.0,TARGET,SELL_TGT_8w,3.49,,No
RCL,2025-12-19,SELL_TGT_12w:296.5259,1.0,TARGET,SELL_TGT_12w,3.49,,No
RCL,2025-12-19,SELL_TGT_18w:296.5259,1.0,TARGET,SELL_TGT_18w,3.49,,No
RCL,2025-12-19,SELL_TGT_30w:296.5259,1.0,TARGET,SELL_TGT_30w,3.49,,No
SizePct
RCL,2025-12-20,Watch: Near 50-DEMA with MACD/ADX/Vol OK,45.0,WATCH,Near50,3.49,-,No,0.0
DUK,2025-12-19,Stage: Accumulation,85.0,WATCH,STAGE,,Triple Bottom,No
DUK,2025-12-19,SELL_TGT_6w:125.382,8.5,TARGET,SELL_TGT_6w,1.5,Triple Bottom,No
DUK,2025-12-19,SELL_TGT_8w:125.382,8.5,TARGET,SELL_TGT_8w,1.5,Triple Bottom,No
DUK,2025-12-19,SELL_TGT_12w:125.0166,8.18,TARGET,SELL_TGT_12w,1.5,Triple Bottom,No
DUK,2025-12-19,SELL_TGT_18w:125.0166,8.18,TARGET,SELL_TGT_18w,1.5,Triple Bottom,No
DUK,2025-12-19,SELL_TGT_30w:125.0166,8.18,TARGET,SELL_TGT_30w,1.5,Triple Bottom,No
RDW,2025-12-19,Stage: Neutral/Transition,35.0,WATCH,STAGE,,Cup and Handle,No
RDW,2025-12-19,SELL_TGT_6w:8.08,1.0,TARGET,SELL_TGT_6w,9.57,Cup and Handle,No
RDW,2025-12-19,SELL_TGT_8w:8.08,1.0,TARGET,SELL_TGT_8w,9.57,Cup and Handle,No
RDW,2025-12-19,SELL_TGT_12w:8.0519,0.65,TARGET,SELL_TGT_12w,9.57,Cup and Handle,No
RDW,2025-12-19,SELL_TGT_18w:8.0519,0.65,TARGET,SELL_TGT_18w,9.57,Cup and Handle,No
RDW,2025-12-19,SELL_TGT_30w:8.0519,0.65,TARGET,SELL_TGT_30w,9.57,Cup and Handle,No
MNDY,2025-12-19,Stage: Accumulation,65.0,WATCH,STAGE,,,Yes
MNDY,2025-12-19,SELL_TGT_6w:161.3919,9.73,TARGET,SELL_TGT_6w,3.82,,Yes
MNDY,2025-12-19,SELL_TGT_8w:161.3919,9.73,TARGET,SELL_TGT_8w,3.82,,Yes
MNDY,2025-12-19,SELL_TGT_12w:159.3264,8.33,TARGET,SELL_TGT_12w,3.82,,Yes
MNDY,2025-12-19,SELL_TGT_18w:159.3264,8.33,TARGET,SELL_TGT_18w,3.82,,Yes
MNDY,2025-12-19,SELL_TGT_30w:159.3264,8.33,TARGET,SELL_TGT_30w,3.82,,Yes
CBOE,2025-12-19,Stage: Neutral/Transition,35.0,WATCH,STAGE,,Triple Bottom,No
CBOE,2025-12-19,SELL_TGT_6w:256.6955,3.81,TARGET,SELL_TGT_6w,1.84,Triple Bottom,No
CBOE,2025-12-19,SELL_TGT_8w:261.3255,5.68,TARGET,SELL_TGT_8w,1.84,Triple Bottom,No
CBOE,2025-12-19,SELL_TGT_12w:260.2225,5.24,TARGET,SELL_TGT_12w,1.84,Triple Bottom,No
CBOE,2025-12-19,SELL_TGT_18w:260.2225,5.24,TARGET,SELL_TGT_18w,1.84,Triple Bottom,No
CBOE,2025-12-19,SELL_TGT_30w:260.2225,5.24,TARGET,SELL_TGT_30w,1.84,Triple Bottom,No
SizePct
CBOE,2025-12-20,MACD Bearish below zero,50.0,SELL,MACD Bearish below zero,1.84,Triple Bottom,No,2.5
USAR,2025-12-19,Stage: Accumulation,85.0,WATCH,STAGE,,Double Bottom,No
USAR,2025-12-19,SELL_TGT_6w:18.0421,30.36,TARGET,SELL_TGT_6w,13.03,Double Bottom,No
USAR,2025-12-19,SELL_TGT_8w:18.0421,30.36,TARGET,SELL_TGT_8w,13.03,Double Bottom,No
USAR,2025-12-19,SELL_TGT_12w:17.3902,25.65,TARGET,SELL_TGT_12w,13.03,Double Bottom,No
USAR,2025-12-19,SELL_TGT_18w:17.3902,25.65,TARGET,SELL_TGT_18w,13.03,Double Bottom,No
USAR,2025-12-19,SELL_TGT_30w:17.3902,25.65,TARGET,SELL_TGT_30w,13.03,Double Bottom,No
SizePct
USAR,2025-12-20,MACD Bearish below zero,38.0,SELL,MACD Bearish below zero,13.03,Double Bottom,No,1.9
SATL,2025-12-19,Stage: Mark-Down,65.0,WATCH,STAGE,,Cup and Handle,No
SATL,2025-12-19,SELL_TGT_6w:2.2391,8.69,TARGET,SELL_TGT_6w,8.44,Cup and Handle,No
SATL,2025-12-19,SELL_TGT_8w:2.2391,8.69,TARGET,SELL_TGT_8w,8.44,Cup and Handle,No
SATL,2025-12-19,SELL_TGT_12w:2.1818,5.91,TARGET,SELL_TGT_12w,8.44,Cup and Handle,No
SATL,2025-12-19,SELL_TGT_18w:2.1818,5.91,TARGET,SELL_TGT_18w,8.44,Cup and Handle,No
SATL,2025-12-19,SELL_TGT_30w:2.1818,5.91,TARGET,SELL_TGT_30w,8.44,Cup and Handle,No
DELL,2025-12-19,Stage: Accumulation,100.0,WATCH,STAGE,,,No
DELL,2025-12-19,SELL_TGT_6w:140.0297,10.77,TARGET,SELL_TGT_6w,4.14,,No
DELL,2025-12-19,SELL_TGT_8w:140.0297,10.77,TARGET,SELL_TGT_8w,4.14,,No
DELL,2025-12-19,SELL_TGT_12w:138.4895,9.55,TARGET,SELL_TGT_12w,4.14,,No
DELL,2025-12-19,SELL_TGT_18w:138.4895,9.55,TARGET,SELL_TGT_18w,4.14,,No
DELL,2025-12-19,SELL_TGT_30w:138.4895,9.55,TARGET,SELL_TGT_30w,4.14,,No
SizePct
DELL,2025-12-20,MACD Bearish below zero,50.0,SELL,MACD Bearish below zero,4.14,-,No,2.5
TSM,2025-12-19,Stage: Mark-Up,70.0,WATCH,STAGE,,Double Bottom,No
TSM,2025-12-19,SELL_TGT_6w:310.6323,7.5,TARGET,SELL_TGT_6w,3.1,Double Bottom,No
TSM,2025-12-19,SELL_TGT_8w:310.6323,7.5,TARGET,SELL_TGT_8w,3.1,Double Bottom,No
TSM,2025-12-19,SELL_TGT_12w:308.4005,6.73,TARGET,SELL_TGT_12w,3.1,Double Bottom,No
TSM,2025-12-19,SELL_TGT_18w:308.4005,6.73,TARGET,SELL_TGT_18w,3.1,Double Bottom,No
TSM,2025-12-19,SELL_TGT_30w:308.4005,6.73,TARGET,SELL_TGT_30w,3.1,Double Bottom,No
SizePct
TSM,2025-12-20,MACD Bearish below zero,47.9,SELL,MACD Bearish below zero,3.1,Double Bottom,No,2.4
SizePct
TSM,2025-12-20,Watch: Near 50-DEMA with MACD/ADX/Vol OK,45.0,WATCH,Near50,3.1,Double Bottom,No,0.0
CFLT,2025-12-19,Stage: Mark-Up,85.0,WATCH,STAGE,,Cup and Handle,No
CFLT,2025-12-19,SELL_TGT_6w:30.2596,1.0,TARGET,SELL_TGT_6w,2.78,Cup and Handle,No
CFLT,2025-12-19,SELL_TGT_8w:30.2596,1.0,TARGET,SELL_TGT_8w,2.78,Cup and Handle,No
CFLT,2025-12-19,SELL_TGT_12w:30.2596,1.0,TARGET,SELL_TGT_12w,2.78,Cup and Handle,No
CFLT,2025-12-19,SELL_TGT_18w:30.2596,1.0,TARGET,SELL_TGT_18w,2.78,Cup and Handle,No
CFLT,2025-12-19,SELL_TGT_30w:30.2596,1.0,TARGET,SELL_TGT_30w,2.78,Cup and Handle,No
SizePct
CFLT,2025-12-20,Overbought (>27% above 200 DEMA),48.7,SELL,Overbought (>27% above 200 DEMA),2.78,Cup and Handle,No,2.43
SizePct
CFLT,2025-12-20,Watch: Near 50-DEMA with MACD/ADX/Vol OK,45.0,WATCH,Near50,2.78,Cup and Handle,No,0.0
GLBE,2025-12-19,Stage: Mark-Up,85.0,WATCH,STAGE,,,No
GLBE,2025-12-19,SELL_TGT_6w:41.2542,2.65,TARGET,SELL_TGT_6w,3.67,,No
GLBE,2025-12-19,SELL_TGT_8w:41.2542,2.65,TARGET,SELL_TGT_8w,3.67,,No
GLBE,2025-12-19,SELL_TGT_12w:40.9438,1.88,TARGET,SELL_TGT_12w,3.67,,No
GLBE,2025-12-19,SELL_TGT_18w:40.9438,1.88,TARGET,SELL_TGT_18w,3.67,,No
GLBE,2025-12-19,SELL_TGT_30w:40.9438,1.88,TARGET,SELL_TGT_30w,3.67,,No
SizePct
GLBE,2025-12-20,Watch: Near 50-DEMA with MACD/ADX/Vol OK,45.0,WATCH,Near50,3.67,-,No,0.0
STRT,2025-12-19,Stage: Distribution,80.0,WATCH,STAGE,,Triple Bottom,No
STRT,2025-12-19,SELL_TGT_6w:81.0525,1.0,TARGET,SELL_TGT_6w,4.08,Triple Bottom,No
STRT,2025-12-19,SELL_TGT_8w:81.0525,1.0,TARGET,SELL_TGT_8w,4.08,Triple Bottom,No
STRT,2025-12-19,SELL_TGT_12w:81.0525,1.0,TARGET,SELL_TGT_12w,4.08,Triple Bottom,No
STRT,2025-12-19,SELL_TGT_18w:81.0525,1.0,TARGET,SELL_TGT_18w,4.08,Triple Bottom,No
STRT,2025-12-19,SELL_TGT_30w:81.0525,1.0,TARGET,SELL_TGT_30w,4.08,Triple Bottom,No
SizePct
STRT,2025-12-20,Overbought (>27% above 200 DEMA),30.1,SELL,Overbought (>27% above 200 DEMA),4.08,Triple Bottom,No,1.51
TRI,2025-12-19,Stage: Accumulation,65.0,WATCH,STAGE,,Triple Bottom,Yes
TRI,2025-12-19,SELL_TGT_6w:134.6773,2.32,TARGET,SELL_TGT_6w,1.88,Triple Bottom,Yes
TRI,2025-12-19,SELL_TGT_8w:134.6773,2.32,TARGET,SELL_TGT_8w,1.88,Triple Bottom,Yes
TRI,2025-12-19,SELL_TGT_12w:133.8421,1.68,TARGET,SELL_TGT_12w,1.88,Triple Bottom,Yes
TRI,2025-12-19,SELL_TGT_18w:133.8421,1.68,TARGET,SELL_TGT_18w,1.88,Triple Bottom,Yes
TRI,2025-12-19,SELL_TGT_30w:133.8421,1.68,TARGET,SELL_TGT_30w,1.88,Triple Bottom,Yes
ALGT,2025-12-19,Stage: Mark-Up,85.0,WATCH,STAGE,,Double Bottom,No
ALGT,2025-12-19,SELL_TGT_6w:91.769,7.79,TARGET,SELL_TGT_6w,4.79,Double Bottom,No
ALGT,2025-12-19,SELL_TGT_8w:91.769,7.79,TARGET,SELL_TGT_8w,4.79,Double Bottom,No
ALGT,2025-12-19,SELL_TGT_12w:90.9484,6.82,TARGET,SELL_TGT_12w,4.79,Double Bottom,No
ALGT,2025-12-19,SELL_TGT_18w:90.9484,6.82,TARGET,SELL_TGT_18w,4.79,Double Bottom,No
ALGT,2025-12-19,SELL_TGT_30w:90.9484,6.82,TARGET,SELL_TGT_30w,4.79,Double Bottom,No
SizePct
ALGT,2025-12-20,Overbought (>27% above 200 DEMA),45.0,SELL,Overbought (>27% above 200 DEMA),4.79,Double Bottom,No,2.25
SizePct
ALGT,2025-12-20,Watch: Near 50-DEMA with MACD/ADX/Vol OK,45.0,WATCH,Near50,4.79,Double Bottom,No,0.0
RBRK,2025-12-19,Stage: Accumulation,70.0,WATCH,STAGE,,Double Bottom,Yes
RBRK,2025-12-19,SELL_TGT_6w:91.3784,16.88,TARGET,SELL_TGT_6w,6.36,Double Bottom,Yes
RBRK,2025-12-19,SELL_TGT_8w:91.3784,16.88,TARGET,SELL_TGT_8w,6.36,Double Bottom,Yes
RBRK,2025-12-19,SELL_TGT_12w:90.4507,15.7,TARGET,SELL_TGT_12w,6.36,Double Bottom,Yes
RBRK,2025-12-19,SELL_TGT_18w:90.4507,15.7,TARGET,SELL_TGT_18w,6.36,Double Bottom,Yes
RBRK,2025-12-19,SELL_TGT_30w:90.4507,15.7,TARGET,SELL_TGT_30w,6.36,Double Bottom,Yes
DAPP,2025-12-19,Stage: Accumulation,100.0,WATCH,STAGE,,Double Bottom,No
DAPP,2025-12-19,SELL_TGT_6w:19.9992,11.98,TARGET,SELL_TGT_6w,6.34,Double Bottom,No
DAPP,2025-12-19,SELL_TGT_8w:19.9992,11.98,TARGET,SELL_TGT_8w,6.34,Double Bottom,No
DAPP,2025-12-19,SELL_TGT_12w:19.6588,10.07,TARGET,SELL_TGT_12w,6.34,Double Bottom,No
DAPP,2025-12-19,SELL_TGT_18w:19.6588,10.07,TARGET,SELL_TGT_18w,6.34,Double Bottom,No
DAPP,2025-12-19,SELL_TGT_30w:19.6588,10.07,TARGET,SELL_TGT_30w,6.34,Double Bottom,No
SizePct
DAPP,2025-12-20,MACD Bearish below zero,48.0,SELL,MACD Bearish below zero,6.34,Double Bottom,No,2.4
STT,2025-12-19,Stage: Mark-Up,85.0,WATCH,STAGE,,Cup and Handle,No
STT,2025-12-19,SELL_TGT_6w:130.4652,1.53,TARGET,SELL_TGT_6w,2.16,Cup and Handle,No
STT,2025-12-19,SELL_TGT_8w:130.4652,1.53,TARGET,SELL_TGT_8w,2.16,Cup and Handle,No
STT,2025-12-19,SELL_TGT_12w:129.862,1.06,TARGET,SELL_TGT_12w,2.16,Cup and Handle,No
STT,2025-12-19,SELL_TGT_18w:129.862,1.06,TARGET,SELL_TGT_18w,2.16,Cup and Handle,No
STT,2025-12-19,SELL_TGT_30w:129.862,1.06,TARGET,SELL_TGT_30w,2.16,Cup and Handle,No
SizePct
STT,2025-12-20,Watch: Near 50-DEMA with MACD/ADX/Vol OK,45.0,WATCH,Near50,2.16,Cup and Handle,No,0.0
PBYI,2025-12-19,Stage: Mark-Up,85.0,WATCH,STAGE,,Double Bottom,No
PBYI,2025-12-19,SELL_TGT_6w:5.7653,2.4,TARGET,SELL_TGT_6w,3.91,Double Bottom,No
PBYI,2025-12-19,SELL_TGT_8w:6.0253,7.02,TARGET,SELL_TGT_8w,3.91,Double Bottom,No
PBYI,2025-12-19,SELL_TGT_12w:5.9622,5.9,TARGET,SELL_TGT_12w,3.91,Double Bottom,No
PBYI,2025-12-19,SELL_TGT_18w:5.9622,5.9,TARGET,SELL_TGT_18w,3.91,Double Bottom,No
PBYI,2025-12-19,SELL_TGT_30w:5.9622,5.9,TARGET,SELL_TGT_30w,3.91,Double Bottom,No
SizePct
PBYI,2025-12-20,Overbought (>27% above 200 DEMA),47.8,SELL,Overbought (>27% above 200 DEMA),3.91,Double Bottom,No,2.39
SizePct
PBYI,2025-12-20,Watch: Near 50-DEMA with MACD/ADX/Vol OK,45.0,WATCH,Near50,3.91,Double Bottom,No,0.0
DES,2025-12-19,Stage: Accumulation,85.0,WATCH,STAGE,,,No
DES,2025-12-19,SELL_TGT_6w:34.7125,1.68,TARGET,SELL_TGT_6w,1.22,,No
DES,2025-12-19,SELL_TGT_8w:34.7125,1.68,TARGET,SELL_TGT_8w,1.22,,No
DES,2025-12-19,SELL_TGT_12w:34.6009,1.35,TARGET,SELL_TGT_12w,1.22,,No
DES,2025-12-19,SELL_TGT_18w:34.6009,1.35,TARGET,SELL_TGT_18w,1.22,,No
DES,2025-12-19,SELL_TGT_30w:34.6009,1.35,TARGET,SELL_TGT_30w,1.22,,No
SizePct
DES,2025-12-20,Watch: Near 50-DEMA with MACD/ADX/Vol OK,45.0,WATCH,Near50,1.22,-,No,0.0
CACI,2025-12-19,Stage: Distribution,50.0,WATCH,STAGE,,,No
CACI,2025-12-19,SELL_TGT_6w:626.9727,12.64,TARGET,SELL_TGT_6w,3.21,,No
CACI,2025-12-19,SELL_TGT_8w:626.9727,12.64,TARGET,SELL_TGT_8w,3.21,,No
CACI,2025-12-19,SELL_TGT_12w:623.1079,11.95,TARGET,SELL_TGT_12w,3.21,,No
CACI,2025-12-19,SELL_TGT_18w:623.1079,11.95,TARGET,SELL_TGT_18w,3.21,,No
CACI,2025-12-19,SELL_TGT_30w:623.1079,11.95,TARGET,SELL_TGT_30w,3.21,,No
SizePct
CACI,2025-12-20,MACD Bearish below zero,50.0,SELL,MACD Bearish below zero,3.21,-,No,2.5
CSV,2025-12-19,Stage: Accumulation,100.0,WATCH,STAGE,,,No
CSV,2025-12-19,SELL_TGT_6w:44.0894,1.92,TARGET,SELL_TGT_6w,2.3,,No
CSV,2025-12-19,SELL_TGT_8w:44.0894,1.92,TARGET,SELL_TGT_8w,2.3,,No
CSV,2025-12-19,SELL_TGT_12w:43.8289,1.32,TARGET,SELL_TGT_12w,2.3,,No
CSV,2025-12-19,SELL_TGT_18w:43.8289,1.32,TARGET,SELL_TGT_18w,2.3,,No
CSV,2025-12-19,SELL_TGT_30w:43.8289,1.32,TARGET,SELL_TGT_30w,2.3,,No
SizePct
CSV,2025-12-20,Watch: Near 50-DEMA with MACD/ADX/Vol OK,45.0,WATCH,Near50,2.3,-,No,0.0
FLYW,2025-12-19,Stage: Mark-Up,85.0,WATCH,STAGE,,Double Bottom,No
FLYW,2025-12-19,SELL_TGT_6w:14.948,1.0,TARGET,SELL_TGT_6w,3.33,Double Bottom,No
FLYW,2025-12-19,SELL_TGT_8w:15.0086,1.41,TARGET,SELL_TGT_8w,3.33,Double Bottom,No
FLYW,2025-12-19,SELL_TGT_12w:14.9011,0.68,TARGET,SELL_TGT_12w,3.33,Double Bottom,No
FLYW,2025-12-19,SELL_TGT_18w:14.9011,0.68,TARGET,SELL_TGT_18w,3.33,Double Bottom,No
FLYW,2025-12-19,SELL_TGT_30w:14.9011,0.68,TARGET,SELL_TGT_30w,3.33,Double Bottom,No
SizePct
FLYW,2025-12-20,Watch: Near 50-DEMA with MACD/ADX/Vol OK,45.0,WATCH,Near50,3.33,Double Bottom,No,0.0
TNDM,2025-12-19,Stage: Mark-Up,65.0,WATCH,STAGE,,,No
TNDM,2025-12-19,SELL_TGT_6w:22.2907,1.0,TARGET,SELL_TGT_6w,5.32,,No
TNDM,2025-12-19,SELL_TGT_8w:22.2907,1.0,TARGET,SELL_TGT_8w,5.32,,No
TNDM,2025-12-19,SELL_TGT_12w:22.2907,1.0,TARGET,SELL_TGT_12w,5.32,,No
TNDM,2025-12-19,SELL_TGT_18w:22.2907,1.0,TARGET,SELL_TGT_18w,5.32,,No
TNDM,2025-12-19,SELL_TGT_30w:22.2907,1.0,TARGET,SELL_TGT_30w,5.32,,No
URNM,2025-12-19,Stage: Accumulation,50.0,WATCH,STAGE,,Cup and Handle,Yes
URNM,2025-12-19,SELL_TGT_6w:59.8265,7.41,TARGET,SELL_TGT_6w,4.2,Cup and Handle,Yes
URNM,2025-12-19,SELL_TGT_8w:59.8265,7.41,TARGET,SELL_TGT_8w,4.2,Cup and Handle,Yes
URNM,2025-12-19,SELL_TGT_12w:59.1775,6.24,TARGET,SELL_TGT_12w,4.2,Cup and Handle,Yes
URNM,2025-12-19,SELL_TGT_18w:59.1775,6.24,TARGET,SELL_TGT_18w,4.2,Cup and Handle,Yes
URNM,2025-12-19,SELL_TGT_30w:59.1775,6.24,TARGET,SELL_TGT_30w,4.2,Cup and Handle,Yes
SizePct
URNM,2025-12-20,MACD Bearish below zero,50.0,SELL,MACD Bearish below zero,4.2,Cup and Handle,No,2.5
SizePct
URNM,2025-12-20,Watch: Near 50-DEMA with MACD/ADX/Vol OK,45.0,WATCH,Near50,4.2,Cup and Handle,No,0.0
GBTC,2025-12-19,Stage: Accumulation,65.0,WATCH,STAGE,,,No
GBTC,2025-12-19,SELL_TGT_6w:72.9364,5.95,TARGET,SELL_TGT_6w,4.47,,No
GBTC,2025-12-19,SELL_TGT_8w:72.9364,5.95,TARGET,SELL_TGT_8w,4.47,,No
GBTC,2025-12-19,SELL_TGT_12w:72.2007,4.88,TARGET,SELL_TGT_12w,4.47,,No
GBTC,2025-12-19,SELL_TGT_18w:72.2007,4.88,TARGET,SELL_TGT_18w,4.47,,No
GBTC,2025-12-19,SELL_TGT_30w:72.2007,4.88,TARGET,SELL_TGT_30w,4.47,,No
SUPN,2025-12-19,Stage: Mark-Up,85.0,WATCH,STAGE,,Double Bottom,No
SUPN,2025-12-19,SELL_TGT_6w:51.9948,1.0,TARGET,SELL_TGT_6w,2.88,Double Bottom,No
SUPN,2025-12-19,SELL_TGT_8w:51.9948,1.0,TARGET,SELL_TGT_8w,2.88,Double Bottom,No
SUPN,2025-12-19,SELL_TGT_12w:51.9948,1.0,TARGET,SELL_TGT_12w,2.88,Double Bottom,No
SUPN,2025-12-19,SELL_TGT_18w:51.9948,1.0,TARGET,SELL_TGT_18w,2.88,Double Bottom,No
SUPN,2025-12-19,SELL_TGT_30w:51.9948,1.0,TARGET,SELL_TGT_30w,2.88,Double Bottom,No
SizePct
SUPN,2025-12-20,Watch: Near 50-DEMA with MACD/ADX/Vol OK,45.0,WATCH,Near50,2.88,Double Bottom,No,0.0
OKLO,2025-12-19,Stage: Accumulation,85.0,WATCH,STAGE,,,No
OKLO,2025-12-19,SELL_TGT_6w:109.5806,31.66,TARGET,SELL_TGT_6w,11.12,,No
OKLO,2025-12-19,SELL_TGT_8w:109.5806,31.66,TARGET,SELL_TGT_8w,11.12,,No
OKLO,2025-12-19,SELL_TGT_12w:106.4411,27.89,TARGET,SELL_TGT_12w,11.12,,No
OKLO,2025-12-19,SELL_TGT_18w:106.4411,27.89,TARGET,SELL_TGT_18w,11.12,,No
OKLO,2025-12-19,SELL_TGT_30w:106.4411,27.89,TARGET,SELL_TGT_30w,11.12,,No
SizePct
OKLO,2025-12-20,MACD Bearish below zero,40.8,SELL,MACD Bearish below zero,11.12,-,No,2.04
ROKU,2025-12-19,Stage: Mark-Up,85.0,WATCH,STAGE,,Inverse Head and Shoulders,No
ROKU,2025-12-19,SELL_TGT_6w:109.9082,1.0,TARGET,SELL_TGT_6w,4.49,Inverse Head and Shoulders,No
ROKU,2025-12-19,SELL_TGT_8w:109.9082,1.0,TARGET,SELL_TGT_8w,4.49,Inverse Head and Shoulders,No
ROKU,2025-12-19,SELL_TGT_12w:114.072,4.83,TARGET,SELL_TGT_12w,4.49,Inverse Head and Shoulders,No
ROKU,2025-12-19,SELL_TGT_18w:114.072,4.83,TARGET,SELL_TGT_18w,4.49,Inverse Head and Shoulders,No
ROKU,2025-12-19,SELL_TGT_30w:114.072,4.83,TARGET,SELL_TGT_30w,4.49,Inverse Head and Shoulders,No
SizePct
ROKU,2025-12-20,Watch: Near 50-DEMA with MACD/ADX/Vol OK,45.0,WATCH,Near50,4.49,Inverse Head and Shoulders,No,0.0
V,2025-12-19,Stage: Accumulation,85.0,WATCH,STAGE,,Double Bottom,No
V,2025-12-19,SELL_TGT_6w:352.7425,1.0,TARGET,SELL_TGT_6w,1.7,Double Bottom,No
V,2025-12-19,SELL_TGT_8w:352.7425,1.0,TARGET,SELL_TGT_8w,1.7,Double Bottom,No
V,2025-12-19,SELL_TGT_12w:352.7425,1.0,TARGET,SELL_TGT_12w,1.7,Double Bottom,No
V,2025-12-19,SELL_TGT_18w:352.7425,1.0,TARGET,SELL_TGT_18w,1.7,Double Bottom,No
V,2025-12-19,SELL_TGT_30w:352.7425,1.0,TARGET,SELL_TGT_30w,1.7,Double Bottom,No
SizePct
V,2025-12-20,Watch: Near 50-DEMA with MACD/ADX/Vol OK,45.0,WATCH,Near50,1.7,Double Bottom,No,0.0
OMCL,2025-12-19,Stage: Mark-Up,85.0,WATCH,STAGE,,,No
OMCL,2025-12-19,SELL_TGT_6w:47.3084,1.0,TARGET,SELL_TGT_6w,4.46,,No
OMCL,2025-12-19,SELL_TGT_8w:47.3084,1.0,TARGET,SELL_TGT_8w,4.46,,No
OMCL,2025-12-19,SELL_TGT_12w:47.3084,1.0,TARGET,SELL_TGT_12w,4.46,,No
OMCL,2025-12-19,SELL_TGT_18w:47.3084,1.0,TARGET,SELL_TGT_18w,4.46,,No
OMCL,2025-12-19,SELL_TGT_30w:47.3084,1.0,TARGET,SELL_TGT_30w,4.46,,No
SizePct
OMCL,2025-12-20,Overbought (>27% above 200 DEMA),45.0,SELL,Overbought (>27% above 200 DEMA),4.46,-,No,2.25
SizePct
OMCL,2025-12-20,Watch: Near 50-DEMA with MACD/ADX/Vol OK,45.0,WATCH,Near50,4.46,-,No,0.0
GOOG,2025-12-19,Stage: Mark-Up,85.0,WATCH,STAGE,,Double Bottom,No
GOOG,2025-12-19,SELL_TGT_6w:325.8785,5.6,TARGET,SELL_TGT_6w,2.54,Double Bottom,No
GOOG,2025-12-19,SELL_TGT_8w:325.8785,5.6,TARGET,SELL_TGT_8w,2.54,Double Bottom,No
GOOG,2025-12-19,SELL_TGT_12w:324.0175,4.99,TARGET,SELL_TGT_12w,2.54,Double Bottom,No
GOOG,2025-12-19,SELL_TGT_18w:324.0175,4.99,TARGET,SELL_TGT_18w,2.54,Double Bottom,No
GOOG,2025-12-19,SELL_TGT_30w:324.0175,4.99,TARGET,SELL_TGT_30w,2.54,Double Bottom,No
SizePct
GOOG,2025-12-20,Overbought (>27% above 200 DEMA),30.0,SELL,Overbought (>27% above 200 DEMA),2.54,Double Bottom,No,1.5
SizePct
GOOG,2025-12-20,Watch: Near 50-DEMA with MACD/ADX/Vol OK,45.0,WATCH,Near50,2.54,Double Bottom,No,0.0
ZH,2025-12-19,Stage: Accumulation,65.0,WATCH,STAGE,,Double Bottom,No
ZH,2025-12-19,SELL_TGT_6w:3.9699,11.83,TARGET,SELL_TGT_6w,3.98,Double Bottom,No
ZH,2025-12-19,SELL_TGT_8w:4.2899,20.84,TARGET,SELL_TGT_8w,3.98,Double Bottom,No
ZH,2025-12-19,SELL_TGT_12w:4.3898,23.66,TARGET,SELL_TGT_12w,3.98,Double Bottom,No
ZH,2025-12-19,SELL_TGT_18w:4.3898,23.66,TARGET,SELL_TGT_18w,3.98,Double Bottom,No
ZH,2025-12-19,SELL_TGT_30w:4.3898,23.66,TARGET,SELL_TGT_30w,3.98,Double Bottom,No
ARKX,2025-12-19,Stage: Mark-Up,70.0,WATCH,STAGE,,Cup and Handle,No
ARKX,2025-12-19,SELL_TGT_6w:29.5223,1.0,TARGET,SELL_TGT_6w,2.7,Cup and Handle,No
ARKX,2025-12-19,SELL_TGT_8w:29.5223,1.0,TARGET,SELL_TGT_8w,2.7,Cup and Handle,No
ARKX,2025-12-19,SELL_TGT_12w:29.5223,1.0,TARGET,SELL_TGT_12w,2.7,Cup and Handle,No
ARKX,2025-12-19,SELL_TGT_18w:29.5223,1.0,TARGET,SELL_TGT_18w,2.7,Cup and Handle,No
ARKX,2025-12-19,SELL_TGT_30w:29.5223,1.0,TARGET,SELL_TGT_30w,2.7,Cup and Handle,No
KWEB,2025-12-19,Stage: Accumulation,85.0,WATCH,STAGE,,Double Bottom,No
KWEB,2025-12-19,SELL_TGT_6w:37.9272,3.91,TARGET,SELL_TGT_6w,1.57,Double Bottom,No
KWEB,2025-12-19,SELL_TGT_8w:37.9272,3.91,TARGET,SELL_TGT_8w,1.57,Double Bottom,No
KWEB,2025-12-19,SELL_TGT_12w:37.732,3.38,TARGET,SELL_TGT_12w,1.57,Double Bottom,No
KWEB,2025-12-19,SELL_TGT_18w:37.732,3.38,TARGET,SELL_TGT_18w,1.57,Double Bottom,No
KWEB,2025-12-19,SELL_TGT_30w:37.732,3.38,TARGET,SELL_TGT_30w,1.57,Double Bottom,No
SizePct
KWEB,2025-12-20,MACD Bearish below zero,50.0,SELL,MACD Bearish below zero,1.57,Double Bottom,No,2.5
NGVT,2025-12-19,Stage: Mark-Up,85.0,WATCH,STAGE,,Double Bottom,No
NGVT,2025-12-19,SELL_TGT_6w:61.0853,4.22,TARGET,SELL_TGT_6w,4.14,Double Bottom,No
NGVT,2025-12-19,SELL_TGT_8w:61.0853,4.22,TARGET,SELL_TGT_8w,4.14,Double Bottom,No
NGVT,2025-12-19,SELL_TGT_12w:60.6288,3.44,TARGET,SELL_TGT_12w,4.14,Double Bottom,No
NGVT,2025-12-19,SELL_TGT_18w:60.6288,3.44,TARGET,SELL_TGT_18w,4.14,Double Bottom,No
NGVT,2025-12-19,SELL_TGT_30w:60.6288,3.44,TARGET,SELL_TGT_30w,4.14,Double Bottom,No
SizePct
NGVT,2025-12-20,Watch: Near 50-DEMA with MACD/ADX/Vol OK,45.0,WATCH,Near50,4.14,Double Bottom,No,0.0
TSBK,2025-12-19,Stage: Mark-Up,85.0,WATCH,STAGE,,,No
TSBK,2025-12-19,SELL_TGT_6w:37.0281,1.84,TARGET,SELL_TGT_6w,2.48,,No
TSBK,2025-12-19,SELL_TGT_8w:37.0281,1.84,TARGET,SELL_TGT_8w,2.48,,No
TSBK,2025-12-19,SELL_TGT_12w:36.8336,1.3,TARGET,SELL_TGT_12w,2.48,,No
TSBK,2025-12-19,SELL_TGT_18w:37.5936,3.39,TARGET,SELL_TGT_18w,2.48,,No
TSBK,2025-12-19,SELL_TGT_30w:37.5936,3.39,TARGET,SELL_TGT_30w,2.48,,No
SizePct
TSBK,2025-12-20,Watch: Near 50-DEMA with MACD/ADX/Vol OK,45.0,WATCH,Near50,2.48,-,No,0.0
WGMI,2025-12-19,Stage: Accumulation,50.0,WATCH,STAGE,,,No
WGMI,2025-12-19,SELL_TGT_6w:47.4727,15.51,TARGET,SELL_TGT_6w,8.01,,No
WGMI,2025-12-19,SELL_TGT_8w:47.4727,15.51,TARGET,SELL_TGT_8w,8.01,,No
WGMI,2025-12-19,SELL_TGT_12w:46.4345,12.98,TARGET,SELL_TGT_12w,8.01,,No
WGMI,2025-12-19,SELL_TGT_18w:46.4345,12.98,TARGET,SELL_TGT_18w,8.01,,No
WGMI,2025-12-19,SELL_TGT_30w:46.4345,12.98,TARGET,SELL_TGT_30w,8.01,,No
SizePct
WGMI,2025-12-20,MACD Bearish below zero,43.3,SELL,MACD Bearish below zero,8.01,-,No,2.16
RBLX,2025-12-19,Stage: Mark-Down,85.0,WATCH,STAGE,,Double Bottom,No
RBLX,2025-12-19,SELL_TGT_6w:98.1037,19.73,TARGET,SELL_TGT_6w,4.26,Double Bottom,No
RBLX,2025-12-19,SELL_TGT_8w:98.1037,19.73,TARGET,SELL_TGT_8w,4.26,Double Bottom,No
RBLX,2025-12-19,SELL_TGT_12w:96.8529,18.2,TARGET,SELL_TGT_12w,4.26,Double Bottom,No
RBLX,2025-12-19,SELL_TGT_18w:96.8529,18.2,TARGET,SELL_TGT_18w,4.26,Double Bottom,No
RBLX,2025-12-19,SELL_TGT_30w:96.8529,18.2,TARGET,SELL_TGT_30w,4.26,Double Bottom,No
SizePct
RBLX,2025-12-20,MACD Bearish below zero,50.0,SELL,MACD Bearish below zero,4.26,Double Bottom,No,2.5
VZ,2025-12-19,Stage: Accumulation,100.0,WATCH,STAGE,,Triple Bottom,Yes
VZ,2025-12-19,SELL_TGT_6w:41.7974,4.97,TARGET,SELL_TGT_6w,1.67,Triple Bottom,Yes
VZ,2025-12-19,SELL_TGT_8w:41.7974,4.97,TARGET,SELL_TGT_8w,1.67,Triple Bottom,Yes
VZ,2025-12-19,SELL_TGT_12w:41.6223,4.53,TARGET,SELL_TGT_12w,1.67,Triple Bottom,Yes
VZ,2025-12-19,SELL_TGT_18w:41.6223,4.53,TARGET,SELL_TGT_18w,1.67,Triple Bottom,Yes
VZ,2025-12-19,SELL_TGT_30w:41.6223,4.53,TARGET,SELL_TGT_30w,1.67,Triple Bottom,Yes
SizePct
VZ,2025-12-20,MACD Bearish below zero,50.0,SELL,MACD Bearish below zero,1.67,Triple Bottom,No,2.5
WRLD,2025-12-19,Stage: Mark-Down,85.0,WATCH,STAGE,,,Yes
WRLD,2025-12-19,SELL_TGT_6w:159.4101,11.69,TARGET,SELL_TGT_6w,4.88,,Yes
WRLD,2025-12-19,SELL_TGT_8w:159.4101,11.69,TARGET,SELL_TGT_8w,4.88,,Yes
WRLD,2025-12-19,SELL_TGT_12w:157.6368,10.45,TARGET,SELL_TGT_12w,4.88,,Yes
WRLD,2025-12-19,SELL_TGT_18w:157.6368,10.45,TARGET,SELL_TGT_18w,4.88,,Yes
WRLD,2025-12-19,SELL_TGT_30w:157.6368,10.45,TARGET,SELL_TGT_30w,4.88,,Yes
SizePct
WRLD,2025-12-20,MACD Bearish below zero,50.0,SELL,MACD Bearish below zero,4.88,-,No,2.5
MSFT,2025-12-19,Stage: Accumulation,100.0,WATCH,STAGE,,Triple Bottom,No
MSFT,2025-12-19,SELL_TGT_6w:490.3246,0.91,TARGET,SELL_TGT_6w,1.73,Triple Bottom,No
MSFT,2025-12-19,SELL_TGT_8w:490.3246,0.91,TARGET,SELL_TGT_8w,1.73,Triple Bottom,No
MSFT,2025-12-19,SELL_TGT_12w:488.2077,0.47,TARGET,SELL_TGT_12w,1.73,Triple Bottom,No
MSFT,2025-12-19,SELL_TGT_18w:488.2077,0.47,TARGET,SELL_TGT_18w,1.73,Triple Bottom,No
MSFT,2025-12-19,SELL_TGT_30w:488.2077,0.47,TARGET,SELL_TGT_30w,1.73,Triple Bottom,No
JD,2025-12-19,Stage: Mark-Down,65.0,WATCH,STAGE,,Double Bottom,Yes
JD,2025-12-19,SELL_TGT_6w:29.8429,3.55,TARGET,SELL_TGT_6w,1.67,Double Bottom,Yes
JD,2025-12-19,SELL_TGT_8w:29.8429,3.55,TARGET,SELL_TGT_8w,1.67,Double Bottom,Yes
JD,2025-12-19,SELL_TGT_12w:29.6314,2.82,TARGET,SELL_TGT_12w,1.67,Double Bottom,Yes
JD,2025-12-19,SELL_TGT_18w:29.6314,2.82,TARGET,SELL_TGT_18w,1.67,Double Bottom,Yes
JD,2025-12-19,SELL_TGT_30w:29.6314,2.82,TARGET,SELL_TGT_30w,1.67,Double Bottom,Yes
ETSY,2025-12-19,Stage: Accumulation,100.0,WATCH,STAGE,,Triple Bottom,Yes
ETSY,2025-12-19,SELL_TGT_6w:55.4986,2.15,TARGET,SELL_TGT_6w,3.62,Triple Bottom,Yes
ETSY,2025-12-19,SELL_TGT_8w:55.4986,2.15,TARGET,SELL_TGT_8w,3.62,Triple Bottom,Yes
ETSY,2025-12-19,SELL_TGT_12w:54.8111,0.89,TARGET,SELL_TGT_12w,3.62,Triple Bottom,Yes
ETSY,2025-12-19,SELL_TGT_18w:54.8111,0.89,TARGET,SELL_TGT_18w,3.62,Triple Bottom,Yes
ETSY,2025-12-19,SELL_TGT_30w:54.8111,0.89,TARGET,SELL_TGT_30w,3.62,Triple Bottom,Yes
LRN,2025-12-19,Stage: Mark-Down,65.0,WATCH,STAGE,,Inverse Head and Shoulders,No
LRN,2025-12-19,SELL_TGT_6w:66.7408,1.0,TARGET,SELL_TGT_6w,3.1,Inverse Head and Shoulders,No
LRN,2025-12-19,SELL_TGT_8w:69.9142,5.8,TARGET,SELL_TGT_8w,3.1,Inverse Head and Shoulders,No
LRN,2025-12-19,SELL_TGT_12w:151.567,129.37,TARGET,SELL_TGT_12w,3.1,Inverse Head and Shoulders,No
LRN,2025-12-19,SELL_TGT_18w:151.567,129.37,TARGET,SELL_TGT_18w,3.1,Inverse Head and Shoulders,No
LRN,2025-12-19,SELL_TGT_30w:151.567,129.37,TARGET,SELL_TGT_30w,3.1,Inverse Head and Shoulders,No
SPT,2025-12-19,Stage: Accumulation,50.0,WATCH,STAGE,,,Yes
SPT,2025-12-19,SELL_TGT_6w:11.4736,1.0,TARGET,SELL_TGT_6w,4.3,,Yes
SPT,2025-12-19,SELL_TGT_8w:11.4736,1.0,TARGET,SELL_TGT_8w,4.3,,Yes
SPT,2025-12-19,SELL_TGT_12w:11.4736,1.0,TARGET,SELL_TGT_12w,4.3,,Yes
SPT,2025-12-19,SELL_TGT_18w:11.4736,1.0,TARGET,SELL_TGT_18w,4.3,,Yes
SPT,2025-12-19,SELL_TGT_30w:11.4736,1.0,TARGET,SELL_TGT_30w,4.3,,Yes
CHKP,2025-12-19,Stage: Accumulation,85.0,WATCH,STAGE,,Triple Bottom,No
CHKP,2025-12-19,SELL_TGT_6w:195.7935,3.52,TARGET,SELL_TGT_6w,2.94,Triple Bottom,No
CHKP,2025-12-19,SELL_TGT_8w:204.7035,8.23,TARGET,SELL_TGT_8w,2.94,Triple Bottom,No
CHKP,2025-12-19,SELL_TGT_12w:203.5525,7.62,TARGET,SELL_TGT_12w,2.94,Triple Bottom,No
CHKP,2025-12-19,SELL_TGT_18w:203.5525,7.62,TARGET,SELL_TGT_18w,2.94,Triple Bottom,No
CHKP,2025-12-19,SELL_TGT_30w:203.5525,7.62,TARGET,SELL_TGT_30w,2.94,Triple Bottom,No
SizePct
CHKP,2025-12-20,MACD Bearish below zero,50.0,SELL,MACD Bearish below zero,2.94,Triple Bottom,No,2.5
BITW,2025-12-19,Stage: Accumulation,85.0,WATCH,STAGE,,,Yes
BITW,2025-12-19,SELL_TGT_6w:64.0845,7.72,TARGET,SELL_TGT_6w,5.24,,Yes
BITW,2025-12-19,SELL_TGT_8w:64.0845,7.72,TARGET,SELL_TGT_8w,5.24,,Yes
BITW,2025-12-19,SELL_TGT_12w:63.3142,6.43,TARGET,SELL_TGT_12w,5.24,,Yes
BITW,2025-12-19,SELL_TGT_18w:63.3142,6.43,TARGET,SELL_TGT_18w,5.24,,Yes
BITW,2025-12-19,SELL_TGT_30w:63.3142,6.43,TARGET,SELL_TGT_30w,5.24,,Yes
UTHR,2025-12-19,Stage: Mark-Up,85.0,WATCH,STAGE,,Double Bottom,No
UTHR,2025-12-19,SELL_TGT_6w:522.3013,1.0,TARGET,SELL_TGT_6w,2.24,Double Bottom,No
UTHR,2025-12-19,SELL_TGT_8w:522.3013,1.0,TARGET,SELL_TGT_8w,2.24,Double Bottom,No
UTHR,2025-12-19,SELL_TGT_12w:522.3013,1.0,TARGET,SELL_TGT_12w,2.24,Double Bottom,No
UTHR,2025-12-19,SELL_TGT_18w:522.3013,1.0,TARGET,SELL_TGT_18w,2.24,Double Bottom,No
UTHR,2025-12-19,SELL_TGT_30w:522.3013,1.0,TARGET,SELL_TGT_30w,2.24,Double Bottom,No
SizePct
UTHR,2025-12-20,Overbought (>27% above 200 DEMA),45.0,SELL,Overbought (>27% above 200 DEMA),2.24,Double Bottom,No,2.25
SizePct
UTHR,2025-12-20,Watch: Near 50-DEMA with MACD/ADX/Vol OK,45.0,WATCH,Near50,2.24,Double Bottom,No,0.0
SNCY,2025-12-19,Stage: Distribution,80.0,WATCH,STAGE,,,No
SNCY,2025-12-19,SELL_TGT_6w:15.206,4.15,TARGET,SELL_TGT_6w,3.83,,No
SNCY,2025-12-19,SELL_TGT_8w:15.206,4.15,TARGET,SELL_TGT_8w,3.83,,No
SNCY,2025-12-19,SELL_TGT_12w:15.0834,3.31,TARGET,SELL_TGT_12w,3.83,,No
SNCY,2025-12-19,SELL_TGT_18w:15.0834,3.31,TARGET,SELL_TGT_18w,3.83,,No
SNCY,2025-12-19,SELL_TGT_30w:15.0834,3.31,TARGET,SELL_TGT_30w,3.83,,No
JAMF,2025-12-19,Stage: Distribution,100.0,WATCH,STAGE,,Triple Bottom,No
JAMF,2025-12-19,SELL_TGT_6w:13.13,1.0,TARGET,SELL_TGT_6w,0.24,Triple Bottom,No
JAMF,2025-12-19,SELL_TGT_8w:13.13,1.0,TARGET,SELL_TGT_8w,0.24,Triple Bottom,No
JAMF,2025-12-19,SELL_TGT_12w:13.13,1.0,TARGET,SELL_TGT_12w,0.24,Triple Bottom,No
JAMF,2025-12-19,SELL_TGT_18w:13.13,1.0,TARGET,SELL_TGT_18w,0.24,Triple Bottom,No
JAMF,2025-12-19,SELL_TGT_30w:13.13,1.0,TARGET,SELL_TGT_30w,0.24,Triple Bottom,No
SizePct
JAMF,2025-12-20,Watch: Near 50-DEMA with MACD/ADX/Vol OK,45.0,WATCH,Near50,0.24,Triple Bottom,No,0.0
PATH,2025-12-19,Stage: Mark-Up,65.0,WATCH,STAGE,,Cup and Handle,No
PATH,2025-12-19,SELL_TGT_6w:19.4703,20.78,TARGET,SELL_TGT_6w,6.48,Cup and Handle,No
PATH,2025-12-19,SELL_TGT_8w:19.4703,20.78,TARGET,SELL_TGT_8w,6.48,Cup and Handle,No
PATH,2025-12-19,SELL_TGT_12w:19.2237,19.25,TARGET,SELL_TGT_12w,6.48,Cup and Handle,No
PATH,2025-12-19,SELL_TGT_18w:19.2237,19.25,TARGET,SELL_TGT_18w,6.48,Cup and Handle,No
PATH,2025-12-19,SELL_TGT_30w:19.2237,19.25,TARGET,SELL_TGT_30w,6.48,Cup and Handle,No
UTMD,2025-12-19,Stage: Accumulation,70.0,WATCH,STAGE,,Triple Bottom,Yes
UTMD,2025-12-19,SELL_TGT_6w:57.6531,1.86,TARGET,SELL_TGT_6w,2.31,Triple Bottom,Yes
UTMD,2025-12-19,SELL_TGT_8w:57.6531,1.86,TARGET,SELL_TGT_8w,2.31,Triple Bottom,Yes
UTMD,2025-12-19,SELL_TGT_12w:63.7152,12.57,TARGET,SELL_TGT_12w,2.31,Triple Bottom,Yes
UTMD,2025-12-19,SELL_TGT_18w:63.7152,12.57,TARGET,SELL_TGT_18w,2.31,Triple Bottom,Yes
UTMD,2025-12-19,SELL_TGT_30w:63.7152,12.57,TARGET,SELL_TGT_30w,2.31,Triple Bottom,Yes
THFF,2025-12-19,Stage: Mark-Up,85.0,WATCH,STAGE,,Ascending Triangle,No
THFF,2025-12-19,SELL_TGT_6w:64.6602,1.0,TARGET,SELL_TGT_6w,2.06,Ascending Triangle,No
THFF,2025-12-19,SELL_TGT_8w:64.6602,1.0,TARGET,SELL_TGT_8w,2.06,Ascending Triangle,No
THFF,2025-12-19,SELL_TGT_12w:64.6602,1.0,TARGET,SELL_TGT_12w,2.06,Ascending Triangle,No
THFF,2025-12-19,SELL_TGT_18w:64.6602,1.0,TARGET,SELL_TGT_18w,2.06,Ascending Triangle,No
THFF,2025-12-19,SELL_TGT_30w:64.6602,1.0,TARGET,SELL_TGT_30w,2.06,Ascending Triangle,No
SizePct
THFF,2025-12-20,Watch: Near 50-DEMA with MACD/ADX/Vol OK,45.0,WATCH,Near50,2.06,Ascending Triangle,No,0.0
AAL,2025-12-19,Stage: Mark-Up,85.0,WATCH,STAGE,,Double Bottom,No
AAL,2025-12-19,SELL_TGT_6w:15.9378,1.0,TARGET,SELL_TGT_6w,3.2,Double Bottom,No
AAL,2025-12-19,SELL_TGT_8w:15.9378,1.0,TARGET,SELL_TGT_8w,3.2,Double Bottom,No
AAL,2025-12-19,SELL_TGT_12w:15.9378,1.0,TARGET,SELL_TGT_12w,3.2,Double Bottom,No
AAL,2025-12-19,SELL_TGT_18w:15.9378,1.0,TARGET,SELL_TGT_18w,3.2,Double Bottom,No
AAL,2025-12-19,SELL_TGT_30w:15.9378,1.0,TARGET,SELL_TGT_30w,3.2,Double Bottom,No
SizePct
AAL,2025-12-20,Watch: Near 50-DEMA with MACD/ADX/Vol OK,45.0,WATCH,Near50,3.2,Double Bottom,No,0.0
BMY,2025-12-19,Stage: Mark-Up,85.0,WATCH,STAGE,,,Yes
BMY,2025-12-19,SELL_TGT_6w:54.7319,1.0,TARGET,SELL_TGT_6w,2.66,,Yes
BMY,2025-12-19,SELL_TGT_8w:54.7319,1.0,TARGET,SELL_TGT_8w,2.66,,Yes
BMY,2025-12-19,SELL_TGT_12w:54.7319,1.0,TARGET,SELL_TGT_12w,2.66,,Yes
BMY,2025-12-19,SELL_TGT_18w:54.7319,1.0,TARGET,SELL_TGT_18w,2.66,,Yes
BMY,2025-12-19,SELL_TGT_30w:54.7319,1.0,TARGET,SELL_TGT_30w,2.66,,Yes
SizePct
BMY,2025-12-20,Watch: Near 50-DEMA with MACD/ADX/Vol OK,45.0,WATCH,Near50,2.66,-,No,0.0
NATR,2025-12-19,Stage: Distribution,70.0,WATCH,STAGE,,Double Bottom,No
NATR,2025-12-19,SELL_TGT_6w:22.4624,1.0,TARGET,SELL_TGT_6w,4.36,Double Bottom,No
NATR,2025-12-19,SELL_TGT_8w:22.4624,1.0,TARGET,SELL_TGT_8w,4.36,Double Bottom,No
NATR,2025-12-19,SELL_TGT_12w:22.4624,1.0,TARGET,SELL_TGT_12w,4.36,Double Bottom,No
NATR,2025-12-19,SELL_TGT_18w:22.4624,1.0,TARGET,SELL_TGT_18w,4.36,Double Bottom,No
NATR,2025-12-19,SELL_TGT_30w:22.4624,1.0,TARGET,SELL_TGT_30w,4.36,Double Bottom,No
SizePct
NATR,2025-12-20,Overbought (>27% above 200 DEMA),30.0,SELL,Overbought (>27% above 200 DEMA),4.36,Double Bottom,No,1.5
IRTC,2025-12-19,Stage: Distribution,60.0,WATCH,STAGE,,Triple Bottom,No
IRTC,2025-12-19,SELL_TGT_6w:190.0743,9.13,TARGET,SELL_TGT_6w,3.5,Triple Bottom,No
IRTC,2025-12-19,SELL_TGT_8w:190.0743,9.13,TARGET,SELL_TGT_8w,3.5,Triple Bottom,No
IRTC,2025-12-19,SELL_TGT_12w:188.4771,8.21,TARGET,SELL_TGT_12w,3.5,Triple Bottom,No
IRTC,2025-12-19,SELL_TGT_18w:188.4771,8.21,TARGET,SELL_TGT_18w,3.5,Triple Bottom,No
IRTC,2025-12-19,SELL_TGT_30w:188.4771,8.21,TARGET,SELL_TGT_30w,3.5,Triple Bottom,No
SizePct
IRTC,2025-12-20,MACD Bearish below zero,50.0,SELL,MACD Bearish below zero,3.5,Triple Bottom,No,2.5
SizePct
IRTC,2025-12-20,Watch: Near 50-DEMA with MACD/ADX/Vol OK,45.0,WATCH,Near50,3.5,Triple Bottom,No,0.0
MU,2025-12-19,Stage: Mark-Up,85.0,WATCH,STAGE,,,No
MU,2025-12-19,SELL_TGT_6w:268.5792,1.0,TARGET,SELL_TGT_6w,5.72,,No
MU,2025-12-19,SELL_TGT_8w:268.5792,1.0,TARGET,SELL_TGT_8w,5.72,,No
MU,2025-12-19,SELL_TGT_12w:268.5792,1.0,TARGET,SELL_TGT_12w,5.72,,No
MU,2025-12-19,SELL_TGT_18w:268.5792,1.0,TARGET,SELL_TGT_18w,5.72,,No
MU,2025-12-19,SELL_TGT_30w:268.5792,1.0,TARGET,SELL_TGT_30w,5.72,,No
SizePct
MU,2025-12-20,Overbought (>27% above 200 DEMA),43.9,SELL,Overbought (>27% above 200 DEMA),5.72,-,No,2.2
SizePct
MU,2025-12-20,Watch: Near 50-DEMA with MACD/ADX/Vol OK,45.0,WATCH,Near50,5.72,-,No,0.0
WULF,2025-12-19,Stage: Distribution,50.0,WATCH,STAGE,,,No
WULF,2025-12-19,SELL_TGT_6w:16.2854,30.08,TARGET,SELL_TGT_6w,11.02,,No
WULF,2025-12-19,SELL_TGT_8w:16.2854,30.08,TARGET,SELL_TGT_8w,11.02,,No
WULF,2025-12-19,SELL_TGT_12w:15.9757,27.6,TARGET,SELL_TGT_12w,11.02,,No
WULF,2025-12-19,SELL_TGT_18w:15.9757,27.6,TARGET,SELL_TGT_18w,11.02,,No
WULF,2025-12-19,SELL_TGT_30w:15.9757,27.6,TARGET,SELL_TGT_30w,11.02,,No
SizePct
WULF,2025-12-20,Overbought (>27% above 200 DEMA),21.0,SELL,Overbought (>27% above 200 DEMA),11.02,-,No,1.05
SizePct
WULF,2025-12-20,MACD Bearish below zero,21.0,SELL,MACD Bearish below zero,11.02,-,No,1.05
IRMD,2025-12-19,Stage: Mark-Up,85.0,WATCH,STAGE,,,No
IRMD,2025-12-19,SELL_TGT_6w:97.6199,0.44,TARGET,SELL_TGT_6w,2.53,,No
IRMD,2025-12-19,SELL_TGT_8w:97.6199,0.44,TARGET,SELL_TGT_8w,2.53,,No
IRMD,2025-12-19,SELL_TGT_12w:98.1619,1.0,TARGET,SELL_TGT_12w,2.53,,No
IRMD,2025-12-19,SELL_TGT_18w:98.1619,1.0,TARGET,SELL_TGT_18w,2.53,,No
IRMD,2025-12-19,SELL_TGT_30w:98.1619,1.0,TARGET,SELL_TGT_30w,2.53,,No
SizePct
IRMD,2025-12-20,Overbought (>27% above 200 DEMA),30.0,SELL,Overbought (>27% above 200 DEMA),2.53,-,No,1.5
SizePct
IRMD,2025-12-20,Watch: Near 50-DEMA with MACD/ADX/Vol OK,45.0,WATCH,Near50,2.53,-,No,0.0
ANIP,2025-12-19,Stage: Accumulation,65.0,WATCH,STAGE,,Triple Bottom,No
ANIP,2025-12-19,SELL_TGT_6w:84.2821,1.73,TARGET,SELL_TGT_6w,2.64,Triple Bottom,No
ANIP,2025-12-19,SELL_TGT_8w:84.2821,1.73,TARGET,SELL_TGT_8w,2.64,Triple Bottom,No
ANIP,2025-12-19,SELL_TGT_12w:83.6436,0.96,TARGET,SELL_TGT_12w,2.64,Triple Bottom,No
ANIP,2025-12-19,SELL_TGT_18w:83.6436,0.96,TARGET,SELL_TGT_18w,2.64,Triple Bottom,No
ANIP,2025-12-19,SELL_TGT_30w:83.6436,0.96,TARGET,SELL_TGT_30w,2.64,Triple Bottom,No
PLUG,2025-12-19,Stage: Accumulation,85.0,WATCH,STAGE,,Double Bottom,No
PLUG,2025-12-19,SELL_TGT_6w:2.209,0.41,TARGET,SELL_TGT_6w,9.37,Double Bottom,No
PLUG,2025-12-19,SELL_TGT_8w:2.819,28.14,TARGET,SELL_TGT_8w,9.37,Double Bottom,No
PLUG,2025-12-19,SELL_TGT_12w:2.745,24.77,TARGET,SELL_TGT_12w,9.37,Double Bottom,No
PLUG,2025-12-19,SELL_TGT_18w:2.745,24.77,TARGET,SELL_TGT_18w,9.37,Double Bottom,No
PLUG,2025-12-19,SELL_TGT_30w:2.745,24.77,TARGET,SELL_TGT_30w,9.37,Double Bottom,No
HLIT,2025-12-19,Stage: Accumulation,70.0,WATCH,STAGE,,,Yes
HLIT,2025-12-19,SELL_TGT_6w:10.6748,8.04,TARGET,SELL_TGT_6w,4.11,,Yes
HLIT,2025-12-19,SELL_TGT_8w:10.6748,8.04,TARGET,SELL_TGT_8w,4.11,,Yes
HLIT,2025-12-19,SELL_TGT_12w:10.5913,7.2,TARGET,SELL_TGT_12w,4.11,,Yes
HLIT,2025-12-19,SELL_TGT_18w:10.5913,7.2,TARGET,SELL_TGT_18w,4.11,,Yes
HLIT,2025-12-19,SELL_TGT_30w:10.5913,7.2,TARGET,SELL_TGT_30w,4.11,,Yes
ZBRA,2025-12-19,Stage: Mark-Down,85.0,WATCH,STAGE,,,Yes
ZBRA,2025-12-19,SELL_TGT_6w:270.6883,7.57,TARGET,SELL_TGT_6w,2.9,,Yes
ZBRA,2025-12-19,SELL_TGT_8w:270.6883,7.57,TARGET,SELL_TGT_8w,2.9,,Yes
ZBRA,2025-12-19,SELL_TGT_12w:268.3005,6.62,TARGET,SELL_TGT_12w,2.9,,Yes
ZBRA,2025-12-19,SELL_TGT_18w:268.3005,6.62,TARGET,SELL_TGT_18w,2.9,,Yes
ZBRA,2025-12-19,SELL_TGT_30w:268.3005,6.62,TARGET,SELL_TGT_30w,2.9,,Yes
SizePct
ZBRA,2025-12-20,MACD Bearish below zero,50.0,SELL,MACD Bearish below zero,2.9,-,No,2.5
PLUS,2025-12-19,Stage: Mark-Up,65.0,WATCH,STAGE,,,No
PLUS,2025-12-19,SELL_TGT_6w:93.143,4.04,TARGET,SELL_TGT_6w,2.82,,No
PLUS,2025-12-19,SELL_TGT_8w:93.143,4.04,TARGET,SELL_TGT_8w,2.82,,No
PLUS,2025-12-19,SELL_TGT_12w:92.585,3.41,TARGET,SELL_TGT_12w,2.82,,No
PLUS,2025-12-19,SELL_TGT_18w:92.585,3.41,TARGET,SELL_TGT_18w,2.82,,No
PLUS,2025-12-19,SELL_TGT_30w:92.585,3.41,TARGET,SELL_TGT_30w,2.82,,No
AI,2025-12-19,Stage: Mark-Down,85.0,WATCH,STAGE,,,Yes
AI,2025-12-19,SELL_TGT_6w:16.091,11.43,TARGET,SELL_TGT_6w,5.28,,Yes
AI,2025-12-19,SELL_TGT_8w:16.091,11.43,TARGET,SELL_TGT_8w,5.28,,Yes
AI,2025-12-19,SELL_TGT_12w:15.885,10.01,TARGET,SELL_TGT_12w,5.28,,Yes
AI,2025-12-19,SELL_TGT_18w:15.885,10.01,TARGET,SELL_TGT_18w,5.28,,Yes
AI,2025-12-19,SELL_TGT_30w:15.885,10.01,TARGET,SELL_TGT_30w,5.28,,Yes
SizePct
AI,2025-12-20,MACD Bearish below zero,49.6,SELL,MACD Bearish below zero,5.28,-,No,2.48
MOMO,2025-12-19,Stage: Mark-Down,85.0,WATCH,STAGE,,,No
MOMO,2025-12-19,SELL_TGT_6w:7.1906,8.13,TARGET,SELL_TGT_6w,3.2,,No
MOMO,2025-12-19,SELL_TGT_8w:7.1906,8.13,TARGET,SELL_TGT_8w,3.2,,No
MOMO,2025-12-19,SELL_TGT_12w:7.1511,7.54,TARGET,SELL_TGT_12w,3.2,,No
MOMO,2025-12-19,SELL_TGT_18w:7.1511,7.54,TARGET,SELL_TGT_18w,3.2,,No
MOMO,2025-12-19,SELL_TGT_30w:7.1511,7.54,TARGET,SELL_TGT_30w,3.2,,No
SizePct
MOMO,2025-12-20,MACD Bearish below zero,50.0,SELL,MACD Bearish below zero,3.2,-,No,2.5
KD,2025-12-19,Stage: Mark-Down,65.0,WATCH,STAGE,,Cup and Handle,Yes
KD,2025-12-19,SELL_TGT_6w:27.5266,1.65,TARGET,SELL_TGT_6w,2.66,Cup and Handle,Yes
KD,2025-12-19,SELL_TGT_8w:27.5266,1.65,TARGET,SELL_TGT_8w,2.66,Cup and Handle,Yes
KD,2025-12-19,SELL_TGT_12w:27.3177,0.88,TARGET,SELL_TGT_12w,2.66,Cup and Handle,Yes
KD,2025-12-19,SELL_TGT_18w:27.3177,0.88,TARGET,SELL_TGT_18w,2.66,Cup and Handle,Yes
KD,2025-12-19,SELL_TGT_30w:27.3177,0.88,TARGET,SELL_TGT_30w,2.66,Cup and Handle,Yes
GRRR,2025-12-19,Stage: Mark-Down,85.0,WATCH,STAGE,,,Yes
GRRR,2025-12-19,SELL_TGT_6w:15.2517,24.2,TARGET,SELL_TGT_6w,7.67,,Yes
GRRR,2025-12-19,SELL_TGT_8w:15.2517,24.2,TARGET,SELL_TGT_8w,7.67,,Yes
GRRR,2025-12-19,SELL_TGT_12w:14.9662,21.87,TARGET,SELL_TGT_12w,7.67,,Yes
GRRR,2025-12-19,SELL_TGT_18w:14.9662,21.87,TARGET,SELL_TGT_18w,7.67,,Yes
GRRR,2025-12-19,SELL_TGT_30w:14.9662,21.87,TARGET,SELL_TGT_30w,7.67,,Yes
SizePct
GRRR,2025-12-20,MACD Bearish below zero,46.0,SELL,MACD Bearish below zero,7.67,-,No,2.3
AUPH,2025-12-19,Stage: Mark-Up,85.0,WATCH,STAGE,,Double Bottom,No
AUPH,2025-12-19,SELL_TGT_6w:16.2831,0.64,TARGET,SELL_TGT_6w,3.18,Double Bottom,No
AUPH,2025-12-19,SELL_TGT_8w:16.2831,0.64,TARGET,SELL_TGT_8w,3.18,Double Bottom,No
AUPH,2025-12-19,SELL_TGT_12w:16.3487,1.04,TARGET,SELL_TGT_12w,3.18,Double Bottom,No
AUPH,2025-12-19,SELL_TGT_18w:16.3487,1.04,TARGET,SELL_TGT_18w,3.18,Double Bottom,No
AUPH,2025-12-19,SELL_TGT_30w:16.3487,1.04,TARGET,SELL_TGT_30w,3.18,Double Bottom,No
SizePct
AUPH,2025-12-20,Overbought (>27% above 200 DEMA),30.0,SELL,Overbought (>27% above 200 DEMA),3.18,Double Bottom,No,1.5
SizePct
AUPH,2025-12-20,Watch: Near 50-DEMA with MACD/ADX/Vol OK,45.0,WATCH,Near50,3.18,Double Bottom,No,0.0
SONY,2025-12-19,Stage: Accumulation,85.0,WATCH,STAGE,,Double Bottom,Yes
SONY,2025-12-19,SELL_TGT_6w:29.8932,17.69,TARGET,SELL_TGT_6w,1.67,Double Bottom,Yes
SONY,2025-12-19,SELL_TGT_8w:30.1132,18.56,TARGET,SELL_TGT_8w,1.67,Double Bottom,Yes
SONY,2025-12-19,SELL_TGT_12w:29.962,17.96,TARGET,SELL_TGT_12w,1.67,Double Bottom,Yes
SONY,2025-12-19,SELL_TGT_18w:29.962,17.96,TARGET,SELL_TGT_18w,1.67,Double Bottom,Yes
SONY,2025-12-19,SELL_TGT_30w:29.962,17.96,TARGET,SELL_TGT_30w,1.67,Double Bottom,Yes
SizePct
SONY,2025-12-20,MACD Bearish below zero,50.0,SELL,MACD Bearish below zero,1.67,Double Bottom,No,2.5
VEEV,2025-12-19,Stage: Mark-Down,85.0,WATCH,STAGE,,,Yes
VEEV,2025-12-19,SELL_TGT_6w:290.603,30.98,TARGET,SELL_TGT_6w,2.94,,Yes
VEEV,2025-12-19,SELL_TGT_8w:299.413,34.96,TARGET,SELL_TGT_8w,2.94,,Yes
VEEV,2025-12-19,SELL_TGT_12w:297.575,34.13,TARGET,SELL_TGT_12w,2.94,,Yes
VEEV,2025-12-19,SELL_TGT_18w:297.575,34.13,TARGET,SELL_TGT_18w,2.94,,Yes
VEEV,2025-12-19,SELL_TGT_30w:297.575,34.13,TARGET,SELL_TGT_30w,2.94,,Yes
SizePct
VEEV,2025-12-20,MACD Bearish below zero,50.0,SELL,MACD Bearish below zero,2.94,-,No,2.5
DXYZ,2025-12-19,Stage: Mark-Up,85.0,WATCH,STAGE,,Cup and Handle,Yes
DXYZ,2025-12-19,SELL_TGT_6w:40.1042,28.42,TARGET,SELL_TGT_6w,11.3,Cup and Handle,Yes
DXYZ,2025-12-19,SELL_TGT_8w:40.1042,28.42,TARGET,SELL_TGT_8w,11.3,Cup and Handle,Yes
DXYZ,2025-12-19,SELL_TGT_12w:39.5204,26.55,TARGET,SELL_TGT_12w,11.3,Cup and Handle,Yes
DXYZ,2025-12-19,SELL_TGT_18w:39.5204,26.55,TARGET,SELL_TGT_18w,11.3,Cup and Handle,Yes
DXYZ,2025-12-19,SELL_TGT_30w:39.5204,26.55,TARGET,SELL_TGT_30w,11.3,Cup and Handle,Yes
SizePct
DXYZ,2025-12-20,Watch: Near 50-DEMA with MACD/ADX/Vol OK,45.0,WATCH,Near50,11.3,Cup and Handle,No,0.0
USD,2025-12-19,Stage: Accumulation,65.0,WATCH,STAGE,,Ascending Triangle,No
USD,2025-12-19,SELL_TGT_6w:56.3211,11.26,TARGET,SELL_TGT_6w,5.46,Ascending Triangle,No
USD,2025-12-19,SELL_TGT_8w:56.3211,11.26,TARGET,SELL_TGT_8w,5.46,Ascending Triangle,No
USD,2025-12-19,SELL_TGT_12w:55.5752,9.79,TARGET,SELL_TGT_12w,5.46,Ascending Triangle,No
USD,2025-12-19,SELL_TGT_18w:55.5752,9.79,TARGET,SELL_TGT_18w,5.46,Ascending Triangle,No
USD,2025-12-19,SELL_TGT_30w:55.5752,9.79,TARGET,SELL_TGT_30w,5.46,Ascending Triangle,No
SizePct
USD,2025-12-20,MACD Bearish below zero,45.3,SELL,MACD Bearish below zero,5.46,Ascending Triangle,No,2.26
HIVE,2025-12-19,Stage: Mark-Down,65.0,WATCH,STAGE,,,Yes
HIVE,2025-12-19,SELL_TGT_6w:3.1818,12.43,TARGET,SELL_TGT_6w,8.35,,Yes
HIVE,2025-12-19,SELL_TGT_8w:5.0218,77.45,TARGET,SELL_TGT_8w,8.35,,Yes
HIVE,2025-12-19,SELL_TGT_12w:6.003,112.12,TARGET,SELL_TGT_12w,8.35,,Yes
HIVE,2025-12-19,SELL_TGT_18w:6.003,112.12,TARGET,SELL_TGT_18w,8.35,,Yes
HIVE,2025-12-19,SELL_TGT_30w:6.003,112.12,TARGET,SELL_TGT_30w,8.35,,Yes
SYF,2025-12-19,Stage: Mark-Up,85.0,WATCH,STAGE,,,No
SYF,2025-12-19,SELL_TGT_6w:85.5506,1.03,TARGET,SELL_TGT_6w,2.22,,No
SYF,2025-12-19,SELL_TGT_8w:85.5506,1.03,TARGET,SELL_TGT_8w,2.22,,No
SYF,2025-12-19,SELL_TGT_12w:85.1043,0.5,TARGET,SELL_TGT_12w,2.22,,No
SYF,2025-12-19,SELL_TGT_18w:85.1043,0.5,TARGET,SELL_TGT_18w,2.22,,No
SYF,2025-12-19,SELL_TGT_30w:85.1043,0.5,TARGET,SELL_TGT_30w,2.22,,No
SizePct
SYF,2025-12-20,Watch: Near 50-DEMA with MACD/ADX/Vol OK,45.0,WATCH,Near50,2.22,-,No,0.0
