symbol,MACD_Bullish,RSI_Oversold_Reversal,Volume_Surge,sector,undervalued,ema_bullish,bb_squeeze,rs_vs_proxy,avg_dollar_vol,passes_liquidity,drop_rebound_5%_success_rate,drop_rebound_10%_success_rate,events_10,drop_rebound_15%_success_rate,drop_rebound_20%_success_rate,events_20,drop_rebound_25%_success_rate,drop_rebound_30%_success_rate,events_25,events_30,q_demand_date,q_demand_proximal,q_demand_distal,q_demand_width,q_demand_delta,q_demand_distance,q_demand_distance_pct,q_demand_near,q_supply_date,q_supply_proximal,q_supply_distal,q_supply_width,q_supply_delta,q_supply_distance,q_supply_distance_pct,q_supply_near,score,label
AMBA,False,False,False,Semiconductor,False,True,True,False,450696.00214999996,False,72.58,68.18,44,55.17,55.0,20,60.0,50.0,15,10,2022-12-31,82.23,49.02,33.21,1.0499999999999972,1.0499999999999972,1.276906238599048,True,,,,,,,,,2,⚠️ WEAK
ARQQ,False,False,False,Tech,False,True,False,False,130445.54327000002,False,83.87,83.61,61,83.05,81.48,54,80.39,80.43,51,46,2023-12-31,15.3125,9.775,5.5375,21.137500000000003,21.137500000000003,138.04081632653063,False,2022-12-31,90.25,266.75,176.5,-53.8,53.8,59.612188365650965,False,3,⚠️ WEAK
ASTS,True,False,False,Satellite,False,True,False,False,3546868.733295,True,93.94,90.16,61,92.45,90.57,53,91.84,87.8,49,41,2025-03-31,22.74,17.5,5.239999999999998,26.350000000000005,26.350000000000005,115.8751099384345,False,,,,,,,,,4,⚠️ WEAK
BBAI,False,False,False,AI,False,True,False,False,5320781.275915,True,89.06,90.48,63,89.09,89.58,48,83.33,84.21,42,38,2023-12-31,2.14,1.16,0.9800000000000002,4.59,4.59,214.4859813084112,False,,,,,,,,,2,⚠️ WEAK
BTBT,False,False,False,CryptoMining,False,True,False,False,597620.2186474999,False,90.77,89.83,59,90.38,90.7,43,86.49,84.85,37,33,2025-06-30,2.19,1.69,0.5,0.7600000000000002,0.7600000000000002,34.70319634703197,False,,,,,,,,,2,⚠️ WEAK
CIFR,False,False,False,CryptoMining,False,True,False,True,4616284.139485,True,92.42,90.32,62,91.23,90.57,53,91.11,90.48,45,42,2024-03-31,5.15,2.155,2.9950000000000006,6.32,6.32,122.71844660194175,False,,,,,,,,,4,⚠️ WEAK
EXPE,False,False,False,TravelTech,False,True,True,False,1371039.173645,False,74.0,62.5,32,60.0,71.43,7,100.0,100.0,3,1,2025-06-30,168.36,129.46,38.900000000000006,54.50999999999999,54.50999999999999,32.37704918032786,False,,,,,,,,,2,⚠️ WEAK
INTC,True,False,True,Semiconductor,False,True,False,True,28668860.342935003,True,65.62,68.09,47,68.42,68.0,25,68.18,66.67,22,15,2024-09-30,30.72,18.51,12.209999999999997,4.780000000000001,4.780000000000001,15.559895833333337,False,,,,,,,,,4,⚠️ WEAK
IONQ,False,False,False,Quantum,False,True,False,True,12014511.208355,True,93.85,91.67,60,92.73,91.3,46,91.18,88.0,34,25,2024-09-30,8.74,6.22,2.5200000000000005,58.54,58.54,669.7940503432494,False,,,,,,,,,3,⚠️ WEAK
MP,False,False,False,RareEarth,False,True,False,False,5533546.115174999,True,78.46,74.0,50,69.05,69.7,33,75.0,87.5,20,8,2022-12-31,27.78,23.49,4.290000000000003,40.849999999999994,40.849999999999994,147.0482361411087,False,,,,,,,,,2,⚠️ WEAK
NDAQ,False,True,False,Exchange,False,True,False,False,1295156.5569600002,False,28.57,25.0,16,33.33,0.0,0,0.0,0.0,0,0,2023-12-31,56.8,45.62,11.18,30.710000000000008,30.710000000000008,54.06690140845072,False,,,,,,,,,2,⚠️ WEAK
NNE,False,False,False,NuclearETF,False,True,False,False,926851.291935,False,88.46,88.46,26,87.5,86.36,22,88.89,86.67,18,15,2025-06-30,34.49,17.26,17.23,4.799999999999997,4.799999999999997,13.917077413743103,False,,,,,,,,,1,⚠️ WEAK
OKLO,False,False,False,Nuclear,False,True,False,True,17019957.69051,True,85.37,91.89,37,90.91,88.89,27,85.71,84.21,21,19,2025-06-30,55.99,17.8,38.19,54.54,54.54,97.41025183068405,False,,,,,,,,,2,⚠️ WEAK
QBTS,True,False,False,Quantum,False,True,False,True,9795330.75127,True,93.44,95.0,60,90.74,92.31,52,88.37,90.24,43,41,2023-06-30,2.09,0.3962,1.6938,24.67,24.67,1180.3827751196175,False,,,,,,,,,5,🔎 WATCH
QNTM,False,False,False,Quantum,True,True,False,False,18371.95567,False,83.08,80.95,63,81.67,78.57,56,80.77,80.0,52,50,2024-12-31,4.02,2.7,1.3199999999999994,12.3,12.3,305.9701492537314,False,2023-06-30,74.7481,136.4966,61.74850000000001,-58.42809999999999,58.42809999999999,78.16666911934885,False,4,⚠️ WEAK
QS,True,False,False,Battery,False,True,False,True,3739714.9488349995,True,80.95,80.33,61,80.7,78.85,52,80.95,74.29,42,35,2022-12-31,8.47,5.11,3.3600000000000003,4.1899999999999995,4.1899999999999995,49.46871310507673,False,,,,,,,,,5,🔎 WATCH
QUBT,False,False,False,Quantum,False,True,False,False,5435376.6849125,True,90.91,90.77,65,90.16,86.79,53,86.96,84.62,46,39,2023-06-30,1.36,1.04,0.32000000000000006,18.785,18.785,1381.25,False,,,,,,,,,3,⚠️ WEAK
RBRK,True,False,False,Cybersecurity,False,True,False,False,2774354.69775,False,71.43,70.0,20,71.43,71.43,7,100.0,100.0,3,2,,,,,,,,,,,,,,,,,2,⚠️ WEAK
REPX,True,False,True,OilGas,False,True,True,False,19099.016344999996,False,77.27,75.0,52,73.33,66.67,18,100.0,100.0,5,2,2025-06-30,28.37,21.36,7.010000000000002,0.5899999999999999,0.5899999999999999,2.079661614381388,True,2023-06-30,31.83,42.28,10.450000000000003,-2.8699999999999974,2.8699999999999974,9.016650958215513,False,5,🔎 WATCH
RGTI,True,False,False,Quantum,False,True,False,True,14456133.584345002,True,92.54,92.31,65,91.53,90.74,54,89.58,88.37,48,43,2023-06-30,1.175,0.3601,0.8149000000000001,30.005,30.005,2553.6170212765956,False,,,,,,,,,5,🔎 WATCH
RKLB,False,False,False,Aerospace,False,True,False,False,8544952.528025,True,86.44,87.23,47,82.5,75.86,29,70.37,77.78,27,18,2025-06-30,35.77,14.71,21.060000000000002,10.489999999999995,10.489999999999995,29.326251048364533,False,,,,,,,,,1,⚠️ WEAK
RNGR,False,False,False,OilServices,False,True,False,False,12315.535085,False,62.5,59.38,32,70.0,72.73,11,57.14,100.0,7,2,2025-06-30,13.86,10.46,3.3999999999999986,0.620000000000001,0.620000000000001,4.473304473304481,False,,,,,,,,,1,⚠️ WEAK
SMR,False,False,False,Nuclear,False,True,False,False,5308097.653255,True,84.38,85.0,60,82.46,79.59,49,84.78,85.71,46,35,2024-06-30,11.69,0.13,11.559999999999999,26.310000000000002,26.310000000000002,225.06415739948676,False,,,,,,,,,2,⚠️ WEAK
SOUN,False,False,False,AI,False,True,False,True,10731556.57333,True,89.55,87.3,63,86.54,86.67,45,87.18,82.14,39,28,2025-06-30,10.73,6.52,4.210000000000001,5.209999999999999,5.209999999999999,48.55545200372786,False,,,,,,,,,3,⚠️ WEAK
TNL,False,False,False,TravelLeisure,False,True,False,False,147232.39067000002,False,62.0,46.15,26,63.64,66.67,3,50.0,100.0,2,1,2025-06-30,51.15,37.02,14.129999999999995,9.200000000000003,9.200000000000003,17.986314760508314,False,,,,,,,,,1,⚠️ WEAK
USAR,True,False,False,Other,False,True,False,False,733312.79184,False,89.47,89.47,19,93.75,93.33,15,91.67,88.89,12,9,2025-03-31,13.87,5.56,8.309999999999999,3.450000000000001,3.450000000000001,24.87382840663303,False,,,,,,,,,2,⚠️ WEAK
FTNT,True,False,False,Cybersecurity,False,True,False,False,2647852.04776,False,63.83,59.26,27,50.0,70.0,10,75.0,100.0,8,1,2024-09-30,77.55,54.57,22.979999999999997,6.769999999999996,6.769999999999996,8.729851708575108,False,2025-03-31,95.34,114.82,19.47999999999999,-11.02000000000001,11.02000000000001,11.558632263478088,False,2,⚠️ WEAK
ARGT,True,False,False,ArgentinaETF,False,True,False,False,323111.055905,False,56.82,43.75,16,50.0,0.0,0,0.0,0.0,0,0,2024-09-30,65.5,50.48,15.020000000000003,7.420000000000002,7.420000000000002,11.328244274809162,False,2025-06-30,80.72,95.79,15.070000000000007,-7.799999999999997,7.799999999999997,9.663032705649153,False,2,⚠️ WEAK
ARKQ,True,False,False,InnovationETF,False,True,False,False,126437.51682499998,False,53.49,47.62,21,66.67,0.0,2,100.0,0.0,1,0,2025-06-30,89.17,55.53,33.64,20.14,20.14,22.58607154872715,False,,,,,,,,,2,⚠️ WEAK
ARKK,False,False,False,InnovationETF,False,True,False,False,6443871.6126,True,75.0,75.0,32,65.22,63.64,11,75.0,0.0,4,1,2025-06-30,70.29,38.56,31.730000000000004,12.809999999999988,12.809999999999988,18.224498506188628,False,,,,,,,,,1,⚠️ WEAK
ARKX,True,False,False,SpaceETF,False,True,False,False,47920.074855,False,39.47,30.0,10,33.33,100.0,1,0.0,0.0,0,0,2025-06-30,24.16,15.07,9.09,3.6999999999999993,3.6999999999999993,15.31456953642384,False,,,,,,,,,2,⚠️ WEAK
BITQ,False,False,False,CryptoETF,False,True,False,False,43676.85235,False,80.0,75.0,44,71.88,60.0,25,58.82,80.0,17,15,2025-06-30,19.72,10.5,9.219999999999999,3.7600000000000016,3.7600000000000016,19.066937119675465,False,,,,,,,,,1,⚠️ WEAK
BUG,True,False,False,CybersecurityETF,False,True,False,False,81819.185185,False,53.49,60.0,15,66.67,0.0,0,0.0,0.0,0,0,2024-09-30,30.92,26.03,4.890000000000001,4.460000000000001,4.460000000000001,14.42432082794308,False,,,,,,,,,2,⚠️ WEAK
CPER,True,False,False,CopperETF,False,True,False,False,73608.489865,False,29.27,33.33,18,14.29,20.0,5,0.0,0.0,0,0,2024-09-30,28.35,24.7,3.650000000000002,1.0199999999999996,1.0199999999999996,3.5978835978835964,False,,,,,,,,,2,⚠️ WEAK
CRPT,False,False,False,CryptoETF,False,True,False,False,10523.589975,False,84.38,84.91,53,71.79,76.92,26,70.0,76.47,20,17,2024-09-30,13.43,8.37,5.0600000000000005,7.289999999999999,7.289999999999999,54.28145941921072,False,,,,,,,,,2,⚠️ WEAK
DRAG,False,False,False,DefenseETF,False,True,False,False,4017.348679999994,False,83.33,83.33,6,75.0,100.0,3,100.0,0.0,1,0,2025-03-31,26.74,20.08,6.66,1.370000000000001,1.370000000000001,5.123410620792824,False,,,,,,,,,1,⚠️ WEAK
DXYZ,False,False,False,AIETF,True,True,True,False,75563.25146500001,False,81.25,80.0,30,81.48,84.62,26,78.95,88.89,19,18,2024-09-30,15.3,9.0,6.300000000000001,8.719999999999999,8.719999999999999,56.99346405228757,False,,,,,,,,,3,⚠️ WEAK
ESPO,False,False,False,GamingETF,False,True,False,False,42452.469885,False,45.45,28.57,7,100.0,0.0,0,0.0,0.0,0,0,2025-06-30,109.54,77.91,31.63000000000001,10.709999999999994,10.709999999999994,9.777250319517979,False,,,,,,,,,1,⚠️ WEAK
GLD,True,False,False,GoldETF,False,True,False,False,32421744.560135,True,31.25,0.0,0,0.0,0.0,0,0.0,0.0,0,0,2023-12-31,191.17,168.3,22.869999999999976,155.57000000000002,155.57000000000002,81.37783124967308,False,,,,,,,,,2,⚠️ WEAK
HACK,False,False,False,CybersecurityETF,False,True,False,False,50492.8646,False,28.12,40.0,5,0.0,100.0,1,0.0,0.0,0,0,2025-06-30,86.37,61.59,24.78,0.4299999999999926,0.4299999999999926,0.49785805256453936,True,,,,,,,,,1,⚠️ WEAK
HERO,False,False,False,GamingETF,False,True,False,False,8373.17119,False,46.67,50.0,8,100.0,0.0,0,0.0,0.0,0,0,2023-12-31,19.87,17.38,2.490000000000002,13.709999999999997,13.709999999999997,68.99849018621035,False,,,,,,,,,1,⚠️ WEAK
IBIT,False,False,False,BitcoinETF,False,True,False,False,21448049.358395,True,87.88,84.21,19,91.67,100.0,7,100.0,0.0,1,0,2025-06-30,61.21,42.98,18.230000000000004,0.7299999999999969,0.7299999999999969,1.1926155856886078,True,,,,,,,,,1,⚠️ WEAK
INDS,False,False,False,REITETF,False,True,False,False,6086.594394999998,False,22.86,41.67,12,100.0,0.0,0,0.0,0.0,0,0,2025-06-30,36.59,30.02,6.570000000000004,0.4099999999999966,0.4099999999999966,1.120524733533743,True,,,,,,,,,1,⚠️ WEAK
MISL,True,False,False,DefenseETF,False,True,False,False,6648.85634,False,38.1,25.0,4,0.0,0.0,0,0.0,0.0,0,0,2025-06-30,37.26,26.37,10.889999999999997,3.3999999999999986,3.3999999999999986,9.125067096081585,False,,,,,,,,,2,⚠️ WEAK
NUKZ,False,False,False,NuclearETF,False,True,False,False,112129.62107499999,False,66.67,60.0,10,50.0,33.33,3,50.0,100.0,2,1,2025-06-30,56.56,32.7,23.86,8.469999999999999,8.469999999999999,14.975247524752472,False,,,,,,,,,1,⚠️ WEAK
PPA,True,False,False,DefenseETF,False,True,False,False,196049.306045,False,43.75,100.0,1,0.0,0.0,0,0.0,0.0,0,0,2025-06-30,141.26,99.97,41.28999999999999,11.29000000000002,11.29000000000002,7.992354523573568,False,,,,,,,,,2,⚠️ WEAK
PXH,False,False,False,EmergingMarketsETF,False,True,False,False,42371.03892,False,16.0,0.0,3,100.0,0.0,0,0.0,0.0,0,0,2025-06-30,23.04,18.21,4.829999999999998,2.1000000000000014,2.1000000000000014,9.11458333333334,False,,,,,,,,,1,⚠️ WEAK
QTUM,False,False,False,AIETF,False,True,False,False,317998.675985,False,51.61,53.85,13,50.0,100.0,1,0.0,0.0,0,0,2025-06-30,91.6,62.37,29.229999999999997,13.010000000000005,13.010000000000005,14.203056768558959,False,,,,,,,,,1,⚠️ WEAK
SHLD,True,False,False,DefenseETF,False,True,False,False,827101.94992,False,33.33,50.0,2,0.0,0.0,0,0.0,0.0,0,0,2023-12-31,27.65,23.46,4.189999999999998,40.57,40.57,146.7269439421338,False,,,,,,,,,2,⚠️ WEAK
SLV,True,False,False,SilverETF,False,True,False,False,9491632.048785,True,52.27,50.0,18,60.0,0.0,0,0.0,0.0,0,0,2025-06-30,32.81,26.57,6.240000000000002,9.049999999999997,9.049999999999997,27.58305394696738,False,,,,,,,,,2,⚠️ WEAK
WGMI,False,False,False,CryptoMiningETF,False,True,False,True,193828.90941000002,False,87.3,84.62,52,82.93,81.82,33,77.78,76.19,27,21,2025-06-30,22.74,11.09,11.649999999999999,17.87,17.87,78.5839929639402,False,,,,,,,,,3,⚠️ WEAK
XOVR,False,False,False,DisruptiveETF,False,True,False,False,35653.23969,False,56.67,63.64,11,66.67,0.0,1,100.0,0.0,1,0,2025-06-30,19.09,13.92,5.17,1.7399999999999984,1.7399999999999984,9.114719748559446,False,,,,,,,,,1,⚠️ WEAK
STCE,False,False,False,BitcoinETF,False,True,False,True,47856.94408,False,75.86,76.92,39,72.41,70.83,24,63.64,100.0,11,3,2025-06-30,50.05,28.04,22.009999999999998,23.060000000000002,23.060000000000002,46.07392607392608,False,,,,,,,,,2,⚠️ WEAK
COIN,False,False,False,Bitcoin,False,True,False,False,14618674.826815,True,89.06,85.45,55,80.0,76.32,38,76.67,83.33,30,18,2024-09-30,226.0,146.12,79.88,86.58999999999997,86.58999999999997,38.314159292035384,False,,,,,,,,,2,⚠️ WEAK
MSTR,False,False,False,Bitcoin,False,True,False,False,20313758.292104997,True,84.13,78.85,52,83.72,76.47,34,84.0,93.33,25,15,2023-12-31,63.16,30.71,32.449999999999996,245.9,245.9,389.32868904369855,False,,,,,,,,,2,⚠️ WEAK
RIOT,False,False,False,Bitcoin,False,True,False,True,6176737.964785,True,93.75,91.53,59,89.8,78.95,38,75.86,69.57,29,23,2023-12-31,15.47,8.605,6.865,2.2200000000000006,2.2200000000000006,14.35035552682612,False,,,,,,,,,3,⚠️ WEAK
MARA,False,False,False,Bitcoin,False,True,False,False,10457887.97337,True,86.89,87.93,58,85.11,77.5,40,76.47,74.07,34,27,2025-06-30,15.68,9.81,5.869999999999999,0.4499999999999993,0.4499999999999993,2.869897959183669,True,2024-03-31,22.58,34.09,11.510000000000005,-6.449999999999999,6.449999999999999,28.565101860053144,False,2,⚠️ WEAK
GBTC,False,False,False,BitcoinETF,False,True,False,False,1125940.871275,False,89.47,90.91,33,90.91,92.31,13,75.0,66.67,4,3,2025-06-30,84.83,59.79,25.04,0.8200000000000074,0.8200000000000074,0.9666391606742986,True,,,,,,,,,1,⚠️ WEAK
BITO,False,False,False,BitcoinETF,False,True,False,False,1984458.0278,False,85.19,71.43,35,90.0,90.91,11,100.0,0.0,2,0,2024-09-30,11.73,9.16,2.5700000000000003,7.009999999999998,7.009999999999998,59.76129582267687,False,,,,,,,,,1,⚠️ WEAK
BITB,False,False,False,BitcoinETF,False,True,False,False,584501.2202199999,False,90.91,89.47,19,91.67,100.0,7,100.0,0.0,1,0,2025-06-30,58.59,41.17,17.42,0.779999999999994,0.779999999999994,1.331285202252934,True,,,,,,,,,1,⚠️ WEAK
BITW,False,False,False,BitcoinETF,False,True,False,False,39069.525022500005,False,82.14,80.0,40,88.46,69.23,13,75.0,75.0,8,4,2025-06-30,65.78,42.8,22.980000000000004,10.0,10.0,15.202189115232592,False,,,,,,,,,1,⚠️ WEAK
HUT,False,False,False,Bitcoin,False,True,False,True,1629171.78708,False,87.1,87.72,57,87.5,89.13,46,88.37,86.11,43,36,2025-06-30,18.6,10.04,8.560000000000002,14.559999999999995,14.559999999999995,78.27956989247309,False,,,,,,,,,3,⚠️ WEAK
CLSK,False,False,False,Bitcoin,False,True,False,False,2973952.642405,False,87.5,87.1,62,87.93,81.82,55,84.0,86.05,50,43,2023-12-31,11.03,3.38,7.6499999999999995,1.9300000000000015,1.9300000000000015,17.497733454215787,False,,,,,,,,,3,⚠️ WEAK
CORZ,False,False,False,Bitcoin,False,True,False,False,1528921.439485,False,96.88,92.31,26,89.47,82.35,17,92.31,85.71,13,7,,,,,,,,,,,,,,,,,1,⚠️ WEAK
BABA,False,False,False,ChinaStock,False,True,False,True,28921510.903470002,True,65.52,53.85,39,50.0,63.64,11,60.0,50.0,5,2,2025-03-31,130.0,78.71,51.290000000000006,41.91,41.91,32.238461538461536,False,,,,,,,,,2,⚠️ WEAK
JD,False,False,False,ChinaStock,False,True,False,False,5644535.7164549995,True,71.67,68.09,47,69.7,71.43,21,58.33,66.67,12,3,2024-03-31,26.44,19.66,6.780000000000001,8.059999999999999,8.059999999999999,30.484114977307105,False,2023-03-31,40.83,62.42,21.590000000000003,-6.329999999999998,6.329999999999998,15.503306392358557,False,1,⚠️ WEAK
PDD,False,False,False,ChinaStock,False,True,False,False,7306909.009029999,True,68.85,61.36,44,60.0,50.0,16,50.0,50.0,12,8,2025-06-30,118.78,87.11,31.67,11.210000000000008,11.210000000000008,9.437615760229,False,,,,,,,,,1,⚠️ WEAK
NIO,False,False,False,ChinaStock,False,True,False,False,5336553.75057,True,85.25,84.48,58,80.85,75.61,41,75.0,78.95,28,19,2024-06-30,4.63,3.61,1.02,2.41,2.41,52.051835853131756,False,2023-09-30,9.04,16.18,7.140000000000001,-1.9999999999999991,1.9999999999999991,22.123893805309727,False,2,⚠️ WEAK
XPEV,True,False,False,ChinaStock,False,True,True,False,1167368.308245,False,86.36,85.96,57,80.39,80.0,35,90.48,78.57,21,14,2023-06-30,13.42,7.5,5.92,9.37,9.37,69.82116244411326,False,,,,,,,,,4,⚠️ WEAK
LI,False,False,True,ChinaStock,True,True,False,False,985905.948565,False,76.27,72.22,54,70.0,67.86,28,52.94,44.44,17,9,2022-12-31,23.28,12.51,10.770000000000001,1.0799999999999983,1.0799999999999983,4.639175257731951,False,2024-03-31,30.28,46.44,16.159999999999997,-5.920000000000002,5.920000000000002,19.55085865257596,False,4,⚠️ WEAK
TCEHY,False,False,False,ChinaStock,False,True,False,False,1232293.6755899999,False,61.22,59.26,27,66.67,100.0,1,0.0,0.0,0,0,2025-03-31,63.2816,46.351,16.9306,20.108400000000003,20.108400000000003,31.776061287957326,False,,,,,,,,,1,⚠️ WEAK
BIDU,False,False,False,ChinaStock,False,True,False,True,6817113.537895,True,67.74,60.0,45,63.33,57.14,14,66.67,100.0,6,2,2022-12-31,117.2,73.58,43.620000000000005,14.14,14.14,12.064846416382252,False,2023-09-30,134.35,156.98,22.629999999999995,-3.009999999999991,3.009999999999991,2.2404168217342693,True,2,⚠️ WEAK
KWEB,False,False,False,ChinaETF,False,True,False,False,7387014.8432950005,True,58.93,50.0,38,50.0,71.43,7,100.0,0.0,1,0,2025-03-31,34.91,27.27,7.639999999999997,6.160000000000004,6.160000000000004,17.64537381839016,False,,,,,,,,,1,⚠️ WEAK
CQQQ,False,False,True,ChinaETF,False,True,False,False,714569.0627250001,False,57.69,61.29,31,58.82,83.33,6,100.0,0.0,1,0,2025-06-30,44.25,35.62,8.630000000000003,12.850000000000001,12.850000000000001,29.039548022598872,False,,,,,,,,,2,⚠️ WEAK
FXI,False,False,False,ChinaETF,False,True,False,False,9116358.2613,True,56.0,40.0,25,50.0,100.0,1,0.0,0.0,0,0,2025-03-31,35.34,28.23,7.110000000000003,4.989999999999995,4.989999999999995,14.119977362761727,False,,,,,,,,,1,⚠️ WEAK
MCHI,False,False,False,ChinaETF,False,True,False,False,1676122.22958,False,51.11,37.5,24,75.0,50.0,2,0.0,0.0,0,0,2025-03-31,53.87,43.27,10.599999999999994,10.449999999999996,10.449999999999996,19.398552069797653,False,,,,,,,,,1,⚠️ WEAK
ASHR,False,False,False,ChinaETF,False,True,True,False,2092181.813375,False,18.6,33.33,12,50.0,66.67,3,100.0,0.0,2,0,2024-09-30,28.27,22.19,6.079999999999998,3.849999999999998,3.849999999999998,13.618677042801549,False,,,,,,,,,2,⚠️ WEAK
NAIL,False,True,False,HomebuildersBull,False,True,False,False,1023274.786795,False,93.33,90.2,51,87.5,83.87,31,76.0,66.67,25,15,2025-06-30,62.59,39.66,22.930000000000007,10.239999999999995,10.239999999999995,16.360440965010376,False,2024-12-31,83.38,175.88,92.5,-10.549999999999997,10.549999999999997,12.652914367953944,False,3,⚠️ WEAK
USD,False,False,False,SemiconductorsBull,False,True,False,False,297240.31503,False,92.31,87.76,49,87.5,85.0,20,80.0,80.0,15,10,2025-06-30,73.97,25.06,48.91,20.430000000000007,20.430000000000007,27.619305123698805,False,,,,,,,,,1,⚠️ WEAK
TECL,False,False,False,TechnologyBull,False,True,False,False,900353.4976499999,False,92.73,87.5,40,77.78,73.68,19,78.57,75.0,14,8,2024-09-30,96.98,54.47,42.510000000000005,23.36999999999999,23.36999999999999,24.097752113837895,False,,,,,,,,,1,⚠️ WEAK
TQQQ,False,False,False,TechnologyBull,False,True,False,False,46868220.746195,True,87.5,78.79,33,73.08,64.71,17,80.0,85.71,10,7,2025-06-30,82.92,34.87,48.050000000000004,18.33,18.33,22.105643994211285,False,,,,,,,,,1,⚠️ WEAK
SSO,False,False,False,SP500Bull,False,True,False,False,1403600.580385,False,63.64,68.75,16,71.43,50.0,2,100.0,100.0,1,1,2025-06-30,97.56,60.61,36.95,13.149999999999991,13.149999999999991,13.47888478884788,False,,,,,,,,,1,⚠️ WEAK
SOXL,True,False,False,SemiconductorsBull,False,True,False,True,18441122.546245,True,89.71,88.52,61,85.11,83.78,37,84.38,75.0,32,20,2023-12-31,30.94,13.77,17.17,3.080000000000002,3.080000000000002,9.954751131221725,False,2024-09-30,36.34,69.35,33.00999999999999,-2.3200000000000003,2.3200000000000003,6.384149697303247,False,4,⚠️ WEAK
NVDL,True,False,False,SingleStock_NVDA_Bull,False,True,True,False,8395740.77582,True,91.07,89.19,37,89.66,100.0,23,93.75,81.82,16,11,2025-06-30,70.42,23.12,47.3,15.149999999999991,15.149999999999991,21.513774495881837,False,,,,,,,,,3,⚠️ WEAK
NVDU,True,False,False,SingleStock_NVDA_Bull,False,True,True,False,540254.55428,False,92.31,92.86,28,95.83,100.0,19,92.86,81.82,14,11,2025-06-30,98.61,32.26,66.35,21.189999999999998,21.189999999999998,21.488692830341748,False,,,,,,,,,3,⚠️ WEAK
CONL,False,False,False,SingleStock_COIN_Bull,False,True,False,False,1318602.315585,False,87.69,90.16,61,88.33,88.14,59,87.04,86.54,54,52,2023-03-31,10.16,3.79,6.37,22.16,22.16,218.11023622047244,False,2024-03-31,33.94,87.37,53.43000000000001,-1.6199999999999974,1.6199999999999974,4.773129051266935,False,3,⚠️ WEAK
SH,True,False,False,SP500Bear,True,True,False,False,1402514.592185,False,7.32,0.0,6,0.0,0.0,0,0.0,0.0,0,0,,,,,,,,,2025-06-30,39.24,50.29,11.049999999999997,-2.0500000000000043,2.0500000000000043,5.224260958205923,False,3,⚠️ WEAK
QID,False,False,False,NasdaqBear,True,True,False,False,2654026.437065,False,57.38,49.06,53,41.46,37.5,24,12.5,50.0,8,4,,,,,,,,,2025-06-30,25.03,49.36,24.33,-3.1900000000000013,3.1900000000000013,12.744706352377152,False,2,⚠️ WEAK
CONI,True,False,False,SingleStock_COIN_Bear,True,True,False,False,110152.068075,False,88.89,88.24,17,93.33,93.33,15,93.33,93.33,15,15,,,,,,,,,,,,,,,,,3,⚠️ WEAK
MSTU,False,False,False,SingleStock_MSFT_Bull,True,True,False,False,2022284.627125,False,94.44,94.44,18,77.78,77.78,18,93.33,100.0,15,12,,,,,,,,,,,,,,,,,2,⚠️ WEAK
FIAT,False,False,False,MacroCurrency,True,True,False,False,27109.887264999998,False,65.22,58.82,17,50.0,50.0,12,50.0,50.0,10,10,,,,,,,,,,,,,,,,,2,⚠️ WEAK
GOOG,False,False,False,BigTech,False,True,False,False,31670852.183264993,True,64.86,52.38,21,45.45,33.33,3,0.0,0.0,0,0,2024-09-30,183.43,147.55,35.879999999999995,63.75,63.75,34.75440222428174,False,,,,,,,,,1,⚠️ WEAK
MSFT,True,False,False,BigTech,False,True,False,False,41991368.019370005,True,36.36,33.33,12,50.0,0.0,0,0.0,0.0,0,0,2025-06-30,496.59,343.61,152.97999999999996,14.870000000000005,14.870000000000005,2.9944219577518685,True,,,,,,,,,2,⚠️ WEAK
IBM,True,False,True,BigTech,False,True,False,False,6030973.587630001,True,24.24,31.25,16,20.0,0.0,0,0.0,0.0,0,0,2022-12-31,126.97,102.9,24.069999999999993,157.34,157.34,123.9190359927542,False,,,,,,,,,3,⚠️ WEAK
NVDA,True,False,False,BigTech,False,True,False,False,218568964.44214,True,84.0,76.92,26,86.67,100.0,11,100.0,100.0,3,1,2025-06-30,157.98,86.61,71.36999999999999,20.210000000000008,20.210000000000008,12.792758577035073,False,,,,,,,,,2,⚠️ WEAK
SPRX,False,False,False,InnovationETF,False,True,False,False,38367.925805,False,74.47,81.48,27,84.62,80.0,5,75.0,50.0,4,2,2025-06-30,29.6,16.31,13.290000000000003,8.86,8.86,29.932432432432428,False,,,,,,,,,1,⚠️ WEAK
NOC,True,False,False,AeroDefense,False,True,False,False,1440719.49203,False,27.27,18.75,16,0.0,0.0,0,0.0,0.0,0,0,2025-03-31,507.58,420.66,86.91999999999996,86.94,86.94,17.128334449741914,False,,,,,,,,,2,⚠️ WEAK
BA,False,False,True,AeroDefense,False,True,False,False,10603442.14882,True,56.82,50.0,24,50.0,55.56,9,100.0,0.0,1,0,2025-06-30,209.53,128.88,80.65,11.72999999999999,11.72999999999999,5.5982436882546605,False,,,,,,,,,2,⚠️ WEAK
LMT,True,False,False,AeroDefense,False,True,False,False,2213699.219245,False,37.14,41.18,17,25.0,0.0,0,0.0,0.0,0,0,2025-03-31,475.61,410.78,64.83000000000004,11.829999999999984,11.829999999999984,2.4873320577784286,True,,,,,,,,,2,⚠️ WEAK
RTX,True,False,False,AeroDefense,False,True,False,False,2656923.28655,False,40.74,50.0,10,40.0,0.0,1,0.0,0.0,0,0,2025-06-30,145.38,111.21,34.17,17.97,17.97,12.3607098638052,False,,,,,,,,,2,⚠️ WEAK
LHX,True,False,False,AeroDefense,False,True,False,False,1136939.76018,False,29.41,37.5,16,40.0,0.0,1,0.0,0.0,0,0,2025-03-31,207.36,190.25,17.110000000000014,86.19999999999999,86.19999999999999,41.57021604938271,False,,,,,,,,,2,⚠️ WEAK
HEI,False,False,False,AeroDefense,False,True,True,False,366464.44670000003,False,47.37,42.86,7,50.0,0.0,0,0.0,0.0,0,0,2025-03-31,267.09,216.6,50.48999999999998,53.22000000000003,53.22000000000003,19.925867685049994,False,,,,,,,,,2,⚠️ WEAK
HXL,False,False,True,AeroDefense,False,True,False,False,277311.241785,False,48.94,45.83,24,44.44,0.0,4,100.0,0.0,1,0,2022-12-31,57.37,48.65,8.719999999999999,6.0,6.0,10.458427749694962,False,2023-09-30,63.84,77.36,13.519999999999996,-0.47000000000000597,0.47000000000000597,0.7362155388471271,True,2,⚠️ WEAK
ESLT,False,False,False,AeroDefense,False,True,True,False,149821.71881499997,False,48.84,47.06,17,66.67,0.0,0,0.0,0.0,0,0,2023-12-31,210.61,181.11,29.5,282.96,282.96,134.35259484354967,False,,,,,,,,,2,⚠️ WEAK
AVAV,True,False,False,AeroDefense,False,True,False,False,1348708.0157849998,False,65.22,72.73,33,80.95,75.0,12,75.0,50.0,8,4,2025-06-30,284.95,102.25,182.7,16.25,16.25,5.702754869275312,False,,,,,,,,,2,⚠️ WEAK
KTOS,True,False,False,AeroDefense,False,True,False,True,1560714.723095,False,76.0,66.67,24,61.54,66.67,3,100.0,100.0,2,1,2022-12-31,10.32,8.905,1.415000000000001,75.96000000000001,75.96000000000001,736.0465116279071,False,,,,,,,,,3,⚠️ WEAK
PSN,True,False,False,AeroDefense,False,True,False,False,463208.74131000007,False,54.55,53.33,15,60.0,66.67,6,66.67,66.67,3,3,,,,,,,,,2024-12-31,92.25,114.68,22.430000000000007,-10.790000000000006,10.790000000000006,11.696476964769655,False,2,⚠️ WEAK
ERJ,True,False,False,AeroDefense,False,True,False,False,514428.6098300001,False,66.04,74.07,27,80.0,100.0,4,100.0,0.0,2,0,2023-12-31,18.43,12.47,5.959999999999999,42.18,42.18,228.86597938144328,False,,,,,,,,,2,⚠️ WEAK
BKSY,False,False,False,SpaceTech,False,True,False,False,245356.93240999998,False,88.71,89.66,58,84.62,83.72,43,82.86,84.38,35,32,2023-12-31,11.2,8.32,2.879999999999999,8.510000000000002,8.510000000000002,75.98214285714288,False,,,,,,,,,2,⚠️ WEAK
PL,True,False,False,SpaceTech,False,True,False,True,1258448.272095,False,83.08,80.33,61,81.13,82.5,40,81.82,88.46,33,26,2025-06-30,6.1,2.79,3.3099999999999996,6.1,6.1,100.0,False,,,,,,,,,4,⚠️ WEAK
SATL,False,False,False,SpaceTech,False,True,False,False,60404.52235500001,False,81.82,78.69,61,75.0,83.33,42,75.68,86.67,37,30,2023-12-31,1.75,0.6901,1.0598999999999998,1.6,1.6,91.42857142857143,False,,,,,,,,,2,⚠️ WEAK
SPIR,True,False,False,SpaceTech,False,True,False,False,31047.408864999998,False,88.71,81.82,55,78.72,80.56,36,65.38,76.19,26,21,2024-09-30,10.84,6.26,4.58,0.33000000000000007,0.33000000000000007,3.0442804428044288,False,,,,,,,,,3,⚠️ WEAK
RDW,True,False,False,SpaceTech,False,True,False,False,400267.89356000006,False,93.22,92.59,54,91.11,84.21,38,89.66,91.3,29,23,2023-12-31,2.94,2.35,0.5899999999999999,5.890000000000001,5.890000000000001,200.34013605442178,False,,,,,,,,,3,⚠️ WEAK
SATS,False,False,False,SatCom,False,True,True,True,3102592.7632099995,True,78.33,76.92,52,77.5,70.37,27,73.68,75.0,19,12,2025-06-30,27.7,14.9,12.799999999999999,45.75,45.75,165.1624548736462,False,,,,,,,,,4,⚠️ WEAK
IRDM,True,True,False,SatCom,True,True,False,False,457494.44229999994,False,51.72,53.85,39,56.0,47.06,17,40.0,40.0,10,5,,,,,,,,,2024-12-31,28.49,35.03,6.540000000000003,-10.84,10.84,38.04843804843805,False,4,⚠️ WEAK
SIRI,False,True,False,SatCom,True,True,False,False,444824.04802,False,65.0,60.87,46,58.82,61.54,26,68.42,50.0,19,10,2025-06-30,22.68,18.22,4.460000000000001,0.019999999999999574,0.019999999999999574,0.08818342151675297,True,2023-09-30,43.04,75.66,32.62,-20.34,20.34,47.25836431226766,False,3,⚠️ WEAK
GSAT,False,False,False,SatCom,False,True,False,True,310596.87934,False,80.65,81.03,58,80.0,78.38,37,77.78,77.27,27,22,2024-12-31,31.0498,14.9999,16.0499,3.1401999999999965,3.1401999999999965,10.113430682323225,False,,,,,,,,,3,⚠️ WEAK
VSAT,False,False,False,SatCom,False,True,True,False,686686.448565,False,84.48,82.35,51,86.05,82.86,35,81.48,72.22,27,18,2023-12-31,27.95,15.01,12.94,0.9800000000000004,0.9800000000000004,3.506261180679787,False,2022-12-31,31.65,44.77,13.120000000000005,-2.719999999999999,2.719999999999999,8.593996840442335,False,3,⚠️ WEAK
ACAD,False,False,False,Unknown,False,True,False,False,304643.73452500004,False,63.46,61.54,39,55.56,58.82,17,33.33,50.0,6,6,2024-06-30,18.56,14.55,4.009999999999998,2.490000000000002,2.490000000000002,13.41594827586208,False,,,,,,,,,1,⚠️ WEAK
ACEL,True,False,False,Unknown,False,True,True,False,14487.9044,False,60.78,58.62,29,53.85,25.0,4,100.0,0.0,1,0,2023-12-31,10.92,9.64,1.2799999999999994,0.4499999999999993,0.4499999999999993,4.120879120879114,False,,,,,,,,,3,⚠️ WEAK
ACIW,False,False,False,Unknown,False,True,False,False,214474.794715,False,60.0,56.0,25,50.0,50.0,2,0.0,0.0,0,0,2023-12-31,30.6,19.56,11.040000000000003,21.659999999999997,21.659999999999997,70.78431372549018,False,,,,,,,,,1,⚠️ WEAK
ADBE,True,False,False,Software,True,True,False,False,9471189.70644,True,53.85,46.67,30,46.67,50.0,8,100.0,0.0,2,0,,,,,,,,,2024-03-31,504.6,638.25,133.64999999999998,-144.23000000000002,144.23000000000002,28.583036068172813,False,3,⚠️ WEAK
ADMA,False,False,False,Unknown,False,True,False,False,348876.54981,False,70.37,63.16,38,59.26,53.33,15,0.0,0.0,3,0,2023-12-31,4.52,3.06,1.4599999999999995,11.09,11.09,245.35398230088498,False,2024-12-31,17.15,23.64,6.490000000000002,-1.5399999999999991,1.5399999999999991,8.97959183673469,False,1,⚠️ WEAK
ADP,True,False,False,ITServices,False,True,False,False,1836056.2943099998,False,22.58,37.5,8,50.0,0.0,0,0.0,0.0,0,0,2024-09-30,271.07,225.4,45.66999999999999,20.470000000000027,20.470000000000027,7.5515549489061975,False,2025-06-30,301.93,326.59,24.659999999999968,-10.389999999999986,10.389999999999986,3.4411949789686305,False,2,⚠️ WEAK
ADT,False,False,False,Industrials,False,True,False,False,604954.74255,False,61.54,62.07,29,50.0,33.33,3,50.0,100.0,2,1,2023-06-30,6.77,4.57,2.1999999999999993,2.040000000000001,2.040000000000001,30.132939438700163,False,,,,,,,,,1,⚠️ WEAK
AIZ,True,False,False,Unknown,False,True,False,False,258824.76086999997,False,42.11,30.77,13,28.57,33.33,3,0.0,0.0,0,0,2025-06-30,208.64,173.64,35.0,6.980000000000018,6.980000000000018,3.3454754601227084,False,,,,,,,,,2,⚠️ WEAK
ALKS,False,False,False,Biotech,False,True,False,False,374566.247315,False,62.26,57.69,26,38.46,33.33,6,50.0,0.0,2,0,2023-12-31,27.74,20.46,7.279999999999998,0.15000000000000213,0.15000000000000213,0.5407354001442038,True,2025-03-31,29.1,36.45,7.350000000000001,-1.2100000000000009,1.2100000000000009,4.158075601374573,False,1,⚠️ WEAK
ALL,True,False,False,Unknown,False,True,False,False,1173536.8287149998,False,46.34,40.0,10,33.33,100.0,2,0.0,0.0,0,0,2025-03-31,205.06,173.88,31.180000000000007,7.699999999999989,7.699999999999989,3.7549985370135515,False,,,,,,,,,2,⚠️ WEAK
ALRM,False,False,True,Unknown,False,True,False,False,101150.14666,False,46.94,53.33,30,57.14,50.0,6,100.0,0.0,3,0,2023-06-30,51.68,44.92,6.759999999999998,1.0399999999999991,1.0399999999999991,2.012383900928791,True,2024-03-31,64.02,77.3,13.280000000000001,-11.299999999999997,11.299999999999997,17.650734145579502,False,2,⚠️ WEAK
AMAT,True,False,False,Unknown,False,True,False,False,7020770.420119999,True,69.64,61.29,31,68.75,44.44,9,66.67,100.0,3,1,2025-06-30,182.55,123.03,59.52000000000001,21.369999999999976,21.369999999999976,11.70638181320185,False,,,,,,,,,2,⚠️ WEAK
ANIK,True,False,False,Unknown,True,True,True,False,5056.23839,False,53.57,48.57,35,52.17,41.18,17,46.67,25.0,15,8,,,,,,,,,2022-12-31,23.99,32.51,8.52,-14.969999999999999,14.969999999999999,62.40100041684035,False,4,⚠️ WEAK
ANIP,False,False,False,Unknown,False,True,True,False,144126.208115,False,65.31,66.67,27,54.55,75.0,4,100.0,0.0,1,0,2024-12-31,59.68,52.5,7.18,33.37,33.37,55.914879356568356,False,,,,,,,,,2,⚠️ WEAK
AORT,False,False,False,Unknown,False,True,False,False,78548.17628,False,68.75,63.64,22,72.73,50.0,6,33.33,0.0,3,0,2025-06-30,31.1,21.97,9.130000000000003,9.96,9.96,32.02572347266881,False,,,,,,,,,1,⚠️ WEAK
APPN,False,False,False,Unknown,True,True,True,False,130520.725905,False,77.19,76.47,51,77.78,80.95,21,71.43,50.0,7,4,2025-06-30,29.86,24.0,5.859999999999999,1.120000000000001,1.120000000000001,3.7508372404554624,False,2022-12-31,32.56,51.07,18.509999999999998,-1.5800000000000018,1.5800000000000018,4.852579852579858,False,4,⚠️ WEAK
APTV,False,False,False,Industrials,False,True,False,False,937341.765195,False,54.72,51.35,37,57.89,60.0,10,75.0,0.0,4,0,2024-12-31,71.72,51.47,20.25,14.5,14.5,20.217512548800894,False,2023-03-31,94.81,124.88,30.069999999999993,-8.590000000000003,8.590000000000003,9.060225714587073,False,1,⚠️ WEAK
ASTE,False,False,False,Unknown,False,True,False,False,34229.910755000004,False,59.62,61.11,36,55.0,45.45,11,28.57,25.0,7,4,2023-12-31,45.71,28.16,17.55,2.009999999999998,2.009999999999998,4.397287245679278,False,,,,,,,,,1,⚠️ WEAK
ATLC,False,False,False,Unknown,False,True,False,False,19489.64855,False,78.57,75.61,41,80.65,70.59,17,71.43,80.0,7,5,2025-06-30,54.75,41.37,13.380000000000003,8.630000000000003,8.630000000000003,15.762557077625575,False,,,,,,,,,1,⚠️ WEAK
AUPH,False,False,False,Unknown,False,True,False,False,125097.082445,False,80.0,75.0,36,66.67,72.22,18,63.64,33.33,11,6,2025-03-31,9.05,6.55,2.500000000000001,4.09,4.09,45.19337016574585,False,,,,,,,,,1,⚠️ WEAK
AVAH,False,False,False,Unknown,False,True,True,False,61449.20308000001,False,78.57,80.0,50,78.05,85.19,27,82.35,81.82,17,11,2025-03-31,5.42,3.67,1.75,3.33,3.33,61.43911439114391,False,,,,,,,,,3,⚠️ WEAK
AVNS,False,False,False,Unknown,True,True,True,False,34612.640999999996,False,60.0,60.61,33,60.0,61.54,13,60.0,0.0,5,0,,,,,,,,,2024-09-30,20.06,25.36,5.300000000000001,-8.29,8.29,41.326021934197406,False,3,⚠️ WEAK
BBY,False,False,False,Unknown,False,True,True,False,1178811.491065,False,51.02,48.15,27,66.67,33.33,3,50.0,50.0,2,2,2023-06-30,73.64,60.76,12.880000000000003,2.510000000000005,2.510000000000005,3.4084736556219513,False,2024-09-30,79.45,98.44,18.989999999999995,-3.299999999999997,3.299999999999997,4.153555695405911,False,2,⚠️ WEAK
BCO,False,False,False,Unknown,False,True,True,False,126513.501045,False,45.45,45.0,20,60.0,100.0,1,0.0,0.0,0,0,2025-06-30,89.04,79.75,9.290000000000006,27.959999999999994,27.959999999999994,31.401617250673848,False,,,,,,,,,2,⚠️ WEAK
BDC,False,False,False,Unknown,False,True,False,False,122601.19377000001,False,63.04,63.64,22,88.89,100.0,5,100.0,100.0,4,3,2025-06-30,115.76,83.11,32.650000000000006,8.349999999999994,8.349999999999994,7.213199723565994,False,,,,,,,,,1,⚠️ WEAK
BH,True,False,False,Unknown,False,True,False,False,308893.62805,False,52.08,58.62,29,60.0,100.0,2,0.0,0.0,0,0,2025-06-30,292.21,195.05,97.15999999999997,35.0,35.0,11.97768727969611,False,,,,,,,,,2,⚠️ WEAK
BK,True,False,False,Banks,False,True,False,False,1330168.33795,False,56.52,45.45,11,60.0,0.0,0,0.0,0.0,0,0,2025-06-30,90.63,69.65,20.97999999999999,18.900000000000006,18.900000000000006,20.854021847070513,False,,,,,,,,,2,⚠️ WEAK
BKE,False,False,False,Unknown,False,True,True,False,113587.466475,False,54.35,40.91,22,45.45,33.33,6,100.0,0.0,1,0,2025-06-30,45.02,32.55,12.470000000000006,14.769999999999996,14.769999999999996,32.807641048422916,False,,,,,,,,,2,⚠️ WEAK
BKNG,True,False,False,ConsumerDiscretionary,False,True,True,False,1614850.948845,False,58.33,50.0,14,100.0,0.0,0,0.0,0.0,0,0,2024-09-30,4182.12,3150.05,1032.0699999999997,1365.88,1365.88,32.65999062676347,False,,,,,,,,,3,⚠️ WEAK
BLX,False,False,False,Banks,False,True,True,False,31796.000224999996,False,51.85,61.54,13,100.0,100.0,1,0.0,0.0,0,0,2025-06-30,39.75,30.24,9.510000000000002,6.950000000000003,6.950000000000003,17.484276729559756,False,,,,,,,,,2,⚠️ WEAK
BMBL,False,False,False,Unknown,True,True,False,False,146405.816035,False,73.44,70.59,51,71.43,59.26,27,66.67,63.64,18,11,,,,,,,,,2023-09-30,14.92,21.06,6.139999999999999,-8.64,8.64,57.9088471849866,False,3,⚠️ WEAK
BPOP,False,False,False,Unknown,False,True,False,False,261853.618805,False,59.52,57.14,21,50.0,50.0,4,50.0,0.0,2,0,2025-06-30,109.55,77.23,32.31999999999999,18.489999999999995,18.489999999999995,16.87813783660429,False,,,,,,,,,1,⚠️ WEAK
BR,False,True,False,Unknown,False,True,False,False,518717.246345,False,37.04,62.5,8,0.0,0.0,0,0.0,0.0,0,0,2024-06-30,199.52,183.93,15.590000000000003,36.47999999999999,36.47999999999999,18.28388131515637,False,,,,,,,,,2,⚠️ WEAK
BSET,False,False,False,Unknown,False,True,False,False,1450.313965,False,54.72,50.0,30,42.86,33.33,6,0.0,0.0,2,0,2023-06-30,15.68,11.88,3.799999999999999,0.120000000000001,0.120000000000001,0.765306122448986,True,,,,,,,,,1,⚠️ WEAK
BTMD,False,True,False,Unknown,True,True,False,False,3117.52165,False,84.38,83.02,53,81.4,80.65,31,70.0,71.43,20,14,,,,,,,,,2023-09-30,5.12,8.22,3.1000000000000005,-2.13,2.13,41.60156249999999,False,4,⚠️ WEAK
BVS,False,False,True,Unknown,False,True,False,False,10801.405875,False,86.67,84.78,46,82.05,84.62,26,85.0,94.12,20,17,2024-06-30,5.75,3.9,1.85,0.9100000000000001,0.9100000000000001,15.826086956521742,False,2024-12-31,10.5,14.38,3.880000000000001,-3.84,3.84,36.57142857142857,False,2,⚠️ WEAK
BWA,False,False,False,Industrials,False,True,True,False,483795.24134,False,46.94,53.85,26,50.0,100.0,1,0.0,0.0,0,0,2024-09-30,35.78,30.53,5.25,8.259999999999998,8.259999999999998,23.085522638345438,False,,,,,,,,,2,⚠️ WEAK
BY,False,False,False,Unknown,False,True,False,False,22196.587154999997,False,48.94,45.83,24,66.67,40.0,5,0.0,0.0,1,0,2025-06-30,26.63,22.46,4.169999999999998,1.7200000000000024,1.7200000000000024,6.458880961321826,False,,,,,,,,,1,⚠️ WEAK
BYD,True,False,False,ConsumerDiscretionary,False,True,True,False,290311.792535,False,48.65,47.37,19,37.5,60.0,5,0.0,0.0,0,0,2025-06-30,78.06,58.67,19.39,7.8799999999999955,7.8799999999999955,10.094798872662048,False,,,,,,,,,3,⚠️ WEAK
C,True,False,False,Unknown,False,True,False,False,7991785.882024999,True,50.0,65.0,20,66.67,66.67,3,0.0,100.0,1,1,2025-06-30,84.56,54.71,29.85,18.86,18.86,22.303689687795647,False,,,,,,,,,2,⚠️ WEAK
CASH,False,False,False,Unknown,False,True,True,False,46406.000465000005,False,54.0,40.91,22,33.33,0.0,2,0.0,0.0,0,0,2023-12-31,52.65,41.53,11.119999999999997,23.390000000000008,23.390000000000008,44.425451092117775,False,,,,,,,,,2,⚠️ WEAK
CASS,False,False,False,Unknown,False,True,False,False,6991.440595,False,45.65,50.0,24,50.0,50.0,2,0.0,0.0,1,0,2023-06-30,40.35,32.65,7.700000000000003,0.03999999999999915,0.03999999999999915,0.09913258983890742,True,2024-03-31,42.54,47.86,5.32,-2.1499999999999986,2.1499999999999986,5.054066760695813,False,1,⚠️ WEAK
CBL,False,False,False,REITETF,False,True,False,False,15564.216915,False,48.94,73.33,15,50.0,66.67,3,0.0,0.0,1,0,2025-06-30,25.75,20.47,5.280000000000001,4.539999999999999,4.539999999999999,17.631067961165044,False,,,,,,,,,1,⚠️ WEAK
CCBG,False,False,False,Unknown,False,True,False,False,7697.415609999999,False,52.08,50.0,22,66.67,50.0,2,0.0,0.0,0,0,2025-06-30,39.11,31.98,7.129999999999999,3.509999999999998,3.509999999999998,8.974686780874453,False,,,,,,,,,1,⚠️ WEAK
CCK,True,False,False,Unknown,False,True,True,False,626045.597405,False,46.34,57.89,19,57.14,50.0,2,0.0,0.0,0,0,2024-09-30,94.85,69.88,24.97,2.219999999999999,2.219999999999999,2.3405376910911957,True,,,,,,,,,3,⚠️ WEAK
CCSI,False,False,False,Unknown,False,True,False,False,11915.747744999999,False,77.59,76.6,47,82.05,76.0,25,72.22,75.0,18,12,2025-06-30,23.06,17.84,5.219999999999999,6.330000000000002,6.330000000000002,27.450130095403306,False,2022-12-31,47.71,65.68,17.970000000000006,-18.32,18.32,38.398658562146295,False,1,⚠️ WEAK
CDNS,False,False,False,Unknown,False,True,False,False,2753972.67749,False,63.27,60.0,15,57.14,66.67,6,0.0,0.0,1,0,2025-06-30,308.15,221.56,86.58999999999997,41.960000000000036,41.960000000000036,13.616745091676144,False,,,,,,,,,1,⚠️ WEAK
CF,True,False,False,Unknown,False,True,False,False,1015835.987595,False,58.0,50.0,30,60.0,62.5,8,100.0,0.0,1,0,2025-06-30,91.46,66.56,24.89999999999999,0.6700000000000017,0.6700000000000017,0.7325606822654732,True,,,,,,,,,2,⚠️ WEAK
CI,False,False,False,Unknown,False,True,False,False,1585100.99877,False,40.91,47.62,21,66.67,50.0,2,0.0,0.0,0,0,2023-06-30,269.55,229.94,39.610000000000014,16.620000000000005,16.620000000000005,6.165831942125767,False,2024-03-31,292.08,356.01,63.93000000000001,-5.909999999999968,5.909999999999968,2.023418241577639,True,1,⚠️ WEAK
CMCSA,False,True,False,Unknown,True,True,False,False,4823187.389445,True,34.88,31.25,16,50.0,100.0,1,0.0,0.0,0,0,,,,,,,,,2024-12-31,36.55,44.12,7.57,-4.829999999999998,4.829999999999998,13.214774281805742,False,3,⚠️ WEAK
CMRE,False,False,False,Unknown,False,True,True,False,34481.027875,False,58.7,50.0,32,35.0,40.0,5,0.0,0.0,1,0,2025-06-30,9.0,5.84,3.16,3.5,3.5,38.88888888888889,False,,,,,,,,,2,⚠️ WEAK
CNXN,False,False,False,Unknown,False,True,False,False,14955.025280000002,False,53.06,57.14,21,55.56,0.0,0,0.0,0.0,0,0,2023-06-30,44.4,37.1,7.299999999999997,17.690000000000005,17.690000000000005,39.84234234234235,False,2024-09-30,63.72,76.55,12.829999999999998,-1.6299999999999955,1.6299999999999955,2.5580665411173817,True,1,⚠️ WEAK
COLL,False,False,False,Unknown,False,True,False,False,77742.69563999999,False,64.44,60.71,28,50.0,66.67,6,0.0,100.0,1,1,2025-06-30,29.85,23.23,6.620000000000001,4.559999999999995,4.559999999999995,15.27638190954772,False,,,,,,,,,1,⚠️ WEAK
COR,True,False,False,HealthcareDistributors,False,True,False,False,1546212.40339,False,44.12,40.0,5,0.0,0.0,0,0.0,0.0,0,0,2024-12-31,223.33,216.84,6.490000000000009,83.66999999999999,83.66999999999999,37.46473827967581,False,,,,,,,,,2,⚠️ WEAK
CRC,False,False,False,Unknown,False,True,False,False,305350.18995499995,False,52.0,58.06,31,76.47,83.33,6,66.67,100.0,3,1,2024-09-30,51.18,41.39,9.79,5.259999999999998,5.259999999999998,10.277452129738176,False,,,,,,,,,1,⚠️ WEAK
CRSR,False,False,False,Unknown,True,True,False,False,30488.22914,False,63.93,56.82,44,74.07,68.75,16,75.0,71.43,8,7,,,,,,,,,2023-06-30,17.74,20.72,2.9800000000000004,-9.269999999999998,9.269999999999998,52.25479143179255,False,2,⚠️ WEAK
CRVL,False,True,False,Unknown,False,True,False,False,54351.903405000005,False,55.1,60.0,30,44.44,0.0,1,0.0,0.0,0,0,2022-12-31,48.44,45.27,3.1699999999999946,30.200000000000003,30.200000000000003,62.34516928158548,False,2025-03-31,111.84,128.61,16.77000000000001,-33.2,33.2,29.685264663805437,False,2,⚠️ WEAK
CSCO,False,False,False,Unknown,False,True,True,False,6997571.9359,True,31.43,37.5,8,100.0,0.0,0,0.0,0.0,0,0,2024-09-30,51.8,43.31,8.489999999999995,15.420000000000002,15.420000000000002,29.768339768339775,False,,,,,,,,,2,⚠️ WEAK
CSGS,False,False,False,Tech,False,True,True,False,38722.950235000004,False,38.64,30.43,23,16.67,0.0,1,0.0,0.0,0,0,2023-06-30,50.66,44.44,6.219999999999999,14.5,14.5,28.62218712988551,False,,,,,,,,,2,⚠️ WEAK
CSV,True,False,False,Unknown,False,True,False,False,20091.50363,False,62.16,58.33,24,75.0,83.33,6,100.0,66.67,5,3,2023-06-30,31.44,24.64,6.800000000000001,13.669999999999998,13.669999999999998,43.4796437659033,False,,,,,,,,,2,⚠️ WEAK
CTEV,False,True,False,Unknown,False,True,False,False,26251.158155,False,85.94,78.95,57,78.0,81.63,49,81.4,81.08,43,37,2024-12-31,14.78,4.8,9.98,36.67,36.67,248.10554803788904,False,,,,,,,,,3,⚠️ WEAK
CTVA,False,False,False,Materials,False,True,False,False,1549631.871105,False,40.82,55.0,20,50.0,0.0,0,0.0,0.0,0,0,2023-12-31,49.8,42.25,7.549999999999997,18.290000000000006,18.290000000000006,36.726907630522106,False,,,,,,,,,1,⚠️ WEAK
CVS,False,False,False,HealthcareProviders,False,True,False,False,3012291.784525,True,50.0,48.48,33,50.0,57.14,7,40.0,0.0,5,1,2024-06-30,74.66,49.89,24.769999999999996,1.1099999999999994,1.1099999999999994,1.4867398874899538,True,2022-12-31,83.78,94.24,10.459999999999994,-8.010000000000005,8.010000000000005,9.56075435664837,False,1,⚠️ WEAK
DCI,False,False,False,Unknown,False,True,True,False,195166.26105000003,False,20.0,60.0,5,100.0,0.0,0,0.0,0.0,0,0,2025-06-30,69.06,56.96,12.100000000000001,11.959999999999994,11.959999999999994,17.318273964668396,False,,,,,,,,,2,⚠️ WEAK
DD,False,False,False,Materials,False,True,False,False,1141065.27023,False,40.91,52.94,17,66.67,66.67,3,50.0,100.0,2,1,2024-03-31,74.4,59.01,15.390000000000008,1.7800000000000011,1.7800000000000011,2.3924731182795713,True,2024-09-30,78.45,88.2,9.75,-2.269999999999996,2.269999999999996,2.8935627788400207,True,1,⚠️ WEAK
DDS,True,False,False,ConsumerDiscretionary,False,True,True,False,173858.832135,False,71.7,65.52,29,47.06,14.29,7,42.86,100.0,7,2,2025-06-30,417.83,282.07,135.76,205.93,205.93,49.28559461982146,False,,,,,,,,,3,⚠️ WEAK
DH,False,False,False,Unknown,True,True,False,False,7111.423145000003,False,70.97,75.0,52,71.79,61.54,26,57.14,66.67,21,15,2025-06-30,3.9,2.15,1.75,0.08000000000000007,0.08000000000000007,2.051282051282053,True,2023-09-30,7.99,12.46,4.470000000000001,-4.01,4.01,50.187734668335416,False,3,⚠️ WEAK
DLX,False,False,False,Unknown,False,True,True,False,24479.370974999998,False,59.62,51.72,29,47.06,20.0,10,25.0,33.33,4,3,2023-12-31,19.29,14.16,5.129999999999999,0.25,0.25,1.2960082944530846,True,,,,,,,,,2,⚠️ WEAK
DRI,False,True,False,Unknown,False,True,False,False,1425311.7794450002,False,40.62,22.22,9,0.0,0.0,0,0.0,0.0,0,0,2024-09-30,159.18,131.76,27.420000000000016,28.939999999999998,28.939999999999998,18.18067596431712,False,2025-06-30,204.04,226.68,22.640000000000015,-15.919999999999987,15.919999999999987,7.8023916879043265,False,2,⚠️ WEAK
DUK,True,False,False,Utilities,False,True,True,False,1322831.97031,False,27.59,25.0,4,0.0,0.0,0,0.0,0.0,0,0,2025-03-31,119.83,102.41,17.42,3.1899999999999977,3.1899999999999977,2.662104648251688,True,,,,,,,,,3,⚠️ WEAK
DVAX,True,False,False,Unknown,True,True,True,False,108458.19826500001,False,57.69,65.62,32,68.75,66.67,6,100.0,100.0,3,1,,,,,,,,,2022-12-31,10.64,13.5,2.8599999999999994,-0.8600000000000012,0.8600000000000012,8.082706766917305,False,4,⚠️ WEAK
EBF,True,False,False,Unknown,False,True,True,False,10135.723815,False,21.05,42.86,7,100.0,0.0,0,0.0,0.0,0,0,2022-12-31,17.39,15.56,1.83,0.9699999999999989,0.9699999999999989,5.577918343875784,False,2024-09-30,18.47,21.96,3.490000000000002,-0.10999999999999943,0.10999999999999943,0.5955603681645881,True,3,⚠️ WEAK
ECL,False,False,False,Unknown,False,True,True,False,1535968.16382,False,39.29,50.0,6,100.0,0.0,0,0.0,0.0,0,0,2025-06-30,268.79,220.55,48.24000000000001,2.2099999999999795,2.2099999999999795,0.8222032069645372,True,,,,,,,,,2,⚠️ WEAK
EHAB,True,False,False,Unknown,True,True,False,False,16750.938025,False,72.58,61.22,49,63.64,78.95,19,70.0,50.0,10,6,2024-12-31,7.86,6.85,1.0100000000000007,0.2499999999999991,0.2499999999999991,3.1806615776081313,False,2025-06-30,8.76,10.91,2.1500000000000004,-0.6500000000000004,0.6500000000000004,7.420091324200917,False,3,⚠️ WEAK
ELMD,False,False,False,Unknown,False,True,True,False,12784.635255,False,74.55,70.59,34,75.0,60.0,10,60.0,0.0,5,2,2024-09-30,21.47,13.74,7.729999999999999,2.7200000000000024,2.7200000000000024,12.668840242198428,False,,,,,,,,,2,⚠️ WEAK
ENS,True,False,False,Unknown,False,True,False,False,140979.51979,False,51.06,58.33,24,55.56,100.0,3,0.0,0.0,0,0,2024-09-30,102.46,87.86,14.599999999999994,9.180000000000007,9.180000000000007,8.959593987897724,False,,,,,,,,,2,⚠️ WEAK
ENTA,False,False,True,Unknown,True,True,False,False,13753.069215,False,72.88,72.0,50,63.41,70.27,37,76.67,61.9,30,21,2025-06-30,7.56,4.09,3.4699999999999998,0.34000000000000075,0.34000000000000075,4.497354497354507,False,2024-06-30,12.97,17.8,4.83,-5.07,5.07,39.09020817270625,False,4,⚠️ WEAK
ESCA,True,False,False,Unknown,False,True,True,False,724.046945,False,68.97,64.86,37,61.9,63.64,11,83.33,0.0,6,1,2022-12-31,9.18,8.34,0.8399999999999999,3.6500000000000004,3.6500000000000004,39.760348583878,False,2024-12-31,13.62,16.5,2.880000000000001,-0.7899999999999991,0.7899999999999991,5.800293685756235,False,3,⚠️ WEAK
ETD,False,False,False,Unknown,False,True,False,False,29588.5527,False,58.18,53.57,28,42.86,0.0,0,0.0,0.0,0,0,2023-12-31,28.46,22.33,6.130000000000003,0.7699999999999996,0.7699999999999996,2.705551651440617,True,,,,,,,,,1,⚠️ WEAK
EVTC,True,False,False,Unknown,False,True,True,False,44297.895215000004,False,50.94,40.74,27,71.43,100.0,1,0.0,0.0,0,0,2024-09-30,33.7,28.56,5.140000000000004,0.4099999999999966,0.4099999999999966,1.2166172106824824,True,2023-09-30,36.0,41.51,5.509999999999998,-1.8900000000000006,1.8900000000000006,5.250000000000002,False,3,⚠️ WEAK
F,True,False,True,Unknown,False,True,False,False,5684582.55254,True,53.57,54.55,33,50.0,50.0,10,75.0,100.0,4,2,2024-09-30,11.68,8.82,2.8599999999999994,0.33000000000000007,0.33000000000000007,2.825342465753425,True,,,,,,,,,3,⚠️ WEAK
FBP,True,False,False,Unknown,False,True,False,False,92421.02369999999,False,54.35,42.86,21,36.36,0.0,4,0.0,0.0,0,0,2025-06-30,20.6633,16.1241,4.539200000000001,1.6767000000000003,1.6767000000000003,8.114386375845099,False,,,,,,,,,2,⚠️ WEAK
FET,False,False,False,Energy,False,True,False,False,20461.943919999998,False,68.97,61.36,44,68.0,58.33,12,50.0,66.67,8,6,2023-06-30,26.38,20.3,6.079999999999998,2.3900000000000006,2.3900000000000006,9.059893858984083,False,,,,,,,,,1,⚠️ WEAK
FFIV,False,False,False,Unknown,False,True,False,False,384560.276395,False,51.72,46.67,15,66.67,100.0,1,0.0,0.0,0,0,2025-06-30,294.32,227.04,67.28,30.55000000000001,30.55000000000001,10.37985865724382,False,,,,,,,,,1,⚠️ WEAK
FG,False,True,False,Unknown,False,True,False,False,25929.039860000008,False,76.79,72.22,36,73.68,54.55,11,80.0,100.0,5,1,2023-06-30,23.53,13.89,9.64,8.369999999999997,8.369999999999997,35.57161070973224,False,2024-03-31,39.19,46.81,7.6200000000000045,-7.289999999999999,7.289999999999999,18.60168410308752,False,2,⚠️ WEAK
FLXS,False,False,False,Unknown,False,True,True,False,6830.2815,False,70.59,74.29,35,68.0,57.14,14,40.0,33.33,5,3,2025-06-30,36.4,29.1,7.299999999999997,11.079999999999998,11.079999999999998,30.439560439560438,False,,,,,,,,,2,⚠️ WEAK
FSBW,False,False,True,Unknown,False,True,False,False,2424.10572,False,55.32,57.14,21,33.33,25.0,4,100.0,0.0,1,0,2025-06-30,38.88,33.93,4.950000000000003,1.75,1.75,4.501028806584362,False,,,,,,,,,2,⚠️ WEAK
FTDR,False,False,False,Unknown,False,True,True,False,167517.17717500002,False,59.46,55.0,20,57.14,75.0,4,66.67,66.67,3,3,2025-06-30,58.94,35.61,23.33,8.019999999999996,8.019999999999996,13.607058025110275,False,,,,,,,,,2,⚠️ WEAK
FUNC,False,False,True,Unknown,False,True,False,False,3620.2984750000005,False,45.95,50.0,20,45.45,50.0,6,40.0,50.0,5,2,2025-06-30,30.81,24.31,6.5,7.309999999999999,7.309999999999999,23.72606296656929,False,,,,,,,,,2,⚠️ WEAK
GCBC,False,False,False,Unknown,True,True,False,False,1224.7812549999999,False,68.85,68.89,45,69.44,66.67,18,44.44,40.0,9,5,,,,,,,,,2023-09-30,23.44,35.85,12.41,-0.5199999999999996,0.5199999999999996,2.2184300341296908,True,2,⚠️ WEAK
GCI,False,False,False,Unknown,False,True,False,False,32511.39466,False,86.76,79.55,44,81.82,78.26,23,76.47,71.43,17,14,2025-06-30,3.58,2.55,1.0300000000000002,0.6600000000000001,0.6600000000000001,18.435754189944138,False,2024-09-30,4.7,5.93,1.2299999999999995,-0.45999999999999996,0.45999999999999996,9.787234042553191,False,1,⚠️ WEAK
GENC,False,True,False,Unknown,False,True,False,False,3193.8227749999996,False,65.38,79.17,24,75.0,66.67,9,50.0,66.67,6,3,2025-06-30,14.0,10.8,3.1999999999999993,0.5899999999999999,0.5899999999999999,4.2142857142857135,False,2024-09-30,19.34,24.88,5.539999999999999,-4.75,4.75,24.560496380558426,False,2,⚠️ WEAK
GFF,False,False,False,Industrials,False,True,False,False,78203.851705,False,68.75,62.96,27,71.43,80.0,5,50.0,100.0,4,1,2025-06-30,72.2,63.61,8.590000000000003,3.3999999999999915,3.3999999999999915,4.709141274238215,False,,,,,,,,,1,⚠️ WEAK
GHC,False,False,False,Unknown,False,True,True,False,78850.50122,False,51.16,50.0,12,0.0,0.0,0,0.0,0.0,0,0,2024-09-30,815.14,676.05,139.09000000000003,369.65999999999997,369.65999999999997,45.34926515690556,False,,,,,,,,,2,⚠️ WEAK
GILD,False,False,False,Unknown,False,True,False,False,3112123.18162,True,41.46,30.77,13,33.33,0.0,0,0.0,0.0,0,0,2022-12-31,77.76,55.19,22.570000000000007,34.33999999999999,34.33999999999999,44.16152263374484,False,,,,,,,,,1,⚠️ WEAK
GM,True,False,False,Unknown,False,True,False,False,2286241.4876800003,False,62.22,63.33,30,61.11,60.0,5,0.0,0.0,0,0,2025-06-30,49.08,41.36,7.719999999999999,12.160000000000004,12.160000000000004,24.775876120619404,False,,,,,,,,,2,⚠️ WEAK
GRBK,False,False,False,Unknown,False,True,True,False,63712.59968,False,65.31,59.09,22,55.56,33.33,6,33.33,0.0,3,0,2025-06-30,62.88,50.57,12.310000000000002,9.369999999999997,9.369999999999997,14.901399491094141,False,,,,,,,,,2,⚠️ WEAK
GRC,True,False,False,Unknown,False,True,False,False,14236.091695000001,False,47.73,40.91,22,50.0,66.67,3,0.0,0.0,0,0,2024-06-30,38.66,29.59,9.069999999999997,7.270000000000003,7.270000000000003,18.804966373512684,False,,,,,,,,,2,⚠️ WEAK
GS,False,False,False,Unknown,False,True,False,False,4296126.58812,True,51.61,53.33,15,57.14,66.67,3,100.0,100.0,1,1,2025-06-30,703.98,434.87,269.11,98.52999999999997,98.52999999999997,13.996136253870844,False,,,,,,,,,1,⚠️ WEAK
GTX,True,False,False,Unknown,False,True,False,False,301161.62905,False,54.17,61.54,26,75.0,66.67,3,100.0,0.0,1,0,2025-06-30,10.46,6.94,3.5200000000000005,3.3099999999999987,3.3099999999999987,31.644359464627136,False,,,,,,,,,2,⚠️ WEAK
HAE,False,True,False,Unknown,True,True,False,False,300540.75226000004,False,54.55,50.0,32,50.0,33.33,9,40.0,25.0,5,4,,,,,,,,,2024-12-31,78.08,94.99,16.909999999999997,-29.909999999999997,29.909999999999997,38.306864754098356,False,3,⚠️ WEAK
HAS,False,False,False,Unknown,False,True,False,False,504499.53033499996,False,54.05,53.85,26,56.25,57.14,7,50.0,50.0,4,2,2025-06-30,73.17,48.07,25.1,2.4200000000000017,2.4200000000000017,3.3073664069974056,False,,,,,,,,,1,⚠️ WEAK
HBT,False,False,False,Unknown,False,True,True,False,2348.947305,False,42.86,40.91,22,57.14,0.0,1,0.0,0.0,1,0,2025-06-30,25.0,19.12,5.879999999999999,0.6400000000000006,0.6400000000000006,2.5600000000000023,True,,,,,,,,,2,⚠️ WEAK
HCKT,False,False,False,ITServices,True,True,False,False,22154.11533,False,34.88,33.33,24,30.0,50.0,4,0.0,0.0,0,0,,,,,,,,,2023-09-30,21.32,23.8,2.4800000000000004,-2.030000000000001,2.030000000000001,9.521575984990625,False,2,⚠️ WEAK
HCSG,False,False,False,Unknown,False,True,False,False,55295.202645,False,59.65,56.41,39,50.0,25.0,4,0.0,0.0,1,0,2025-06-30,15.03,9.12,5.91,1.33,1.33,8.84896872920825,False,,,,,,,,,1,⚠️ WEAK
HD,False,False,False,Unknown,False,True,True,False,6420340.523185,True,44.12,28.57,14,42.86,0.0,0,0.0,0.0,0,0,2024-06-30,367.83,312.18,55.64999999999998,42.25999999999999,42.25999999999999,11.489003072071336,False,,,,,,,,,2,⚠️ WEAK
HFFG,False,False,True,Unknown,True,True,False,False,1383.5041400000002,False,73.33,71.15,52,71.79,75.0,32,75.0,63.64,20,11,,,,,,,,,2025-03-31,3.25,4.93,1.6799999999999997,-0.4900000000000002,0.4900000000000002,15.076923076923082,False,4,⚠️ WEAK
HIG,False,False,False,Unknown,False,True,False,False,739810.5845700001,False,38.46,42.86,7,100.0,0.0,0,0.0,0.0,0,0,2025-03-31,122.75,103.64,19.11,10.360000000000014,10.360000000000014,8.4399185336049,False,,,,,,,,,1,⚠️ WEAK
HQY,True,False,False,Unknown,False,True,True,False,603202.704515,False,69.23,58.62,29,68.18,70.0,10,100.0,100.0,3,1,2024-09-30,86.5,65.01,21.489999999999995,10.030000000000001,10.030000000000001,11.595375722543354,False,,,,,,,,,3,⚠️ WEAK
HRMY,False,True,False,Unknown,True,True,False,False,179371.53031499998,False,70.18,66.67,39,80.0,75.0,16,77.78,100.0,9,5,,,,,,,,,2024-03-31,31.1,35.4,4.299999999999997,-3.59,3.59,11.543408360128616,False,3,⚠️ WEAK
HRTG,False,False,False,Unknown,False,True,False,False,82095.054615,False,82.81,82.98,47,80.0,72.73,22,68.75,70.0,16,10,2024-09-30,12.24,6.14,6.1000000000000005,12.62,12.62,103.10457516339868,False,,,,,,,,,1,⚠️ WEAK
HSII,False,False,False,Unknown,False,True,True,False,18032.804235,False,54.17,58.33,24,83.33,66.67,3,0.0,0.0,1,0,2025-06-30,45.62,36.63,8.989999999999995,4.0,4.0,8.768084173608068,False,,,,,,,,,2,⚠️ WEAK
HSTM,False,False,False,Unknown,False,True,True,False,24774.62502,False,40.0,50.0,14,80.0,66.67,3,0.0,0.0,0,0,2024-06-30,27.76,23.77,3.990000000000002,1.379999999999999,1.379999999999999,4.971181556195962,False,2025-03-31,31.83,34.13,2.3000000000000043,-2.6899999999999977,2.6899999999999977,8.451146716933703,False,2,⚠️ WEAK
HWBK,False,False,False,Unknown,False,True,True,False,766.9695450000002,False,38.64,50.0,26,36.36,28.57,7,100.0,0.0,3,0,2023-12-31,24.07,14.13,9.94,7.359999999999999,7.359999999999999,30.577482343165762,False,,,,,,,,,2,⚠️ WEAK
IAS,True,False,True,Unknown,False,True,False,False,325602.48614,False,62.0,63.64,33,50.0,53.33,15,40.0,33.33,10,9,2024-06-30,9.92,7.98,1.9399999999999995,0.3000000000000007,0.3000000000000007,3.0241935483871036,False,2024-12-31,10.44,13.62,3.1799999999999997,-0.21999999999999886,0.21999999999999886,2.1072796934865794,True,3,⚠️ WEAK
IBEX,False,False,False,Unknown,False,True,False,True,54436.40745499999,False,67.8,67.57,37,58.33,57.89,19,66.67,66.67,12,6,2023-09-30,21.29,11.44,9.85,19.72,19.72,92.62564584311883,False,,,,,,,,,2,⚠️ WEAK
IDT,False,False,False,Unknown,False,True,False,False,42528.61338,False,53.33,50.0,20,50.0,0.0,3,50.0,0.0,2,1,2024-09-30,38.05,33.69,4.359999999999999,24.520000000000003,24.520000000000003,64.44152431011828,False,,,,,,,,,1,⚠️ WEAK
III,True,False,False,Unknown,False,True,False,False,8884.919774650001,False,62.07,58.33,36,52.94,33.33,6,100.0,0.0,2,0,2022-12-31,4.1989,3.6882,0.5106999999999999,1.7710999999999997,1.7710999999999997,42.180094786729846,False,,,,,,,,,2,⚠️ WEAK
INCY,False,False,False,Unknown,False,True,False,False,627060.984135,False,42.55,53.57,28,30.77,33.33,3,100.0,0.0,1,0,2025-06-30,68.1,53.56,14.539999999999992,14.600000000000009,14.600000000000009,21.439060205580045,False,,,,,,,,,1,⚠️ WEAK
INDV,False,False,False,Unknown,False,True,False,False,269159.33345,False,70.27,68.75,32,68.18,82.35,17,81.82,83.33,11,6,2023-12-31,21.24,14.38,6.859999999999998,2.6800000000000033,2.6800000000000033,12.617702448210938,False,,,,,,,,,1,⚠️ WEAK
INNV,False,False,False,Unknown,True,True,False,False,1282.637155,False,79.66,78.85,52,74.42,74.29,35,80.0,83.33,25,18,2025-06-30,3.69,2.6,1.0899999999999999,1.1099999999999999,1.1099999999999999,30.081300813008127,False,2023-03-31,7.26,8.15,0.8900000000000006,-2.46,2.46,33.88429752066116,False,3,⚠️ WEAK
INSE,False,False,False,Unknown,True,True,True,False,4282.294954999999,False,70.0,71.74,46,66.67,81.25,16,77.78,83.33,9,6,2025-06-30,8.43,6.505,1.9249999999999998,0.6899999999999995,0.6899999999999995,8.185053380782913,False,2024-06-30,9.15,10.75,1.5999999999999996,-0.030000000000001137,0.030000000000001137,0.3278688524590288,True,3,⚠️ WEAK
IRMD,False,False,False,Unknown,False,True,False,False,10986.10191,False,62.75,65.0,20,33.33,50.0,2,0.0,0.0,0,0,2025-06-30,59.65,47.21,12.439999999999998,10.619999999999997,10.619999999999997,17.80385582564962,False,,,,,,,,,1,⚠️ WEAK
IT,True,False,False,Unknown,True,True,False,False,1876490.3403450001,False,45.45,36.84,19,44.44,71.43,7,60.0,33.33,5,3,,,,,,,,,2022-12-31,279.6,358.25,78.64999999999998,-15.510000000000048,15.510000000000048,5.547210300429201,False,3,⚠️ WEAK
JAKK,True,False,False,Unknown,True,True,False,False,7901.088829999999,False,69.64,62.5,48,58.62,57.89,19,50.0,66.67,16,9,2023-03-31,16.86,13.2,3.66,1.6900000000000013,1.6900000000000013,10.023724792408075,False,2025-03-31,24.04,34.55,10.509999999999998,-5.489999999999998,5.489999999999998,22.836938435940095,False,3,⚠️ WEAK
JBI,False,False,False,Unknown,False,True,False,False,38481.816485,False,63.64,71.43,35,66.67,66.67,9,88.89,83.33,9,6,2022-12-31,9.52,7.97,1.5499999999999998,0.5,0.5,5.2521008403361344,False,2024-03-31,13.93,15.86,1.9299999999999997,-3.91,3.91,28.068916008614504,False,1,⚠️ WEAK
JMSB,False,False,False,Unknown,False,True,True,False,1621.015025,False,72.22,68.42,38,67.86,66.67,12,62.5,50.0,8,2,2025-06-30,18.53,13.59,4.940000000000001,1.75,1.75,9.444144630329196,False,2022-12-31,23.61,28.7,5.09,-3.3299999999999983,3.3299999999999983,14.104193138500628,False,2,⚠️ WEAK
JNJ,False,False,False,Unknown,False,True,False,False,5964675.38891,True,10.71,0.0,10,0.0,0.0,0,0.0,0.0,0,0,2025-03-31,163.23,137.37,25.859999999999985,16.480000000000018,16.480000000000018,10.09618329963856,False,,,,,,,,,1,⚠️ WEAK
KAR,False,False,False,Unknown,False,True,False,False,136806.79744,False,50.0,58.82,17,57.14,100.0,1,0.0,0.0,0,0,2025-06-30,24.45,17.08,7.370000000000001,3.6400000000000006,3.6400000000000006,14.887525562372192,False,,,,,,,,,1,⚠️ WEAK
KELYA,False,False,False,Industrials,True,True,False,False,21595.50504,False,49.06,63.33,30,63.64,50.0,4,33.33,33.33,3,3,2025-06-30,13.1,10.68,2.42,0.040000000000000924,0.040000000000000924,0.30534351145038874,True,2023-06-30,15.82,18.67,2.8500000000000014,-2.6799999999999997,2.6799999999999997,16.940581542351453,False,2,⚠️ WEAK
KR,False,False,False,ConsumerStaples,False,True,False,False,2902887.2541500004,False,30.56,50.0,8,0.0,0.0,0,0.0,0.0,0,0,2023-12-31,44.01,40.52,3.489999999999995,21.449999999999996,21.449999999999996,48.7389229720518,False,,,,,,,,,1,⚠️ WEAK
LAUR,True,False,False,Unknown,False,True,False,False,163495.15840500002,False,51.11,66.67,12,50.0,66.67,3,100.0,0.0,1,0,,,,,,,,,,,,,,,,,2,⚠️ WEAK
LFST,False,False,False,Unknown,True,True,False,False,63303.32015,False,74.0,68.57,35,61.29,60.0,25,52.94,75.0,17,12,,,,,,,,,2024-03-31,6.17,9.2,3.0299999999999994,-0.75,0.75,12.155591572123177,False,2,⚠️ WEAK
LGND,False,False,False,Unknown,False,True,True,False,114456.23024499998,False,60.38,61.29,31,47.06,62.5,8,100.0,0.0,1,0,2025-06-30,113.68,93.58,20.10000000000001,56.03999999999999,56.03999999999999,49.29627023223082,False,,,,,,,,,2,⚠️ WEAK
LIVN,False,False,False,Unknown,False,True,False,False,147902.73646999997,False,52.94,70.97,31,70.0,50.0,10,25.0,100.0,4,1,2023-12-31,52.49,42.75,9.740000000000002,0.9499999999999957,0.9499999999999957,1.8098685463897801,True,2024-06-30,54.82,64.48,9.660000000000004,-1.3800000000000026,1.3800000000000026,2.5173294418095633,True,1,⚠️ WEAK
LKQ,False,True,False,Unknown,True,True,False,False,470411.53117000003,False,48.98,40.74,27,50.0,60.0,5,50.0,0.0,2,0,,,,,,,,,2025-03-31,35.95,43.77,7.82,-5.650000000000002,5.650000000000002,15.716272600834497,False,3,⚠️ WEAK
LMAT,False,False,False,Unknown,False,True,False,False,54408.08167,False,56.82,66.67,27,60.0,80.0,5,0.0,0.0,0,0,2025-06-30,83.19,71.1,12.090000000000003,1.0,1.0,1.2020675561966583,True,2024-12-31,91.5,108.82,17.319999999999993,-7.310000000000002,7.310000000000002,7.989071038251369,False,1,⚠️ WEAK
LOPE,True,False,False,Unknown,False,True,False,False,125513.131825,False,48.78,47.06,17,0.0,0.0,0,0.0,0.0,0,0,2024-12-31,163.8,130.69,33.110000000000014,53.139999999999986,53.139999999999986,32.44200244200243,False,,,,,,,,,2,⚠️ WEAK
LRN,False,False,False,Unknown,False,True,False,False,596860.6188149999,False,54.55,56.52,23,66.67,66.67,3,50.0,0.0,2,1,2024-12-31,103.93,63.25,40.68000000000001,44.43000000000001,44.43000000000001,42.7499278360435,False,,,,,,,,,1,⚠️ WEAK
LVS,False,False,False,Unknown,False,True,True,False,1614630.59645,False,54.17,48.15,27,56.25,60.0,5,50.0,100.0,2,2,2024-09-30,49.29,35.66,13.630000000000003,4.719999999999999,4.719999999999999,9.575978900385472,False,2023-06-30,55.61,62.87,7.259999999999998,-1.6000000000000014,1.6000000000000014,2.8771803632440234,True,2,⚠️ WEAK
M,False,False,False,Unknown,False,True,True,True,1682180.2428350002,False,81.36,77.55,49,77.78,74.07,27,73.68,72.73,19,11,2024-09-30,17.9,13.21,4.689999999999998,0.10000000000000142,0.10000000000000142,0.5586592178771029,True,2024-03-31,18.39,20.57,2.1799999999999997,-0.39000000000000057,0.39000000000000057,2.120717781402939,True,3,⚠️ WEAK
MA,False,False,False,Unknown,False,True,False,False,5547839.63112,True,25.93,100.0,3,100.0,0.0,0,0.0,0.0,0,0,2025-06-30,561.18,464.22,96.95999999999992,3.9500000000000455,3.9500000000000455,0.7038739798282272,True,,,,,,,,,1,⚠️ WEAK
MANH,False,False,False,Software,False,True,False,False,337078.74162999995,False,56.1,62.5,24,62.5,71.43,7,50.0,50.0,4,4,2025-06-30,197.47,140.81,56.66,14.090000000000003,14.090000000000003,7.135261052311745,False,2024-03-31,213.35,266.94,53.59,-1.789999999999992,1.789999999999992,0.8389969533630147,True,1,⚠️ WEAK
MAT,False,True,False,Unknown,True,True,False,False,303370.55324,False,52.83,53.12,32,71.43,60.0,5,50.0,100.0,2,2,,,,,,,,,2025-03-31,17.78,22.07,4.289999999999999,-0.8800000000000026,0.8800000000000026,4.949381327334097,False,3,⚠️ WEAK
MAX,False,False,False,Tech,False,True,False,False,49171.757815000004,False,75.0,73.81,42,67.74,72.73,22,77.78,68.75,18,16,2025-06-30,10.95,7.33,3.619999999999999,1.0899999999999999,1.0899999999999999,9.954337899543377,False,2024-06-30,13.17,25.78,12.610000000000001,-1.1300000000000008,1.1300000000000008,8.58010630220198,False,1,⚠️ WEAK
MCK,True,False,False,HealthcareDistributors,False,True,False,False,1738931.4628199998,False,34.48,36.36,11,33.33,0.0,1,0.0,0.0,0,0,2024-09-30,583.09,462.36,120.73000000000002,177.45999999999992,177.45999999999992,30.434409782366345,False,,,,,,,,,2,⚠️ WEAK
MCRI,False,False,False,Unknown,False,True,True,False,22628.906795,False,31.58,31.58,19,75.0,0.0,1,0.0,0.0,0,0,2025-06-30,86.19,69.54,16.64999999999999,18.36,18.36,21.301775147928996,False,,,,,,,,,2,⚠️ WEAK
MD,False,False,False,HealthcareProviders,False,True,True,False,56146.35544,False,71.93,73.68,38,60.0,66.67,15,66.67,50.0,6,2,2024-09-30,11.59,6.62,4.97,4.710000000000001,4.710000000000001,40.63848144952546,False,,,,,,,,,2,⚠️ WEAK
MDT,False,False,False,Unknown,False,True,False,False,3302120.1467549996,True,34.21,18.75,16,100.0,0.0,0,0.0,0.0,0,0,2024-09-30,87.16,72.97,14.189999999999998,7.060000000000002,7.060000000000002,8.100045892611291,False,,,,,,,,,1,⚠️ WEAK
MFIN,False,False,False,Unknown,False,True,False,False,2520.60432,False,68.89,74.07,27,61.11,50.0,10,57.14,50.0,7,2,2025-03-31,9.1068,7.4299,1.6768999999999998,1.3732000000000006,1.3732000000000006,15.078842183862614,False,,,,,,,,,1,⚠️ WEAK
MGEE,False,False,False,Utilities,False,True,True,False,31343.325735,False,38.46,45.45,11,66.67,0.0,0,0.0,0.0,0,0,2024-03-31,76.36,59.82,16.54,6.900000000000006,6.900000000000006,9.03614457831326,False,2024-12-31,89.68,107.08,17.39999999999999,-6.420000000000002,6.420000000000002,7.1587867975022315,False,2,⚠️ WEAK
MHO,False,False,False,Unknown,False,True,False,False,153170.33355,False,67.92,68.97,29,40.0,60.0,5,66.67,0.0,3,0,2023-12-31,137.74,74.79,62.95,7.97999999999999,7.97999999999999,5.793524030782626,False,,,,,,,,,1,⚠️ WEAK
MLI,False,False,False,Unknown,False,True,False,False,328305.67912999995,False,55.0,50.0,14,44.44,0.0,1,0.0,0.0,0,0,2025-06-30,79.27,66.45,12.819999999999993,22.13000000000001,22.13000000000001,27.917244859341505,False,,,,,,,,,1,⚠️ WEAK
MO,False,False,False,ConsumerStaples,False,True,False,False,2814152.9800750003,False,37.04,0.0,2,0.0,0.0,0,0.0,0.0,0,0,2023-12-31,35.92,33.39,2.530000000000001,29.789999999999992,29.789999999999992,82.93429844097993,False,,,,,,,,,1,⚠️ WEAK
MOV,False,False,False,Unknown,True,True,True,False,16360.78525,False,55.93,63.64,33,61.54,54.55,11,40.0,100.0,5,1,2025-06-30,15.74,12.02,3.7200000000000006,3.139999999999999,3.139999999999999,19.949174078780167,False,2023-03-31,23.18,30.05,6.870000000000001,-4.300000000000001,4.300000000000001,18.5504745470233,False,3,⚠️ WEAK
MPAA,False,False,False,Unknown,False,True,False,False,13052.744295,False,85.0,84.0,50,77.5,70.37,27,75.0,69.23,20,13,2023-12-31,9.34,6.54,2.8,7.27,7.27,77.8372591006424,False,,,,,,,,,2,⚠️ WEAK
MS,False,False,False,Unknown,False,True,False,False,3888191.396605,True,56.41,58.82,17,62.5,75.0,4,100.0,0.0,1,0,2025-06-30,139.89,92.93,46.95999999999998,20.220000000000027,20.220000000000027,14.454214025305617,False,,,,,,,,,1,⚠️ WEAK
MSI,False,False,False,Unknown,False,True,False,False,1389085.98675,False,33.33,25.0,4,100.0,0.0,0,0.0,0.0,0,0,2025-06-30,434.24,387.0,47.24000000000001,22.279999999999973,22.279999999999973,5.130803242446567,False,,,,,,,,,1,⚠️ WEAK
MTCH,False,False,False,Communications,False,True,False,False,747296.96968,False,64.91,67.57,37,68.0,50.0,14,50.0,100.0,4,3,2024-06-30,35.7,27.16,8.540000000000003,0.5399999999999991,0.5399999999999991,1.5126050420168042,True,2023-03-31,37.71,53.64,15.93,-1.4699999999999989,1.4699999999999989,3.898170246618931,False,1,⚠️ WEAK
MTG,False,False,False,Unknown,False,True,True,False,315803.37104,False,50.0,63.64,11,0.0,0.0,0,0.0,0.0,0,0,2025-06-30,27.6855,21.71,5.9755,1.0844999999999985,1.0844999999999985,3.917212981524619,False,,,,,,,,,2,⚠️ WEAK
MYE,True,False,False,Unknown,False,True,False,False,17788.706224999998,False,56.6,56.67,30,61.11,54.55,11,28.57,33.33,7,3,2025-06-30,14.37,8.9,5.469999999999999,2.33,2.33,16.214335421016006,False,2024-03-31,18.27,22.28,4.010000000000002,-1.5700000000000003,1.5700000000000003,8.593322386425836,False,2,⚠️ WEAK
NAGE,True,False,False,Tech,False,True,False,False,49804.677075000014,False,75.0,70.0,50,72.22,69.57,23,58.82,81.82,17,11,2022-12-31,1.68,1.16,0.52,8.08,8.08,480.9523809523809,False,,,,,,,,,2,⚠️ WEAK
NATH,False,False,False,Unknown,False,True,False,False,8413.826669999999,False,38.3,39.13,23,20.0,0.0,0,0.0,0.0,0,0,2025-03-31,95.5,74.08,21.42,13.510000000000005,13.510000000000005,14.146596858638748,False,,,,,,,,,1,⚠️ WEAK
NATR,False,False,False,ConsumerStaples,False,True,False,False,7565.83125,False,67.31,61.54,26,61.54,55.56,9,66.67,100.0,3,1,2024-09-30,15.04,10.8,4.239999999999998,0.8500000000000014,0.8500000000000014,5.651595744680861,False,2024-03-31,17.2,21.72,4.52,-1.3099999999999987,1.3099999999999987,7.616279069767434,False,1,⚠️ WEAK
NDSN,False,False,False,Unknown,False,True,False,False,196813.00362,False,41.67,29.41,17,45.45,66.67,3,0.0,0.0,0,0,2025-06-30,213.58,163.83,49.75,13.419999999999987,13.419999999999987,6.283359865155908,False,2024-06-30,227.84,273.75,45.91,-0.8400000000000034,0.8400000000000034,0.3686797752809004,True,1,⚠️ WEAK
NECB,False,False,False,Unknown,False,True,False,False,4576.55264,False,55.26,38.1,21,54.55,50.0,2,0.0,0.0,0,0,2023-12-31,16.8,13.19,3.610000000000001,4.07,4.07,24.226190476190474,False,2024-12-31,23.67,30.69,7.02,-2.8000000000000007,2.8000000000000007,11.82931981411069,False,1,⚠️ WEAK
NEU,False,False,False,Materials,False,True,True,False,161692.17807,False,42.86,28.57,7,50.0,0.0,0,0.0,0.0,0,0,2024-06-30,620.66,483.33,137.32999999999998,209.49,209.49,33.75277929945542,False,,,,,,,,,2,⚠️ WEAK
NFG,True,False,False,Utilities,False,True,False,False,182022.565505,False,29.03,33.33,9,0.0,0.0,0,0.0,0.0,0,0,2023-06-30,53.52,45.57,7.950000000000003,40.199999999999996,40.199999999999996,75.11210762331837,False,,,,,,,,,2,⚠️ WEAK
NFLX,False,False,False,Communications,False,True,False,False,12914892.371405,True,62.5,71.43,21,75.0,100.0,2,0.0,0.0,0,0,2023-12-31,486.88,344.73,142.14999999999998,723.7299999999999,723.7299999999999,148.64648373315805,False,,,,,,,,,1,⚠️ WEAK
NGVT,False,False,False,Materials,False,True,False,False,48461.924835,False,66.67,64.1,39,62.07,62.5,24,69.23,80.0,13,5,2023-12-31,47.36,36.66,10.700000000000003,7.75,7.75,16.36402027027027,False,2023-03-31,70.81,90.81,20.0,-15.700000000000003,15.700000000000003,22.1720096031634,False,1,⚠️ WEAK
NHC,True,False,False,Unknown,False,True,False,False,28527.27588,False,39.53,28.57,21,33.33,50.0,2,0.0,0.0,1,0,2025-06-30,107.01,88.61,18.400000000000006,19.39999999999999,19.39999999999999,18.129146808709457,False,,,,,,,,,2,⚠️ WEAK
NLOP,True,False,False,REITETF,False,True,True,False,15360.88967,False,59.26,66.67,9,60.0,0.0,0,0.0,0.0,0,0,,,,,,,,,,,,,,,,,3,⚠️ WEAK
NNI,False,False,False,Unknown,False,True,True,False,28303.230164999997,False,25.0,20.0,10,25.0,0.0,0,0.0,0.0,0,0,2025-06-30,120.84,97.69,23.150000000000006,5.299999999999997,5.299999999999997,4.385964912280699,False,,,,,,,,,2,⚠️ WEAK
NRC,False,False,False,HealthcareProviders,True,True,False,False,7900.776304999999,False,56.9,61.11,36,50.0,57.14,14,62.5,33.33,8,3,,,,,,,,,2023-03-31,34.46,44.02,9.560000000000002,-21.16,21.16,61.404526987811956,False,2,⚠️ WEAK
NVGS,False,False,False,Unknown,False,True,True,False,18740.445075000003,False,53.33,63.16,19,60.0,50.0,2,0.0,100.0,1,1,2025-06-30,14.11,10.48,3.629999999999999,1.9100000000000001,1.9100000000000001,13.536498936924168,False,,,,,,,,,2,⚠️ WEAK
NXST,False,False,False,Unknown,False,True,False,False,213803.19166,False,57.41,58.06,31,73.33,60.0,5,50.0,0.0,2,0,2025-06-30,175.34,138.93,36.41,22.460000000000008,22.460000000000008,12.809398882171784,False,,,,,,,,,1,⚠️ WEAK
OC,False,False,False,Unknown,False,True,False,False,702635.839345,False,63.64,60.87,23,55.56,60.0,5,50.0,0.0,2,0,2025-06-30,142.06,122.79,19.269999999999996,1.0600000000000023,1.0600000000000023,0.7461635928480939,True,2024-12-31,168.0,211.6,43.599999999999994,-24.879999999999995,24.879999999999995,14.809523809523807,False,1,⚠️ WEAK
ODP,True,False,False,Unknown,True,True,False,True,191496.499105,False,61.11,63.64,44,64.52,64.0,25,63.16,75.0,19,16,2025-06-30,18.13,11.845,6.284999999999998,9.850000000000001,9.850000000000001,54.32984004412577,False,2023-03-31,44.98,53.59,8.610000000000007,-16.999999999999996,16.999999999999996,37.7945753668297,False,4,⚠️ WEAK
OFG,True,False,False,Unknown,False,True,True,False,23910.611705,False,52.08,52.63,19,71.43,50.0,2,0.0,0.0,0,0,2025-06-30,42.8,32.92,9.879999999999995,1.8800000000000026,1.8800000000000026,4.392523364485988,False,,,,,,,,,3,⚠️ WEAK
OIS,True,False,False,Unknown,False,True,False,False,16369.261630000003,False,84.13,75.51,49,75.68,72.22,18,72.73,57.14,11,7,2025-06-30,5.36,3.075,2.285,0.8399999999999999,0.8399999999999999,15.671641791044772,False,2023-03-31,7.48,10.47,2.99,-1.2800000000000002,1.2800000000000002,17.112299465240643,False,2,⚠️ WEAK
OOMA,False,False,False,Unknown,False,True,True,False,12980.387700000001,False,60.0,60.47,43,62.96,54.55,11,50.0,0.0,4,1,2024-06-30,9.93,6.5,3.4299999999999997,2.5500000000000007,2.5500000000000007,25.67975830815711,False,2023-06-30,12.49,15.66,3.17,-0.009999999999999787,0.009999999999999787,0.08006405124099109,True,2,⚠️ WEAK
OPCH,False,False,False,Unknown,True,True,False,False,341607.47525,False,51.92,60.0,30,75.0,60.0,5,66.67,50.0,3,2,,,,,,,,,2022-12-31,30.09,35.87,5.779999999999998,-2.789999999999999,2.789999999999999,9.272183449651045,False,2,⚠️ WEAK
ORGO,False,False,True,Unknown,False,True,False,False,13896.927285000002,False,86.89,87.04,54,80.49,83.78,37,76.92,73.68,26,19,2023-12-31,4.09,1.96,2.13,0.009999999999999787,0.009999999999999787,0.24449877750610727,True,,,,,,,,,3,⚠️ WEAK
OSBC,False,False,False,Unknown,False,True,False,False,21277.08797,False,58.7,53.85,26,41.67,71.43,7,0.0,0.0,1,0,2022-12-31,15.44,12.39,3.049999999999999,2.17,2.17,14.05440414507772,False,,,,,,,,,1,⚠️ WEAK
OVLY,True,False,False,Unknown,False,True,False,False,2264.086675,False,63.04,62.5,24,81.82,0.0,0,0.0,0.0,0,0,2024-03-31,28.98,22.22,6.760000000000002,0.3000000000000007,0.3000000000000007,1.0351966873706029,True,,,,,,,,,2,⚠️ WEAK
OVV,True,False,False,Energy,False,True,False,False,706013.7980150001,False,71.19,64.1,39,77.27,80.0,10,75.0,100.0,4,2,2025-06-30,42.27,29.37,12.900000000000002,0.8999999999999986,0.8999999999999986,2.129169623846696,True,2022-12-31,44.66,54.42,9.760000000000005,-1.4899999999999949,1.4899999999999949,3.336318853560222,False,2,⚠️ WEAK
PAG,False,True,False,Unknown,False,True,False,False,109965.46543000001,False,53.33,70.0,20,75.0,0.0,0,0.0,0.0,0,0,2025-06-30,170.57,132.05,38.51999999999998,1.170000000000016,1.170000000000016,0.6859353930937538,True,,,,,,,,,2,⚠️ WEAK
PAHC,False,False,False,Unknown,False,True,True,False,70507.08727,False,66.04,70.0,30,70.0,71.43,7,75.0,100.0,4,2,2025-06-30,25.46,16.03,9.43,13.350000000000001,13.350000000000001,52.43519245875884,False,,,,,,,,,2,⚠️ WEAK
PAYO,False,False,False,Unknown,False,True,False,False,123246.58532,False,67.27,64.29,42,65.22,73.33,15,55.56,57.14,9,7,2023-06-30,6.27,4.02,2.25,0.0600000000000005,0.0600000000000005,0.9569377990430702,True,2024-12-31,7.57,11.29,3.719999999999999,-1.2400000000000002,1.2400000000000002,16.380449141347427,False,1,⚠️ WEAK
PBH,True,False,False,Unknown,False,True,False,False,181322.858635,False,36.36,28.57,21,0.0,0.0,1,0.0,0.0,0,0,2023-06-30,62.49,52.9,9.590000000000003,0.4799999999999969,0.4799999999999969,0.7681228996639412,True,2025-03-31,78.83,90.04,11.210000000000008,-15.86,15.86,20.11924394266142,False,2,⚠️ WEAK
PBYI,False,False,False,Biotech,False,True,False,False,17728.60482,False,79.03,75.93,54,69.23,60.71,28,72.73,60.0,22,15,2023-12-31,4.33,2.13,2.2,0.5099999999999998,0.5099999999999998,11.778290993071588,False,,,,,,,,,2,⚠️ WEAK
PCG,False,False,False,Utilities,True,True,False,False,2873112.999775,False,41.03,63.64,11,42.86,50.0,6,66.67,0.0,3,0,,,,,,,,,2023-12-31,15.94,18.2,2.26,-0.9699999999999989,0.9699999999999989,6.085319949811787,False,2,⚠️ WEAK
PEBK,False,False,False,Unknown,False,True,True,False,586.73916,False,52.17,62.07,29,45.45,60.0,5,50.0,50.0,4,4,2024-12-31,30.42,22.97,7.450000000000003,0.759999999999998,0.759999999999998,2.498356344510184,True,,,,,,,,,2,⚠️ WEAK
PEGA,False,False,False,Unknown,False,True,False,False,344799.03831999993,False,71.7,67.74,31,60.0,28.57,7,25.0,33.33,4,3,2025-06-30,54.1,29.82,24.28,4.559999999999995,4.559999999999995,8.428835489833633,False,,,,,,,,,1,⚠️ WEAK
PHM,False,False,False,Unknown,False,True,False,False,1236251.4319,False,53.66,55.56,18,66.67,66.67,3,0.0,0.0,0,0,2025-06-30,105.29,87.74,17.55000000000001,25.86,25.86,24.560737012061924,False,,,,,,,,,1,⚠️ WEAK
PLUS,False,False,False,Unknown,False,True,False,False,52749.64521999999,False,52.94,59.26,27,53.33,42.86,7,0.0,0.0,1,0,2023-06-30,56.11,41.57,14.54,15.519999999999996,15.519999999999996,27.659953662448757,False,2024-12-31,73.62,106.61,32.989999999999995,-1.990000000000009,1.990000000000009,2.7030698179842556,True,1,⚠️ WEAK
PLXS,True,False,False,Unknown,False,True,False,False,72508.045805,False,57.78,52.0,25,44.44,66.67,3,0.0,0.0,1,0,2025-06-30,135.31,103.43,31.879999999999995,7.960000000000008,7.960000000000008,5.882787672751466,False,,,,,,,,,2,⚠️ WEAK
PRDO,True,False,False,Unknown,False,True,False,False,66754.508305,False,43.75,33.33,21,28.57,0.0,0,0.0,0.0,0,0,2024-03-31,17.0569,15.5603,1.496599999999999,19.9431,19.9431,116.92101143818631,False,,,,,,,,,2,⚠️ WEAK
PRLB,False,False,False,Unknown,False,True,True,False,31605.0358,False,65.52,58.97,39,65.22,66.67,12,80.0,80.0,5,5,2025-06-30,40.04,29.58,10.46,10.36,10.36,25.874125874125873,False,,,,,,,,,2,⚠️ WEAK
PRVA,True,False,False,Unknown,False,True,True,False,87055.11666500001,False,75.86,75.0,44,78.26,88.89,9,100.0,100.0,3,2,2024-06-30,19.63,15.92,3.709999999999999,4.330000000000002,4.330000000000002,22.05807437595518,False,2023-06-30,26.11,30.15,4.039999999999999,-2.1499999999999986,2.1499999999999986,8.234392952891607,False,3,⚠️ WEAK
PTCT,False,False,False,Biotech,False,True,True,False,390280.03149,False,78.33,78.38,37,73.08,77.78,18,75.0,72.73,12,11,2025-06-30,50.78,35.95,14.829999999999998,8.21,8.21,16.167782591571488,False,,,,,,,,,2,⚠️ WEAK
QLYS,True,False,False,CybersecurityETF,False,True,True,False,129267.10441,False,50.0,48.39,31,52.63,71.43,7,0.0,0.0,0,0,2023-03-31,130.02,101.1,28.920000000000016,6.639999999999986,6.639999999999986,5.1069066297492585,False,2023-12-31,152.4,206.35,53.94999999999999,-15.740000000000009,15.740000000000009,10.328083989501318,False,3,⚠️ WEAK
RAMP,True,False,False,Unknown,False,True,False,False,75717.61026,False,67.27,55.56,36,45.0,58.33,12,83.33,100.0,6,2,2022-12-31,23.44,15.37,8.070000000000002,4.709999999999997,4.709999999999997,20.09385665529009,False,2024-03-31,34.5,42.66,8.159999999999997,-6.350000000000001,6.350000000000001,18.405797101449277,False,2,⚠️ WEAK
RBCAA,False,False,False,Unknown,False,True,False,False,3607.01209,False,57.14,63.64,22,75.0,0.0,0,0.0,0.0,0,0,2025-06-30,72.68,56.09,16.590000000000003,1.1499999999999915,1.1499999999999915,1.5822784810126462,True,,,,,,,,,1,⚠️ WEAK
RBKB,False,True,False,Unknown,False,True,False,False,339.361135,False,45.24,40.0,15,33.33,33.33,3,0.0,100.0,1,1,2025-06-30,11.73,9.31,2.42,0.10999999999999943,0.10999999999999943,0.9377664109121862,True,,,,,,,,,2,⚠️ WEAK
RGP,False,False,False,Unknown,True,True,True,False,9213.966895000001,False,50.82,57.5,40,59.26,53.33,15,100.0,100.0,4,1,,,,,,,,,2025-03-31,6.36,9.53,3.169999999999999,-1.2800000000000002,1.2800000000000002,20.125786163522015,False,3,⚠️ WEAK
RIGL,False,False,False,Unknown,False,True,False,False,150738.026305,False,81.54,80.77,52,80.85,75.0,36,69.23,75.0,26,16,2024-09-30,16.18,7.48,8.7,12.45,12.45,76.94684796044498,False,,,,,,,,,2,⚠️ WEAK
RRBI,False,False,False,Banks,False,True,False,False,4110.912995,False,46.0,39.29,28,42.86,0.0,0,0.0,0.0,0,0,2025-06-30,58.56,46.11,12.450000000000003,7.459999999999994,7.459999999999994,12.739071038251353,False,,,,,,,,,1,⚠️ WEAK
RS,False,True,False,Unknown,False,True,False,False,291067.38710999995,False,38.46,29.41,17,12.5,0.0,0,0.0,0.0,0,0,2024-12-31,283.39,253.8,29.589999999999975,0.5500000000000114,0.5500000000000114,0.19407883129256903,True,,,,,,,,,2,⚠️ WEAK
RSI,False,False,False,Unknown,False,True,True,False,170451.897265,False,80.36,72.22,36,76.19,60.0,15,70.0,62.5,10,8,2025-03-31,13.85,9.54,4.3100000000000005,7.869999999999999,7.869999999999999,56.82310469314079,False,,,,,,,,,2,⚠️ WEAK
RSVR,False,False,False,Unknown,False,True,True,False,2789.807965,False,64.15,58.62,29,50.0,50.0,4,0.0,0.0,0,0,2025-06-30,7.67,6.56,1.1100000000000003,0.20000000000000018,0.20000000000000018,2.60756192959583,True,2024-06-30,7.9,9.21,1.3100000000000005,-0.03000000000000025,0.03000000000000025,0.3797468354430411,True,2,⚠️ WEAK
SAMG,False,False,False,Unknown,False,True,True,False,2188.1602599999997,False,59.62,48.0,25,45.45,25.0,4,0.0,0.0,0,0,2024-06-30,14.66,12.94,1.7200000000000006,1.08,1.08,7.366984993178718,False,2024-12-31,16.12,18.48,2.3599999999999994,-0.3800000000000008,0.3800000000000008,2.357320099255588,True,2,⚠️ WEAK
SBC,False,True,False,Unknown,True,True,False,False,2162.683105,False,76.92,78.38,37,80.77,78.26,23,85.71,82.35,21,17,,,,,,,,,2023-03-31,10.27,10.88,0.6100000000000012,-6.0,6.0,58.422590068159685,False,3,⚠️ WEAK
SCSC,False,False,False,Unknown,False,True,True,False,47933.838025,False,61.11,59.38,32,50.0,50.0,4,33.33,50.0,3,2,2025-06-30,41.81,28.75,13.060000000000002,2.3900000000000006,2.3900000000000006,5.716335804831381,False,2024-12-31,47.45,53.9,6.449999999999996,-3.25,3.25,6.8493150684931505,False,2,⚠️ WEAK
SEMR,True,False,False,Unknown,True,True,False,False,43716.03831,False,73.77,71.7,53,65.0,65.0,20,66.67,60.0,12,5,,,,,,,,,2022-12-31,8.14,12.74,4.6,-0.7300000000000004,0.7300000000000004,8.968058968058973,False,4,⚠️ WEAK
SFD,False,False,False,ConsumerStaples,False,True,False,False,290050.495995,False,60.0,100.0,4,0.0,0.0,0,0.0,0.0,0,0,,,,,,,,,,,,,,,,,1,⚠️ WEAK
SFST,False,False,False,Unknown,False,True,True,False,2476.18329,False,55.32,47.06,34,42.11,60.0,10,71.43,50.0,7,2,2025-06-30,38.03,29.14,8.89,7.089999999999996,7.089999999999996,18.643176439652894,False,,,,,,,,,2,⚠️ WEAK
SGC,False,False,False,Unknown,False,True,False,False,2627.083595,False,65.38,53.12,32,57.14,57.14,14,58.33,77.78,12,9,2025-06-30,10.68,8.88,1.799999999999999,0.030000000000001137,0.030000000000001137,0.28089887640450506,True,2024-06-30,15.56,20.67,5.110000000000001,-4.85,4.85,31.16966580976863,False,1,⚠️ WEAK
SIGA,False,False,False,Unknown,False,True,True,False,27991.832779999997,False,73.77,70.0,50,74.36,69.23,26,85.71,57.14,14,7,2024-03-31,7.75,3.59,4.16,1.4100000000000001,1.4100000000000001,18.193548387096776,False,,,,,,,,,2,⚠️ WEAK
SIGI,True,False,False,Unknown,True,True,False,False,139590.28280500002,False,38.0,40.0,20,66.67,0.0,0,0.0,0.0,0,0,,,,,,,,,2024-12-31,91.44,102.14,10.700000000000003,-11.599999999999994,11.599999999999994,12.685914260717404,False,3,⚠️ WEAK
SMP,False,False,False,Unknown,False,True,True,False,20458.260985,False,44.19,33.33,27,33.33,28.57,7,33.33,100.0,3,1,2023-12-31,37.38,28.07,9.310000000000002,3.739999999999995,3.739999999999995,10.005350454788644,False,,,,,,,,,2,⚠️ WEAK
SNA,True,False,False,Unknown,False,True,False,False,292317.14647499996,False,42.11,28.57,7,0.0,0.0,0,0.0,0.0,0,0,2025-06-30,330.43,286.03,44.400000000000034,11.480000000000018,11.480000000000018,3.474260811669648,False,,,,,,,,,2,⚠️ WEAK
SPFI,False,False,False,Unknown,False,True,False,False,6286.79244,False,53.19,42.86,21,50.0,0.0,3,0.0,0.0,1,0,2025-06-30,35.89,29.75,6.140000000000001,3.3500000000000014,3.3500000000000014,9.334076344385627,False,,,,,,,,,1,⚠️ WEAK
SPOK,False,False,False,Communications,False,True,False,False,8966.710445,False,60.47,66.67,18,75.0,100.0,3,0.0,0.0,0,0,2025-06-30,17.38,13.06,4.3199999999999985,0.05000000000000071,0.05000000000000071,0.28768699654776014,True,,,,,,,,,1,⚠️ WEAK
SPOT,False,False,False,Unknown,False,True,False,False,3614520.9678350003,True,74.42,89.47,19,90.0,100.0,9,100.0,0.0,3,0,2022-12-31,87.5,69.28,18.22,629.03,629.03,718.8914285714286,False,,,,,,,,,1,⚠️ WEAK
SPT,True,False,False,Unknown,True,True,False,False,81717.19638000001,False,71.88,66.67,57,63.64,67.86,28,66.67,69.23,18,13,,,,,,,,,2023-03-31,57.88,74.07,16.18999999999999,-43.84,43.84,75.74291637871458,False,3,⚠️ WEAK
SSNC,False,False,False,Unknown,False,True,False,False,395003.860485,False,37.93,33.33,12,40.0,0.0,0,0.0,0.0,0,0,2025-06-30,82.86,69.17,13.689999999999998,5.010000000000005,5.010000000000005,6.046343229543815,False,,,,,,,,,1,⚠️ WEAK
STRT,False,False,False,Unknown,False,True,True,False,15277.569010000001,False,61.4,71.74,46,73.08,80.0,15,60.0,75.0,5,4,2025-06-30,62.21,31.57,30.64,4.68,4.68,7.522906285163157,False,,,,,,,,,2,⚠️ WEAK
STT,True,False,False,Unknown,False,True,True,False,767278.588535,False,46.15,47.06,17,33.33,50.0,4,0.0,0.0,0,0,2025-06-30,105.58,72.29,33.28999999999999,10.129999999999995,10.129999999999995,9.59462019321841,False,,,,,,,,,3,⚠️ WEAK
SUPN,False,False,False,Unknown,False,True,False,False,142241.31867,False,64.58,47.83,23,37.5,33.33,6,0.0,100.0,1,1,2022-12-31,35.67,30.0,5.670000000000002,11.36,11.36,31.847490888701984,False,,,,,,,,,1,⚠️ WEAK
SWX,False,False,True,Utilities,False,True,True,False,134482.476125,False,53.33,52.94,17,100.0,0.0,0,0.0,0.0,0,0,2025-06-30,73.81,63.6,10.21,4.319999999999993,4.319999999999993,5.852865465384085,False,,,,,,,,,3,⚠️ WEAK
SXC,True,False,False,Materials,False,True,False,False,35544.651375,False,49.02,57.14,28,55.56,42.86,7,33.33,0.0,3,1,2023-06-30,8.05,6.03,2.0200000000000005,0.14999999999999858,0.14999999999999858,1.8633540372670632,True,2024-12-31,8.23,12.3,4.07,-0.030000000000001137,0.030000000000001137,0.36452004860268694,True,2,⚠️ WEAK
SYF,False,False,False,Unknown,False,True,True,False,1009024.6773500001,False,62.79,64.0,25,53.85,62.5,8,33.33,100.0,3,1,2025-06-30,66.45,40.14,26.310000000000002,8.090000000000003,8.090000000000003,12.174567343867574,False,,,,,,,,,2,⚠️ WEAK
SYY,False,False,False,ConsumerStaples,False,True,True,False,1122361.404335,False,21.05,25.0,12,0.0,0.0,0,0.0,0.0,0,0,2024-09-30,75.96,67.11,8.849999999999994,5.980000000000004,5.980000000000004,7.872564507635603,False,,,,,,,,,2,⚠️ WEAK
T,False,False,False,Unknown,False,True,False,False,5842772.83333,True,43.33,40.0,10,50.0,0.0,1,0.0,0.0,0,0,2022-12-31,15.72,12.35,3.370000000000001,12.589999999999998,12.589999999999998,80.08905852417301,False,,,,,,,,,1,⚠️ WEAK
TALO,True,False,False,Energy,True,True,False,False,143243.393855,False,72.88,72.34,47,70.97,88.24,17,81.82,66.67,11,3,2025-06-30,9.69,6.22,3.4699999999999998,0.5500000000000007,0.5500000000000007,5.675954592363269,False,2023-09-30,13.74,17.59,3.8499999999999996,-3.5,3.5,25.47307132459971,False,3,⚠️ WEAK
TBPH,False,False,False,Unknown,False,True,True,False,35051.685985000004,False,64.71,62.5,32,64.29,33.33,6,66.67,0.0,3,0,2023-03-31,11.22,9.25,1.9700000000000006,2.8499999999999996,2.8499999999999996,25.401069518716575,False,,,,,,,,,2,⚠️ WEAK
TBRG,False,False,False,Unknown,False,True,False,False,11340.178660000001,False,59.26,62.5,40,60.0,58.82,17,62.5,60.0,8,5,2024-03-31,11.27,7.55,3.7199999999999998,9.219999999999999,9.219999999999999,81.810115350488,False,2022-12-31,27.22,32.91,5.689999999999998,-6.73,6.73,24.724467303453345,False,1,⚠️ WEAK
TCMD,False,False,False,Unknown,False,True,True,False,13697.894334999999,False,77.36,60.0,30,63.16,60.0,15,76.92,75.0,13,8,2025-06-30,13.13,8.6,4.530000000000001,0.6499999999999986,0.6499999999999986,4.95049504950494,False,2023-09-30,14.05,26.11,12.059999999999999,-0.27000000000000135,0.27000000000000135,1.9217081850533904,True,2,⚠️ WEAK
TDC,True,False,False,Unknown,True,True,False,False,92416.41232,False,56.36,48.28,29,36.84,42.86,14,50.0,0.0,4,2,,,,,,,,,2024-03-31,38.67,49.44,10.769999999999996,-16.48,16.48,42.6170157745022,False,3,⚠️ WEAK
TEL,False,False,False,Industrials,False,True,False,False,1448149.55042,False,39.47,22.22,9,33.33,100.0,1,0.0,0.0,0,0,2025-06-30,168.07,115.38,52.69,48.97,48.97,29.13666924495746,False,,,,,,,,,1,⚠️ WEAK
TENB,False,False,False,Unknown,True,True,True,False,192734.600095,False,66.1,55.26,38,58.82,85.71,7,100.0,0.0,1,0,,,,,,,,,2025-03-31,34.98,45.45,10.470000000000006,-5.319999999999997,5.319999999999997,15.208690680388786,False,3,⚠️ WEAK
THFF,False,False,False,Banks,False,True,False,False,10544.181134999999,False,52.0,54.55,22,50.0,0.0,2,0.0,0.0,0,0,2025-06-30,53.68,41.65,12.030000000000001,4.130000000000003,4.130000000000003,7.693740685543969,False,,,,,,,,,1,⚠️ WEAK
TIGO,False,False,False,Communications,False,True,False,False,303733.98078,False,64.44,66.67,18,71.43,0.0,0,0.0,0.0,0,0,2023-12-31,16.49,13.25,3.2399999999999984,31.74,31.74,192.48029108550637,False,,,,,,,,,1,⚠️ WEAK
TK,False,False,False,Unknown,False,True,True,False,24863.881105,False,67.92,56.25,32,50.0,60.0,5,0.0,0.0,0,0,2025-06-30,7.2536,4.9676,2.2859999999999996,1.216400000000001,1.216400000000001,16.76960405867433,False,,,,,,,,,2,⚠️ WEAK
TMUS,False,False,False,Communications,False,True,False,False,4530036.949785,True,37.93,33.33,9,50.0,0.0,0,0.0,0.0,0,0,2023-06-30,140.77,121.27,19.500000000000014,96.69999999999999,96.69999999999999,68.69361369610002,False,,,,,,,,,1,⚠️ WEAK
TNC,False,False,True,Unknown,False,True,True,False,29958.91081,False,38.64,36.36,22,28.57,100.0,2,0.0,0.0,0,0,2025-06-30,79.03,66.82,12.210000000000008,1.539999999999992,1.539999999999992,1.9486271036315221,True,2024-06-30,96.76,121.65,24.89,-16.190000000000012,16.190000000000012,16.73212071103763,False,3,⚠️ WEAK
TNK,False,False,False,Unknown,False,True,True,False,183095.81589499998,False,63.27,72.22,36,69.57,40.0,10,33.33,0.0,3,2,2025-06-30,41.49,32.28,9.21,10.879999999999995,10.879999999999995,26.223186309954194,False,2024-06-30,54.05,70.62,16.570000000000007,-1.6799999999999997,1.6799999999999997,3.108233117483811,False,2,⚠️ WEAK
TOL,False,True,False,Unknown,False,True,False,False,1222048.6473499998,False,54.76,55.56,18,54.55,40.0,5,50.0,0.0,4,0,2025-06-30,113.9,86.26,27.64,23.319999999999993,23.319999999999993,20.474100087796305,False,,,,,,,,,2,⚠️ WEAK
TRV,False,False,False,Unknown,False,True,True,False,955103.393265,False,44.12,50.0,6,0.0,0.0,0,0.0,0.0,0,0,2023-12-31,184.81,151.81,33.0,92.94999999999999,92.94999999999999,50.294897462258525,False,,,,,,,,,2,⚠️ WEAK
TSBK,False,False,False,Banks,False,True,True,False,5509.678890000001,False,51.92,40.91,22,25.0,0.0,4,0.0,0.0,1,0,2025-03-31,29.79,26.89,2.8999999999999986,4.410000000000004,4.410000000000004,14.803625377643517,False,,,,,,,,,2,⚠️ WEAK
TTC,False,True,False,Unknown,True,True,False,False,303307.65159,False,41.51,33.33,24,62.5,40.0,5,0.0,0.0,0,0,2025-06-30,72.21,62.0,10.209999999999994,4.180000000000007,4.180000000000007,5.788671929095703,False,2024-09-30,85.4,98.97,13.569999999999993,-9.010000000000005,9.010000000000005,10.550351288056211,False,3,⚠️ WEAK
UNTY,False,False,False,Unknown,False,True,False,False,4932.235415000001,False,48.98,54.17,24,50.0,0.0,1,0.0,0.0,0,0,2025-06-30,46.95,36.43,10.520000000000003,3.039999999999999,3.039999999999999,6.474973375931841,False,,,,,,,,,1,⚠️ WEAK
USCB,False,False,False,Unknown,False,True,False,False,2128.08521,False,51.85,51.85,27,63.64,25.0,4,0.0,0.0,1,1,2024-06-30,12.54,9.98,2.5599999999999987,4.960000000000001,4.960000000000001,39.553429027113246,False,,,,,,,,,1,⚠️ WEAK
UTMD,False,False,False,Unknown,True,True,True,False,1464.4804399999998,False,42.59,42.86,21,0.0,0.0,0,0.0,0.0,0,0,2025-06-30,56.64,50.73,5.910000000000004,6.170000000000002,6.170000000000002,10.893361581920907,False,2024-09-30,64.98,75.42,10.439999999999998,-2.1700000000000017,2.1700000000000017,3.339489073561098,False,3,⚠️ WEAK
UVE,True,False,False,Unknown,False,True,False,False,15051.38374,False,55.32,47.83,23,53.85,83.33,6,100.0,0.0,2,0,2024-12-31,21.39,15.96,5.43,4.719999999999999,4.719999999999999,22.066386161757826,False,,,,,,,,,2,⚠️ WEAK
VALU,True,False,False,Unknown,False,True,True,False,1154.849985,False,67.74,68.29,41,75.86,69.23,13,62.5,80.0,8,5,,,,,,,,,2022-12-31,41.24,73.56,32.32,-2.240000000000002,2.240000000000002,5.431619786614942,False,3,⚠️ WEAK
VICI,False,False,False,REITETF,False,True,False,False,1505627.0157249998,False,21.62,42.86,7,0.0,0.0,0,0.0,0.0,0,0,2025-03-31,31.74,26.86,4.879999999999999,0.7300000000000004,0.7300000000000004,2.2999369880277265,True,,,,,,,,,1,⚠️ WEAK
VNDA,True,False,True,Unknown,False,True,False,False,13628.288414999999,False,72.31,66.67,54,68.42,61.11,18,70.0,57.14,10,7,2025-06-30,4.72,3.8,0.9199999999999999,0.3799999999999999,0.3799999999999999,8.050847457627116,False,2022-12-31,7.39,11.05,3.660000000000001,-2.29,2.29,30.987821380243574,False,3,⚠️ WEAK
VNT,False,False,False,Unknown,False,True,False,False,144469.06262,False,40.54,43.75,16,50.0,50.0,6,100.0,100.0,1,1,2024-09-30,38.34,31.14,7.200000000000003,3.819999999999993,3.819999999999993,9.963484611371918,False,,,,,,,,,1,⚠️ WEAK
VZ,False,False,False,Unknown,False,True,True,False,4994239.378785,True,37.21,50.0,10,0.0,0.0,0,0.0,0.0,0,0,2023-12-31,33.64,26.88,6.760000000000002,9.969999999999999,9.969999999999999,29.63733650416171,False,,,,,,,,,2,⚠️ WEAK
WAB,True,False,False,Unknown,False,True,False,False,963971.40621,False,40.74,37.5,16,33.33,100.0,1,0.0,0.0,0,0,2023-12-31,125.79,97.69,28.10000000000001,70.87999999999998,70.87999999999998,56.34788138961759,False,,,,,,,,,2,⚠️ WEAK
WAY,False,True,False,HealthcareProviders,False,True,False,False,754857.775055,False,53.33,71.43,7,50.0,100.0,2,0.0,0.0,0,0,2024-09-30,27.89,20.26,7.629999999999999,9.670000000000002,9.670000000000002,34.67192542129796,False,,,,,,,,,2,⚠️ WEAK
WCC,False,False,False,Unknown,False,True,True,False,642924.734585,False,66.67,64.86,37,74.07,90.0,10,100.0,100.0,4,2,2025-06-30,184.82,124.62,60.19999999999999,28.960000000000008,28.960000000000008,15.669299859322589,False,,,,,,,,,2,⚠️ WEAK
WEYS,True,False,False,ConsumerDiscretionary,False,True,True,False,1593.839215,False,69.39,77.27,22,85.71,66.67,3,100.0,0.0,1,0,2024-06-30,28.79,24.41,4.379999999999999,1.4400000000000013,1.4400000000000013,5.001736714136857,False,2024-12-31,31.22,37.67,6.450000000000003,-0.9899999999999984,0.9899999999999984,3.1710442024343317,False,3,⚠️ WEAK
WRLD,True,False,False,Unknown,False,True,False,False,14678.544215000002,False,77.42,73.17,41,69.57,82.35,17,77.78,100.0,9,3,2025-06-30,165.12,104.99,60.13000000000001,19.310000000000002,19.310000000000002,11.694525193798452,False,,,,,,,,,2,⚠️ WEAK
WSBF,False,False,False,Unknown,False,True,False,False,5770.09381,False,46.94,40.0,25,42.86,60.0,5,0.0,0.0,0,0,2025-06-30,13.66,11.49,2.17,2.1899999999999995,2.1899999999999995,16.032210834553435,False,,,,,,,,,1,⚠️ WEAK
WTS,False,False,False,Unknown,False,True,False,False,119423.287825,False,52.5,50.0,16,66.67,0.0,0,0.0,0.0,0,0,2025-06-30,245.44,176.88,68.56,32.97000000000003,32.97000000000003,13.433018252933518,False,,,,,,,,,1,⚠️ WEAK
XPRO,False,False,False,Unknown,True,True,False,False,73240.619475,False,75.44,67.44,43,68.57,64.0,25,53.33,62.5,15,8,2025-06-30,9.88,6.695,3.1850000000000005,2.7799999999999994,2.7799999999999994,28.13765182186234,False,2024-09-30,17.17,24.5,7.329999999999998,-4.510000000000002,4.510000000000002,26.266744321490982,False,2,⚠️ WEAK
XRAY,False,True,False,Unknown,True,True,False,False,266027.883975,False,45.28,34.29,35,36.84,45.45,11,80.0,100.0,5,2,,,,,,,,,2024-03-31,31.44,35.44,3.9999999999999964,-18.94,18.94,60.24173027989822,False,3,⚠️ WEAK
ZM,False,False,False,Unknown,False,True,True,False,1262935.26897,False,55.17,46.88,32,56.25,80.0,5,100.0,0.0,1,0,2025-06-30,77.98,64.41,13.570000000000007,6.530000000000001,6.530000000000001,8.373942036419596,False,,,,,,,,,2,⚠️ WEAK
AMD,True,False,False,AIStock,False,True,True,False,49446503.114185,True,73.77,61.36,44,60.71,50.0,14,75.0,100.0,8,3,2023-12-31,147.41,93.11,54.3,12.050000000000011,12.050000000000011,8.17447934332814,False,2024-09-30,161.37,187.28,25.909999999999997,-1.9099999999999966,1.9099999999999966,1.1836152940447398,True,3,⚠️ WEAK
GOOGL,False,False,False,AIStock,False,True,False,False,50921666.362985,True,67.57,55.0,20,40.0,33.33,3,0.0,0.0,1,0,2024-09-30,182.11,146.56,35.55000000000001,64.42999999999998,64.42999999999998,35.37971555653176,False,,,,,,,,,1,⚠️ WEAK
AAPL,True,False,False,AIStock,False,True,False,False,83749922.227715,True,58.54,55.56,18,60.0,100.0,1,100.0,100.0,1,1,2025-06-30,219.22,168.8,50.41999999999999,36.24000000000001,36.24000000000001,16.531338381534535,False,,,,,,,,,2,⚠️ WEAK
META,False,False,False,AIStock,False,True,False,False,34545625.405455,True,71.43,83.33,18,75.0,100.0,5,100.0,100.0,3,1,2025-06-30,737.59,479.11,258.48,6.159999999999968,6.159999999999968,0.835152320394795,True,,,,,,,,,1,⚠️ WEAK
AMZN,False,True,False,AIStock,False,True,False,False,58295141.71053,True,62.5,65.0,20,69.23,60.0,5,66.67,0.0,3,0,2025-06-30,219.39,161.38,58.00999999999999,0.3900000000000148,0.3900000000000148,0.1777656228634007,True,,,,,,,,,2,⚠️ WEAK
TSLA,True,False,False,AIStock,False,True,False,True,250928503.4756,True,76.27,78.85,52,79.49,66.67,27,75.0,70.0,16,10,2025-06-30,317.66,214.25,103.41000000000003,122.73999999999995,122.73999999999995,38.63879619719195,False,,,,,,,,,4,⚠️ WEAK
AI,False,False,False,AIStock,True,True,False,False,1262203.758495,False,78.46,76.79,56,76.6,69.44,36,75.86,73.68,29,19,2022-12-31,12.6,10.16,2.4399999999999995,4.540000000000001,4.540000000000001,36.031746031746046,False,2024-12-31,24.2,45.08,20.88,-7.059999999999999,7.059999999999999,29.17355371900826,False,3,⚠️ WEAK
PLTR,False,False,False,AIStock,False,True,False,False,71084533.956765,True,84.21,79.49,39,78.12,76.47,17,90.91,100.0,11,5,2022-12-31,8.145,5.92,2.2249999999999996,169.42499999999998,169.42499999999998,2080.110497237569,False,,,,,,,,,1,⚠️ WEAK
SNOW,False,False,False,AIStock,False,True,True,False,7058085.193275,True,74.14,79.17,48,62.5,72.73,22,75.0,60.0,8,5,2025-06-30,223.77,120.1,103.67000000000002,0.8699999999999761,0.8699999999999761,0.3887920632792493,True,,,,,,,,,2,⚠️ WEAK
PATH,False,False,False,AIStock,True,True,False,False,1289612.15419,False,78.69,77.08,48,72.22,73.33,15,83.33,80.0,6,5,,,,,,,,,2024-12-31,12.71,15.93,3.219999999999999,-0.5,0.5,3.9339103068450036,False,2,⚠️ WEAK
CRWV,False,False,False,AIStock,False,True,False,False,26446876.09494,True,80.0,80.0,5,80.0,80.0,5,100.0,100.0,5,5,,,,,,,,,,,,,,,,,1,⚠️ WEAK
ROBO,False,False,False,AIETF,False,True,False,False,29381.27951,False,27.59,35.71,14,50.0,100.0,1,100.0,0.0,1,0,2025-06-30,59.78,43.17,16.61,5.489999999999995,5.489999999999995,9.183673469387745,False,,,,,,,,,1,⚠️ WEAK
BOTZ,False,False,False,AIETF,False,True,False,False,163322.12423500002,False,46.67,42.86,14,66.67,0.0,1,100.0,0.0,1,0,2025-06-30,32.65,23.75,8.899999999999999,2.200000000000003,2.200000000000003,6.738131699846869,False,,,,,,,,,1,⚠️ WEAK
THNQ,False,False,False,AIETF,False,True,False,False,12750.9814,False,61.11,64.29,14,60.0,0.0,1,100.0,0.0,1,0,2025-06-30,55.0,37.03,17.97,8.899999999999999,8.899999999999999,16.18181818181818,False,,,,,,,,,1,⚠️ WEAK
CRWD,True,False,False,CyberSecurityStock,False,True,False,False,7004438.525715001,True,83.33,75.0,32,70.59,72.73,11,70.0,66.67,10,9,2024-09-30,385.28,200.81,184.46999999999997,96.14000000000004,96.14000000000004,24.953280730897024,False,,,,,,,,,2,⚠️ WEAK
ZS,True,False,False,CyberSecurityStock,False,True,False,False,2460793.866255,False,71.7,75.0,40,78.26,64.29,14,81.82,50.0,11,4,2024-09-30,193.0,153.45,39.55000000000001,101.64999999999998,101.64999999999998,52.668393782383404,False,,,,,,,,,2,⚠️ WEAK
S,False,False,False,CyberSecurityStock,False,True,True,False,903502.5481799999,False,79.69,77.55,49,72.73,76.19,21,78.57,87.5,14,8,2023-06-30,16.11,12.43,3.6799999999999997,2.039999999999999,2.039999999999999,12.662942271880814,False,2024-12-31,22.2,29.29,7.09,-4.050000000000001,4.050000000000001,18.243243243243246,False,2,⚠️ WEAK
PANW,False,False,False,CyberSecurityStock,False,True,True,False,5465096.4943,True,66.0,66.67,27,62.5,57.14,7,60.0,100.0,5,1,2023-03-31,99.87,66.11,33.760000000000005,102.5,102.5,102.63342345048562,False,,,,,,,,,2,⚠️ WEAK
CHKP,True,False,False,CyberSecurityStock,False,True,False,False,612880.0300899999,False,33.33,38.46,13,40.0,50.0,2,0.0,0.0,0,0,2024-06-30,165.0,145.75,19.25,39.650000000000006,39.650000000000006,24.03030303030303,False,,,,,,,,,2,⚠️ WEAK
CYBR,False,False,False,CyberSecurityStock,False,True,True,False,1267176.566015,False,64.44,70.0,20,70.0,80.0,5,100.0,0.0,2,0,2025-06-30,406.88,288.63,118.25,73.57,73.57,18.08149823043649,False,,,,,,,,,2,⚠️ WEAK
CIBR,False,False,False,CyberSecurityETF,False,True,False,False,423061.9741950001,False,37.14,57.14,7,100.0,100.0,1,0.0,0.0,0,0,2025-06-30,75.58,54.95,20.629999999999995,0.23000000000000398,0.23000000000000398,0.30431331039958187,True,,,,,,,,,1,⚠️ WEAK
EA,True,False,True,GamingStock,False,True,False,False,2751127.66919,False,29.41,16.67,12,40.0,100.0,2,100.0,100.0,1,1,2025-03-31,146.8,114.77,32.030000000000015,46.54999999999998,46.54999999999998,31.70980926430516,False,,,,,,,,,3,⚠️ WEAK
TTWO,False,False,True,GamingStock,False,True,True,False,1514556.7486299998,False,59.09,64.29,14,83.33,100.0,3,100.0,0.0,1,0,2023-12-31,160.95,130.34,30.609999999999985,95.17000000000002,95.17000000000002,59.13016464740603,False,,,,,,,,,3,⚠️ WEAK
RBLX,False,False,False,GamingStock,False,True,True,False,4862521.603850001,True,79.25,75.0,40,80.77,78.57,14,80.0,66.67,10,6,2025-06-30,105.2,50.1,55.1,29.86,29.86,28.38403041825095,False,,,,,,,,,2,⚠️ WEAK
SONY,False,False,False,GamingStock,False,True,False,False,927945.407835,False,58.33,54.55,22,66.67,0.0,0,0.0,0.0,0,0,2023-09-30,17.36,15.23,2.129999999999999,12.420000000000002,12.420000000000002,71.54377880184333,False,,,,,,,,,1,⚠️ WEAK
NERD,False,False,True,GamingETF,False,True,False,False,1050.7064750000002,False,36.67,42.86,7,100.0,0.0,0,0.0,0.0,0,0,2025-06-30,26.68,17.85,8.829999999999998,1.2899999999999991,1.2899999999999991,4.835082458770612,False,,,,,,,,,2,⚠️ WEAK
GAMR,False,False,False,GamingETF,False,True,False,False,2019.013805,False,51.43,44.44,9,50.0,100.0,1,0.0,0.0,0,0,2025-06-30,85.04,56.93,28.110000000000007,10.61999999999999,10.61999999999999,12.488240827845708,False,,,,,,,,,1,⚠️ WEAK
NNXPF,False,False,False,Graphene,False,True,False,False,863.1229999999999,False,75.41,71.43,42,70.37,81.25,16,100.0,100.0,9,5,2023-12-31,1.89,1.38,0.51,0.15999999999999992,0.15999999999999992,8.465608465608462,False,2023-06-30,2.445,2.662,0.21700000000000008,-0.395,0.395,16.155419222903888,False,1,⚠️ WEAK
BSWGF,False,False,False,Graphene,False,True,True,False,580.90915345,False,91.53,92.86,56,92.45,94.12,51,90.48,97.22,42,36,2024-12-31,0.6,0.4,0.19999999999999996,0.35050000000000003,0.35050000000000003,58.41666666666667,False,,,,,,,,,4,⚠️ WEAK
ZTEK,False,False,False,Graphene,True,True,True,False,7220.118659350001,False,67.8,72.73,55,73.47,76.92,39,65.22,81.82,23,11,,,,,,,,,2024-03-31,1.07,1.59,0.52,-0.22340000000000004,0.22340000000000004,20.8785046728972,False,4,⚠️ WEAK
FGPHF,False,False,False,Graphene,False,True,False,True,324.37867065,False,100.0,100.0,2,100.0,100.0,1,100.0,0.0,1,0,,,,,,,,,,,,,,,,,2,⚠️ WEAK
GTI,True,False,False,Graphene,True,True,True,False,2160.6359050000015,False,91.89,91.89,37,88.24,90.91,33,90.91,84.38,33,32,,,,,,,,,2024-03-31,424.1915,824.9835,400.79200000000003,-420.4715,420.4715,99.12303759033361,False,4,⚠️ WEAK
CVV,True,False,False,GrapheneEquipment,True,True,False,False,848.0961249999998,False,74.6,72.88,59,70.21,64.71,34,69.57,66.67,23,12,2025-06-30,3.0712,2.46,0.6112000000000002,0.18879999999999963,0.18879999999999963,6.1474342276634415,False,2024-06-30,3.89,6.35,2.4599999999999995,-0.6300000000000003,0.6300000000000003,16.19537275064268,False,4,⚠️ WEAK
DMAT,True,False,False,GrapheneETF,False,True,False,False,1692.94686,False,56.6,44.12,34,50.0,100.0,2,0.0,0.0,0,0,2022-12-31,18.82,16.65,2.1700000000000017,4.5,4.5,23.910733262486715,False,,,,,,,,,2,⚠️ WEAK
SETM,True,False,False,GrapheneETF,False,True,False,False,13563.776999999998,False,67.39,67.74,31,69.23,75.0,4,100.0,0.0,1,0,2024-09-30,17.56,14.03,3.5299999999999994,7.120000000000001,7.120000000000001,40.54669703872438,False,,,,,,,,,2,⚠️ WEAK
GDX,True,False,False,MetalETF,False,True,False,True,13091893.927265,True,67.39,59.09,22,44.44,0.0,1,0.0,0.0,0,0,2023-12-31,30.65,24.91,5.739999999999998,44.03000000000001,44.03000000000001,143.65415986949432,False,,,,,,,,,3,⚠️ WEAK
GDXJ,True,False,False,MetalETF,False,True,False,True,3572423.6305149994,True,71.43,61.29,31,41.67,50.0,2,0.0,0.0,0,0,2023-12-31,36.96,29.48,7.48,59.24999999999999,59.24999999999999,160.30844155844153,False,,,,,,,,,3,⚠️ WEAK
PICK,True,False,False,MetalETF,False,True,False,False,59696.058535,False,34.78,32.0,25,33.33,100.0,1,0.0,0.0,0,0,2023-12-31,41.06,33.7,7.359999999999999,2.6199999999999974,2.6199999999999974,6.380905991232336,False,,,,,,,,,2,⚠️ WEAK
XME,True,False,False,MetalETF,False,True,False,False,1070175.284035,False,51.16,42.86,21,44.44,100.0,1,0.0,0.0,0,0,2025-06-30,67.15,45.78,21.370000000000005,25.049999999999997,25.049999999999997,37.30454206999255,False,,,,,,,,,2,⚠️ WEAK
URA,False,False,False,MetalETF,False,True,False,False,1674106.2109400001,False,66.67,63.33,30,64.29,50.0,8,100.0,100.0,3,1,2025-06-30,38.81,19.5,19.310000000000002,9.599999999999994,9.599999999999994,24.735892811131137,False,,,,,,,,,1,⚠️ WEAK
DBB,False,False,False,MetalETF,False,True,False,False,8992.97854,False,17.65,33.33,9,0.0,0.0,0,0.0,0.0,0,0,2025-06-30,19.37,17.12,2.25,0.8599999999999994,0.8599999999999994,4.439855446566853,False,,,,,,,,,1,⚠️ WEAK
REMX,True,False,False,MetalETF,False,True,False,False,288445.868565,False,60.0,51.35,37,55.56,57.14,14,75.0,0.0,4,0,2024-09-30,44.98,35.12,9.86,20.869999999999997,20.869999999999997,46.3983992885727,False,2022-12-31,74.28,97.06,22.78,-8.430000000000007,8.430000000000007,11.348949919224564,False,2,⚠️ WEAK
LTBR,True,False,False,Nuclear,False,True,False,True,287002.373795,False,94.12,92.42,66,90.0,87.27,55,90.91,91.43,44,35,2023-06-30,5.82,3.32,2.5000000000000004,15.620000000000001,15.620000000000001,268.3848797250859,False,,,,,,,,,5,🔎 WATCH
BWXT,True,False,False,Nuclear,False,True,False,False,806458.06705,False,48.48,70.59,17,42.86,100.0,3,0.0,0.0,0,0,2025-06-30,143.85,83.89,59.959999999999994,36.77000000000001,36.77000000000001,25.56134862704206,False,,,,,,,,,2,⚠️ WEAK
LEU,True,False,False,Nuclear,False,True,False,True,1999180.50038,False,90.48,89.29,56,89.36,84.85,33,89.66,78.95,29,19,2025-06-30,183.18,49.4001,133.7799,122.17000000000002,122.17000000000002,66.6939622229501,False,,,,,,,,,4,⚠️ WEAK
CCJ,True,False,False,Nuclear,False,True,False,False,2661720.70775,False,72.0,73.33,30,64.71,81.82,11,60.0,100.0,5,2,2025-06-30,74.23,35.0,39.230000000000004,11.349999999999994,11.349999999999994,15.290313889263093,False,,,,,,,,,2,⚠️ WEAK
CEG,False,False,False,Nuclear,False,True,False,False,2920783.97172,False,66.67,67.86,28,77.78,90.0,10,75.0,75.0,4,4,2025-06-30,322.37,161.02,161.35,8.889999999999986,8.889999999999986,2.7577007786084273,True,,,,,,,,,1,⚠️ WEAK
VST,False,False,False,Nuclear,False,True,False,False,4735663.674769999,True,80.43,85.19,27,88.24,90.91,11,85.71,80.0,7,5,2025-06-30,193.6,90.3,103.3,13.620000000000005,13.620000000000005,7.035123966942152,False,,,,,,,,,1,⚠️ WEAK
NLR,False,False,False,NuclearETF,False,True,False,False,566598.03778,False,51.43,70.59,17,33.33,0.0,2,100.0,0.0,1,0,2025-06-30,111.18,64.26,46.92,25.049999999999983,25.049999999999983,22.531030760928207,False,,,,,,,,,1,⚠️ WEAK
URNM,True,False,False,NuclearETF,False,True,False,False,333255.64113500004,False,70.59,66.67,36,59.09,54.55,11,50.0,0.0,4,0,2025-06-30,47.93,27.6,20.33,12.560000000000002,12.560000000000002,26.204882119757983,False,,,,,,,,,2,⚠️ WEAK
